election_year,round,office,municipality,neighborhood,zone,section,polling_place,candidate,votes,eligible,turnout,latitude,longitude,source
2024,1,Vereador,São Luís,CENTRO,1,86,U. I. SOTERO DOS REIS,TOTAL VOTOS NOMINAIS - VEREADOR,224,302,,-2.5357607,-44.2980083,TSE - Votacao por secao 2024 MA e Eleitorado local votacao 2024
2024,1,Vereador,São Luís,CENTRO,1,87,U. I. SOTERO DOS REIS,TOTAL VOTOS NOMINAIS - VEREADOR,221,295,,-2.5357607,-44.2980083,TSE - Votacao por secao 2024 MA e Eleitorado local votacao 2024
2024,1,Vereador,São Luís,CENTRO,1,88,U. I. SOTERO DOS REIS,TOTAL VOTOS NOMINAIS - VEREADOR,221,303,,-2.5357607,-44.2980083,TSE - Votacao por secao 2024 MA e Eleitorado local votacao 2024
2024,1,Vereador,São Luís,CENTRO,1,89,U. I. SOTERO DOS REIS,TOTAL VOTOS NOMINAIS - VEREADOR,238,303,,-2.5357607,-44.2980083,TSE - Votacao por secao 2024 MA e Eleitorado local votacao 2024
2024,1,Vereador,São Luís,CENTRO,1,90,U. I. SOTERO DOS REIS,TOTAL VOTOS NOMINAIS - VEREADOR,222,305,,-2.5357607,-44.2980083,TSE - Votacao por secao 2024 MA e Eleitorado local votacao 2024
2024,1,Vereador,São Luís,CENTRO,1,91,U. I. SOTERO DOS REIS,TOTAL VOTOS NOMINAIS - VEREADOR,220,303,,-2.5357607,-44.2980083,TSE - Votacao por secao 2024 MA e Eleitorado local votacao 2024
2024,1,Vereador,São Luís,CENTRO,1,92,U. I. SOTERO DOS REIS,TOTAL VOTOS NOMINAIS - VEREADOR,225,301,,-2.5357607,-44.2980083,TSE - Votacao por secao 2024 MA e Eleitorado local votacao 2024
2024,1,Vereador,São Luís,CENTRO,1,93,U. I. SOTERO DOS REIS,TOTAL VOTOS NOMINAIS - VEREADOR,235,299,,-2.5357607,-44.2980083,TSE - Votacao por secao 2024 MA e Eleitorado local votacao 2024
2024,1,Vereador,São Luís,CENTRO,1,94,U. I. SOTERO DOS REIS,TOTAL VOTOS NOMINAIS - VEREADOR,243,303,,-2.5357607,-44.2980083,TSE - Votacao por secao 2024 MA e Eleitorado local votacao 2024
2024,1,Vereador,São Luís,CENTRO,1,95,COLÉGIO SANTA TERESA,TOTAL VOTOS NOMINAIS - VEREADOR,162,280,,-2.5262449,-44.3028511,TSE - Votacao por secao 2024 MA e Eleitorado local votacao 2024
2024,1,Vereador,São Luís,CENTRO,1,96,COLÉGIO SANTA TERESA,TOTAL VOTOS NOMINAIS - VEREADOR,204,285,,-2.5262449,-44.3028511,TSE - Votacao por secao 2024 MA e Eleitorado local votacao 2024
2024,1,Vereador,São Luís,CENTRO,1,99,ESCOLA MODELO BENEDITO LEITE,TOTAL VOTOS NOMINAIS - VEREADOR,246,356,,-2.5268025,-44.2998789,TSE - Votacao por secao 2024 MA e Eleitorado local votacao 2024
2024,1,Vereador,São Luís,CENTRO,1,100,COLÉGIO SANTA TERESA,TOTAL VOTOS NOMINAIS - VEREADOR,198,285,,-2.5262449,-44.3028511,TSE - Votacao por secao 2024 MA e Eleitorado local votacao 2024
2024,1,Vereador,São Luís,CENTRO,1,102,COLÉGIO SANTA TERESA,TOTAL VOTOS NOMINAIS - VEREADOR,194,283,,-2.5262449,-44.3028511,TSE - Votacao por secao 2024 MA e Eleitorado local votacao 2024
2024,1,Vereador,São Luís,CENTRO,1,103,PREFEITURA MUNICIPAL DE SÃO LUÍS,TOTAL VOTOS NOMINAIS - VEREADOR,194,277,,-2.5275897,-44.3059385,TSE - Votacao por secao 2024 MA e Eleitorado local votacao 2024
2024,1,Vereador,São Luís,CENTRO,1,105,COLÉGIO SANTA TERESA,TOTAL VOTOS NOMINAIS - VEREADOR,178,281,,-2.5262449,-44.3028511,TSE - Votacao por secao 2024 MA e Eleitorado local votacao 2024
2024,1,Vereador,São Luís,CENTRO,1,107,COLÉGIO SANTA TERESA,TOTAL VOTOS NOMINAIS - VEREADOR,185,285,,-2.5262449,-44.3028511,TSE - Votacao por secao 2024 MA e Eleitorado local votacao 2024
2024,1,Vereador,São Luís,CENTRO,1,108,PREFEITURA MUNICIPAL DE SÃO LUÍS,TOTAL VOTOS NOMINAIS - VEREADOR,174,266,,-2.5275897,-44.3059385,TSE - Votacao por secao 2024 MA e Eleitorado local votacao 2024
2024,1,Vereador,São Luís,CENTRO,1,109,COLÉGIO HENRIQUE DE LA ROCQUE (CENTRO),TOTAL VOTOS NOMINAIS - VEREADOR,330,189,,-2.5323249,-44.2963054,TSE - Votacao por secao 2024 MA e Eleitorado local votacao 2024
2024,1,Vereador,São Luís,CENTRO,1,110,COLÉGIO HENRIQUE DE LA ROCQUE (CENTRO),TOTAL VOTOS NOMINAIS - VEREADOR,210,286,,-2.5323249,-44.2963054,TSE - Votacao por secao 2024 MA e Eleitorado local votacao 2024
2024,1,Vereador,São Luís,CENTRO,1,112,C. E. BERNARDO COELHO DE ALMEIDA (ANTIGO U. I. RAIMUNDO CORREA),TOTAL VOTOS NOMINAIS - VEREADOR,238,359,,-2.5261857,-44.296,TSE - Votacao por secao 2024 MA e Eleitorado local votacao 2024
2024,1,Vereador,São Luís,CENTRO,1,113,COLÉGIO HENRIQUE DE LA ROCQUE (CENTRO),TOTAL VOTOS NOMINAIS - VEREADOR,194,277,,-2.5323249,-44.2963054,TSE - Votacao por secao 2024 MA e Eleitorado local votacao 2024
2024,1,Vereador,São Luís,CENTRO,1,117,COLÉGIO SANTA TERESA,TOTAL VOTOS NOMINAIS - VEREADOR,182,285,,-2.5262449,-44.3028511,TSE - Votacao por secao 2024 MA e Eleitorado local votacao 2024
2024,1,Vereador,São Luís,CENTRO,1,119,COLÉGIO SANTA TERESA,TOTAL VOTOS NOMINAIS - VEREADOR,192,281,,-2.5262449,-44.3028511,TSE - Votacao por secao 2024 MA e Eleitorado local votacao 2024
2024,1,Vereador,São Luís,CENTRO,1,121,ESCOLA MODELO BENEDITO LEITE,TOTAL VOTOS NOMINAIS - VEREADOR,241,349,,-2.5268025,-44.2998789,TSE - Votacao por secao 2024 MA e Eleitorado local votacao 2024
2024,1,Vereador,São Luís,MADRE DEUS - ZONA URBANA,1,124,U. I. JOSÉ GIORCELLI COSTA,TOTAL VOTOS NOMINAIS - VEREADOR,272,356,,-2.5402488,-44.2977732,TSE - Votacao por secao 2024 MA e Eleitorado local votacao 2024
2024,1,Vereador,São Luís,MADRE DEUS - ZONA URBANA,1,125,U. I. JOSÉ GIORCELLI COSTA,TOTAL VOTOS NOMINAIS - VEREADOR,303,355,,-2.5402488,-44.2977732,TSE - Votacao por secao 2024 MA e Eleitorado local votacao 2024
2024,1,Vereador,São Luís,CENTRO,1,126,ESCOLA MODELO BENEDITO LEITE,TOTAL VOTOS NOMINAIS - VEREADOR,251,354,,-2.5268025,-44.2998789,TSE - Votacao por secao 2024 MA e Eleitorado local votacao 2024
2024,1,Vereador,São Luís,CENTRO,1,128,ESCOLA MODELO BENEDITO LEITE,TOTAL VOTOS NOMINAIS - VEREADOR,257,351,,-2.5268025,-44.2998789,TSE - Votacao por secao 2024 MA e Eleitorado local votacao 2024
2024,1,Vereador,São Luís,CENTRO,1,129,ESCOLA MODELO BENEDITO LEITE,TOTAL VOTOS NOMINAIS - VEREADOR,236,350,,-2.5268025,-44.2998789,TSE - Votacao por secao 2024 MA e Eleitorado local votacao 2024
2024,1,Vereador,São Luís,CENTRO,1,132,U. E. B. JUSTO JANSEN,TOTAL VOTOS NOMINAIS - VEREADOR,217,290,,-2.5336717,-44.2991655,TSE - Votacao por secao 2024 MA e Eleitorado local votacao 2024
2024,1,Vereador,São Luís,CENTRO,1,134,C. E. BERNARDO COELHO DE ALMEIDA (ANTIGO U. I. RAIMUNDO CORREA),TOTAL VOTOS NOMINAIS - VEREADOR,236,353,,-2.5261857,-44.296,TSE - Votacao por secao 2024 MA e Eleitorado local votacao 2024
2024,1,Vereador,São Luís,MADRE DEUS - ZONA URBANA,1,139,U. I. JOSÉ GIORCELLI COSTA,TOTAL VOTOS NOMINAIS - VEREADOR,292,358,,-2.5402488,-44.2977732,TSE - Votacao por secao 2024 MA e Eleitorado local votacao 2024
2024,1,Vereador,São Luís,CENTRO,1,141,COLÉGIO HENRIQUE DE LA ROCQUE (CENTRO),TOTAL VOTOS NOMINAIS - VEREADOR,213,276,,-2.5323249,-44.2963054,TSE - Votacao por secao 2024 MA e Eleitorado local votacao 2024
2024,1,Vereador,São Luís,CENTRO,1,142,ESCOLA MODELO BENEDITO LEITE,TOTAL VOTOS NOMINAIS - VEREADOR,252,351,,-2.5268025,-44.2998789,TSE - Votacao por secao 2024 MA e Eleitorado local votacao 2024
2024,1,Vereador,São Luís,CENTRO,1,145,COLÉGIO SANTA TERESA,TOTAL VOTOS NOMINAIS - VEREADOR,205,283,,-2.5262449,-44.3028511,TSE - Votacao por secao 2024 MA e Eleitorado local votacao 2024
2024,1,Vereador,São Luís,MADRE DEUS - ZONA URBANA,1,147,U. I. JOSÉ GIORCELLI COSTA,TOTAL VOTOS NOMINAIS - VEREADOR,282,350,,-2.5402488,-44.2977732,TSE - Votacao por secao 2024 MA e Eleitorado local votacao 2024
2024,1,Vereador,São Luís,CENTRO,1,150,U. E. B. JUSTO JANSEN,TOTAL VOTOS NOMINAIS - VEREADOR,206,288,,-2.5336717,-44.2991655,TSE - Votacao por secao 2024 MA e Eleitorado local votacao 2024
2024,1,Vereador,São Luís,CENTRO,1,152,U. E. B. JUSTO JANSEN,TOTAL VOTOS NOMINAIS - VEREADOR,209,292,,-2.5336717,-44.2991655,TSE - Votacao por secao 2024 MA e Eleitorado local votacao 2024
2024,1,Vereador,São Luís,CENTRO,1,167,U. E. B. JUSTO JANSEN,TOTAL VOTOS NOMINAIS - VEREADOR,237,292,,-2.5336717,-44.2991655,TSE - Votacao por secao 2024 MA e Eleitorado local votacao 2024
2024,1,Vereador,São Luís,CENTRO,1,173,COLÉGIO SANTA TERESA,TOTAL VOTOS NOMINAIS - VEREADOR,212,285,,-2.5262449,-44.3028511,TSE - Votacao por secao 2024 MA e Eleitorado local votacao 2024
2024,1,Vereador,São Luís,MADRE DEUS - ZONA URBANA,1,174,U. I. JOSÉ GIORCELLI COSTA,TOTAL VOTOS NOMINAIS - VEREADOR,296,354,,-2.5402488,-44.2977732,TSE - Votacao por secao 2024 MA e Eleitorado local votacao 2024
2024,1,Vereador,São Luís,MADRE DEUS - ZONA URBANA,1,198,U. I. JOSÉ GIORCELLI COSTA,TOTAL VOTOS NOMINAIS - VEREADOR,285,355,,-2.5402488,-44.2977732,TSE - Votacao por secao 2024 MA e Eleitorado local votacao 2024
2024,1,Vereador,São Luís,MADRE DEUS - ZONA URBANA,1,211,U. I. JOSÉ GIORCELLI COSTA,TOTAL VOTOS NOMINAIS - VEREADOR,305,355,,-2.5402488,-44.2977732,TSE - Votacao por secao 2024 MA e Eleitorado local votacao 2024
2024,1,Vereador,São Luís,CENTRO,1,225,C. E. JOÃO FRANCISCO LISBOA (ANTIGO CEGEL),TOTAL VOTOS NOMINAIS - VEREADOR,350,230,,-2.5332516,-44.2910069,TSE - Votacao por secao 2024 MA e Eleitorado local votacao 2024
2024,1,Vereador,São Luís,CENTRO,1,227,C. E. JOÃO FRANCISCO LISBOA (ANTIGO CEGEL),TOTAL VOTOS NOMINAIS - VEREADOR,157,226,,-2.5332516,-44.2910069,TSE - Votacao por secao 2024 MA e Eleitorado local votacao 2024
2024,1,Vereador,São Luís,CENTRO,1,228,C. E. JOÃO FRANCISCO LISBOA (ANTIGO CEGEL),TOTAL VOTOS NOMINAIS - VEREADOR,325,224,,-2.5332516,-44.2910069,TSE - Votacao por secao 2024 MA e Eleitorado local votacao 2024
2024,1,Vereador,São Luís,CENTRO,1,230,C. E. JOÃO FRANCISCO LISBOA (ANTIGO CEGEL),TOTAL VOTOS NOMINAIS - VEREADOR,355,226,,-2.5332516,-44.2910069,TSE - Votacao por secao 2024 MA e Eleitorado local votacao 2024
2024,1,Vereador,São Luís,CENTRO,1,231,IEMA (ANTIGO MARISTA),TOTAL VOTOS NOMINAIS - VEREADOR,201,295,,-2.5314303,-44.2951693,TSE - Votacao por secao 2024 MA e Eleitorado local votacao 2024
2024,1,Vereador,São Luís,CENTRO,1,234,IEMA (ANTIGO MARISTA),TOTAL VOTOS NOMINAIS - VEREADOR,205,295,,-2.5314303,-44.2951693,TSE - Votacao por secao 2024 MA e Eleitorado local votacao 2024
2024,1,Vereador,São Luís,CENTRO,1,237,IEMA (ANTIGO MARISTA),TOTAL VOTOS NOMINAIS - VEREADOR,217,290,,-2.5314303,-44.2951693,TSE - Votacao por secao 2024 MA e Eleitorado local votacao 2024
2024,1,Vereador,São Luís,CENTRO,1,240,IEMA (ANTIGO MARISTA),TOTAL VOTOS NOMINAIS - VEREADOR,221,290,,-2.5314303,-44.2951693,TSE - Votacao por secao 2024 MA e Eleitorado local votacao 2024
2024,1,Vereador,São Luís,CENTRO,1,245,C. E. JOÃO FRANCISCO LISBOA (ANTIGO CEGEL),TOTAL VOTOS NOMINAIS - VEREADOR,335,221,,-2.5332516,-44.2910069,TSE - Votacao por secao 2024 MA e Eleitorado local votacao 2024
2024,1,Vereador,São Luís,CENTRO,1,250,C. E. JOÃO FRANCISCO LISBOA (ANTIGO CEGEL),TOTAL VOTOS NOMINAIS - VEREADOR,320,226,,-2.5332516,-44.2910069,TSE - Votacao por secao 2024 MA e Eleitorado local votacao 2024
2024,1,Vereador,São Luís,CENTRO,1,252,SENAC - SERVIÇO NACIONAL DE APRENDIZAGEM COMERCIAL,TOTAL VOTOS NOMINAIS - VEREADOR,164,219,,-2.5347877,-44.2963193,TSE - Votacao por secao 2024 MA e Eleitorado local votacao 2024
2024,1,Vereador,São Luís,CENTRO,1,253,SENAC - SERVIÇO NACIONAL DE APRENDIZAGEM COMERCIAL,TOTAL VOTOS NOMINAIS - VEREADOR,314,219,,-2.5347877,-44.2963193,TSE - Votacao por secao 2024 MA e Eleitorado local votacao 2024
2024,1,Vereador,São Luís,CENTRO,1,255,SENAC - SERVIÇO NACIONAL DE APRENDIZAGEM COMERCIAL,TOTAL VOTOS NOMINAIS - VEREADOR,334,216,,-2.5347877,-44.2963193,TSE - Votacao por secao 2024 MA e Eleitorado local votacao 2024
2024,1,Vereador,São Luís,CENTRO,1,257,C. E. JOÃO FRANCISCO LISBOA (ANTIGO CEGEL),TOTAL VOTOS NOMINAIS - VEREADOR,321,224,,-2.5332516,-44.2910069,TSE - Votacao por secao 2024 MA e Eleitorado local votacao 2024
2024,1,Vereador,São Luís,MADRE DEUS - ZONA URBANA,1,258,U. I. JOSÉ GIORCELLI COSTA,TOTAL VOTOS NOMINAIS - VEREADOR,284,360,,-2.5402488,-44.2977732,TSE - Votacao por secao 2024 MA e Eleitorado local votacao 2024
2024,1,Vereador,São Luís,MADRE DEUS - ZONA URBANA,1,259,U. I. JOSÉ GIORCELLI COSTA,TOTAL VOTOS NOMINAIS - VEREADOR,275,354,,-2.5402488,-44.2977732,TSE - Votacao por secao 2024 MA e Eleitorado local votacao 2024
2024,1,Vereador,São Luís,CENTRO,1,261,C. E. JOÃO FRANCISCO LISBOA (ANTIGO CEGEL),TOTAL VOTOS NOMINAIS - VEREADOR,319,223,,-2.5332516,-44.2910069,TSE - Votacao por secao 2024 MA e Eleitorado local votacao 2024
2024,1,Vereador,São Luís,CENTRO,1,263,C. E. JOÃO FRANCISCO LISBOA (ANTIGO CEGEL),TOTAL VOTOS NOMINAIS - VEREADOR,325,223,,-2.5332516,-44.2910069,TSE - Votacao por secao 2024 MA e Eleitorado local votacao 2024
2024,1,Vereador,São Luís,CENTRO,1,265,C. E. JOÃO FRANCISCO LISBOA (ANTIGO CEGEL),TOTAL VOTOS NOMINAIS - VEREADOR,364,226,,-2.5332516,-44.2910069,TSE - Votacao por secao 2024 MA e Eleitorado local votacao 2024
2024,1,Vereador,São Luís,CENTRO,1,267,C. E. JOÃO FRANCISCO LISBOA (ANTIGO CEGEL),TOTAL VOTOS NOMINAIS - VEREADOR,322,221,,-2.5332516,-44.2910069,TSE - Votacao por secao 2024 MA e Eleitorado local votacao 2024
2024,1,Vereador,São Luís,CENTRO,1,269,C. E. JOÃO FRANCISCO LISBOA (ANTIGO CEGEL),TOTAL VOTOS NOMINAIS - VEREADOR,336,225,,-2.5332516,-44.2910069,TSE - Votacao por secao 2024 MA e Eleitorado local votacao 2024
2024,1,Vereador,São Luís,CENTRO,1,270,SESI CLÍNICA,TOTAL VOTOS NOMINAIS - VEREADOR,218,287,,-2.5378035,-44.2910168,TSE - Votacao por secao 2024 MA e Eleitorado local votacao 2024
2024,1,Vereador,São Luís,CENTRO,1,271,SESI CLÍNICA,TOTAL VOTOS NOMINAIS - VEREADOR,233,294,,-2.5378035,-44.2910168,TSE - Votacao por secao 2024 MA e Eleitorado local votacao 2024
2024,1,Vereador,São Luís,CENTRO,1,272,SESI CLÍNICA,TOTAL VOTOS NOMINAIS - VEREADOR,254,291,,-2.5378035,-44.2910168,TSE - Votacao por secao 2024 MA e Eleitorado local votacao 2024
2024,1,Vereador,São Luís,CENTRO,1,273,SESI CLÍNICA,TOTAL VOTOS NOMINAIS - VEREADOR,231,286,,-2.5378035,-44.2910168,TSE - Votacao por secao 2024 MA e Eleitorado local votacao 2024
2024,1,Vereador,São Luís,LIRA - ZONA URBANA,1,274,CENTRO DE TESTAGEM E ACONSELHAMENTO - CTA (ANTIGO COA),TOTAL VOTOS NOMINAIS - VEREADOR,225,284,,-2.540602,-44.2931244,TSE - Votacao por secao 2024 MA e Eleitorado local votacao 2024
2024,1,Vereador,São Luís,LIRA - ZONA URBANA,1,275,CENTRO DE TESTAGEM E ACONSELHAMENTO - CTA (ANTIGO COA),TOTAL VOTOS NOMINAIS - VEREADOR,244,285,,-2.540602,-44.2931244,TSE - Votacao por secao 2024 MA e Eleitorado local votacao 2024
2024,1,Vereador,São Luís,LIRA - ZONA URBANA,1,276,U. I. SOUSÂNDRADE,TOTAL VOTOS NOMINAIS - VEREADOR,258,338,,-2.5406318,-44.2933174,TSE - Votacao por secao 2024 MA e Eleitorado local votacao 2024
2024,1,Vereador,São Luís,LIRA - ZONA URBANA,1,277,U. I. SOUSÂNDRADE,TOTAL VOTOS NOMINAIS - VEREADOR,278,348,,-2.5406318,-44.2933174,TSE - Votacao por secao 2024 MA e Eleitorado local votacao 2024
2024,1,Vereador,São Luís,LIRA - ZONA URBANA,1,278,U. I. SOUSÂNDRADE,TOTAL VOTOS NOMINAIS - VEREADOR,270,343,,-2.5406318,-44.2933174,TSE - Votacao por secao 2024 MA e Eleitorado local votacao 2024
2024,1,Vereador,São Luís,LIRA - ZONA URBANA,1,279,U. I. SOUSÂNDRADE,TOTAL VOTOS NOMINAIS - VEREADOR,283,347,,-2.5406318,-44.2933174,TSE - Votacao por secao 2024 MA e Eleitorado local votacao 2024
2024,1,Vereador,São Luís,LIRA - ZONA URBANA,1,280,U. I. SOUSÂNDRADE,TOTAL VOTOS NOMINAIS - VEREADOR,269,336,,-2.5406318,-44.2933174,TSE - Votacao por secao 2024 MA e Eleitorado local votacao 2024
2024,1,Vereador,São Luís,LIRA - ZONA URBANA,1,281,U. I. SOUSÂNDRADE,TOTAL VOTOS NOMINAIS - VEREADOR,282,345,,-2.5406318,-44.2933174,TSE - Votacao por secao 2024 MA e Eleitorado local votacao 2024
2024,1,Vereador,São Luís,LIRA - ZONA URBANA,1,282,U. I. SOUSÂNDRADE,TOTAL VOTOS NOMINAIS - VEREADOR,265,342,,-2.5406318,-44.2933174,TSE - Votacao por secao 2024 MA e Eleitorado local votacao 2024
2024,1,Vereador,São Luís,LIRA - ZONA URBANA,1,283,U. I. SOUSÂNDRADE,TOTAL VOTOS NOMINAIS - VEREADOR,278,345,,-2.5406318,-44.2933174,TSE - Votacao por secao 2024 MA e Eleitorado local votacao 2024
2024,1,Vereador,São Luís,LIRA - ZONA URBANA,1,284,U. I. SOUSÂNDRADE,TOTAL VOTOS NOMINAIS - VEREADOR,272,344,,-2.5406318,-44.2933174,TSE - Votacao por secao 2024 MA e Eleitorado local votacao 2024
2024,1,Vereador,São Luís,LIRA - ZONA URBANA,1,285,U. I. SOUSÂNDRADE,TOTAL VOTOS NOMINAIS - VEREADOR,280,339,,-2.5406318,-44.2933174,TSE - Votacao por secao 2024 MA e Eleitorado local votacao 2024
2024,1,Vereador,São Luís,LIRA - ZONA URBANA,1,286,U. I. SOUSÂNDRADE,TOTAL VOTOS NOMINAIS - VEREADOR,268,340,,-2.5406318,-44.2933174,TSE - Votacao por secao 2024 MA e Eleitorado local votacao 2024
2024,1,Vereador,São Luís,LIRA - ZONA URBANA,1,287,U. I. SOUSÂNDRADE,TOTAL VOTOS NOMINAIS - VEREADOR,273,340,,-2.5406318,-44.2933174,TSE - Votacao por secao 2024 MA e Eleitorado local votacao 2024
2024,1,Vereador,São Luís,LIRA - ZONA URBANA,1,288,U. I. SOUSÂNDRADE,TOTAL VOTOS NOMINAIS - VEREADOR,283,344,,-2.5406318,-44.2933174,TSE - Votacao por secao 2024 MA e Eleitorado local votacao 2024
2024,1,Vereador,São Luís,CENTRO,1,289,C. E. M. LICEU MARANHENSE,TOTAL VOTOS NOMINAIS - VEREADOR,242,347,,-2.5296549,-44.2943618,TSE - Votacao por secao 2024 MA e Eleitorado local votacao 2024
2024,1,Vereador,São Luís,CENTRO,1,293,C. E. JOÃO FRANCISCO LISBOA (ANTIGO CEGEL),TOTAL VOTOS NOMINAIS - VEREADOR,335,226,,-2.5332516,-44.2910069,TSE - Votacao por secao 2024 MA e Eleitorado local votacao 2024
2024,1,Vereador,São Luís,CENTRO,1,296,C. E. M. LICEU MARANHENSE,TOTAL VOTOS NOMINAIS - VEREADOR,240,354,,-2.5296549,-44.2943618,TSE - Votacao por secao 2024 MA e Eleitorado local votacao 2024
2024,1,Vereador,São Luís,CENTRO,1,299,C. E. M. LICEU MARANHENSE,TOTAL VOTOS NOMINAIS - VEREADOR,243,350,,-2.5296549,-44.2943618,TSE - Votacao por secao 2024 MA e Eleitorado local votacao 2024
2024,1,Vereador,São Luís,DIAMANTE - ZONA URBANA,1,301,SFA/MA (ANTIGO FOMENTO AGRÍCOLA),TOTAL VOTOS NOMINAIS - VEREADOR,326,209,,-2.5311804,-44.2911653,TSE - Votacao por secao 2024 MA e Eleitorado local votacao 2024
2024,1,Vereador,São Luís,DIAMANTE - ZONA URBANA,1,303,SFA/MA (ANTIGO FOMENTO AGRÍCOLA),TOTAL VOTOS NOMINAIS - VEREADOR,329,212,,-2.5311804,-44.2911653,TSE - Votacao por secao 2024 MA e Eleitorado local votacao 2024
2024,1,Vereador,São Luís,DIAMANTE - ZONA URBANA,1,305,SFA/MA (ANTIGO FOMENTO AGRÍCOLA),TOTAL VOTOS NOMINAIS - VEREADOR,341,210,,-2.5311804,-44.2911653,TSE - Votacao por secao 2024 MA e Eleitorado local votacao 2024
2024,1,Vereador,São Luís,CENTRO,1,312,C. E. JOÃO FRANCISCO LISBOA (ANTIGO CEGEL),TOTAL VOTOS NOMINAIS - VEREADOR,356,221,,-2.5332516,-44.2910069,TSE - Votacao por secao 2024 MA e Eleitorado local votacao 2024
2024,1,Vereador,São Luís,CENTRO,1,313,C. E. M. LICEU MARANHENSE,TOTAL VOTOS NOMINAIS - VEREADOR,276,349,,-2.5296549,-44.2943618,TSE - Votacao por secao 2024 MA e Eleitorado local votacao 2024
2024,1,Vereador,São Luís,CENTRO,1,314,C. E. M. LICEU MARANHENSE,TOTAL VOTOS NOMINAIS - VEREADOR,249,350,,-2.5296549,-44.2943618,TSE - Votacao por secao 2024 MA e Eleitorado local votacao 2024
2024,1,Vereador,São Luís,CENTRO,1,315,C. E. M. LICEU MARANHENSE,TOTAL VOTOS NOMINAIS - VEREADOR,254,352,,-2.5296549,-44.2943618,TSE - Votacao por secao 2024 MA e Eleitorado local votacao 2024
2024,1,Vereador,São Luís,CENTRO,1,316,C. E. M. LICEU MARANHENSE,TOTAL VOTOS NOMINAIS - VEREADOR,251,349,,-2.5296549,-44.2943618,TSE - Votacao por secao 2024 MA e Eleitorado local votacao 2024
2024,1,Vereador,São Luís,CENTRO,1,317,C. E. M. LICEU MARANHENSE,TOTAL VOTOS NOMINAIS - VEREADOR,242,342,,-2.5296549,-44.2943618,TSE - Votacao por secao 2024 MA e Eleitorado local votacao 2024
2024,1,Vereador,São Luís,CENTRO,1,318,C. E. M. LICEU MARANHENSE,TOTAL VOTOS NOMINAIS - VEREADOR,262,349,,-2.5296549,-44.2943618,TSE - Votacao por secao 2024 MA e Eleitorado local votacao 2024
2024,1,Vereador,São Luís,CENTRO,1,319,C. E. M. LICEU MARANHENSE,TOTAL VOTOS NOMINAIS - VEREADOR,250,340,,-2.5296549,-44.2943618,TSE - Votacao por secao 2024 MA e Eleitorado local votacao 2024
2024,1,Vereador,São Luís,CENTRO,1,320,C. E. M. LICEU MARANHENSE,TOTAL VOTOS NOMINAIS - VEREADOR,251,350,,-2.5296549,-44.2943618,TSE - Votacao por secao 2024 MA e Eleitorado local votacao 2024
2024,1,Vereador,São Luís,CENTRO,1,321,C. E. M. LICEU MARANHENSE,TOTAL VOTOS NOMINAIS - VEREADOR,254,347,,-2.5296549,-44.2943618,TSE - Votacao por secao 2024 MA e Eleitorado local votacao 2024
2024,1,Vereador,São Luís,CENTRO,1,322,C. E. M. LICEU MARANHENSE,TOTAL VOTOS NOMINAIS - VEREADOR,234,340,,-2.5296549,-44.2943618,TSE - Votacao por secao 2024 MA e Eleitorado local votacao 2024
2024,1,Vereador,São Luís,LIRA - ZONA URBANA,1,324,U. I. SOUSÂNDRADE,TOTAL VOTOS NOMINAIS - VEREADOR,275,345,,-2.5406318,-44.2933174,TSE - Votacao por secao 2024 MA e Eleitorado local votacao 2024
2024,1,Vereador,São Luís,CENTRO,1,325,C. E. JOÃO FRANCISCO LISBOA (ANTIGO CEGEL),TOTAL VOTOS NOMINAIS - VEREADOR,325,225,,-2.5332516,-44.2910069,TSE - Votacao por secao 2024 MA e Eleitorado local votacao 2024
2024,1,Vereador,São Luís,LIRA - ZONA URBANA,1,328,U. I. SOUSÂNDRADE,TOTAL VOTOS NOMINAIS - VEREADOR,281,343,,-2.5406318,-44.2933174,TSE - Votacao por secao 2024 MA e Eleitorado local votacao 2024
2024,1,Vereador,São Luís,CENTRO,1,329,SESI CLÍNICA,TOTAL VOTOS NOMINAIS - VEREADOR,239,288,,-2.5378035,-44.2910168,TSE - Votacao por secao 2024 MA e Eleitorado local votacao 2024
2024,1,Vereador,São Luís,CENTRO,1,330,C. E. M. LICEU MARANHENSE,TOTAL VOTOS NOMINAIS - VEREADOR,253,348,,-2.5296549,-44.2943618,TSE - Votacao por secao 2024 MA e Eleitorado local votacao 2024
2024,1,Vereador,São Luís,DIAMANTE - ZONA URBANA,1,333,SFA/MA (ANTIGO FOMENTO AGRÍCOLA),TOTAL VOTOS NOMINAIS - VEREADOR,176,212,,-2.5311804,-44.2911653,TSE - Votacao por secao 2024 MA e Eleitorado local votacao 2024
2024,1,Vereador,São Luís,LIRA - ZONA URBANA,1,334,U. I. SOUSÂNDRADE,TOTAL VOTOS NOMINAIS - VEREADOR,273,337,,-2.5406318,-44.2933174,TSE - Votacao por secao 2024 MA e Eleitorado local votacao 2024
2024,1,Vereador,São Luís,ANJO DA GUARDA,1,457,ESCOLA CIRANDA DO ABC,TOTAL VOTOS NOMINAIS - VEREADOR,288,357,,-2.5632204,-44.3309589,TSE - Votacao por secao 2024 MA e Eleitorado local votacao 2024
2024,1,Vereador,São Luís,ANJO DA GUARDA,1,458,ESCOLA CIRANDA DO ABC,TOTAL VOTOS NOMINAIS - VEREADOR,273,361,,-2.5632204,-44.3309589,TSE - Votacao por secao 2024 MA e Eleitorado local votacao 2024
2024,1,Vereador,São Luís,ANJO DA GUARDA,1,459,ESCOLA CIRANDA DO ABC,TOTAL VOTOS NOMINAIS - VEREADOR,280,359,,-2.5632204,-44.3309589,TSE - Votacao por secao 2024 MA e Eleitorado local votacao 2024
2024,1,Vereador,São Luís,ANJO DA GUARDA,1,460,ESCOLA CIRANDA DO ABC,TOTAL VOTOS NOMINAIS - VEREADOR,276,356,,-2.5632204,-44.3309589,TSE - Votacao por secao 2024 MA e Eleitorado local votacao 2024
2024,1,Vereador,São Luís,ANJO DA GUARDA,1,461,ESCOLA CIRANDA DO ABC,TOTAL VOTOS NOMINAIS - VEREADOR,273,358,,-2.5632204,-44.3309589,TSE - Votacao por secao 2024 MA e Eleitorado local votacao 2024
2024,1,Vereador,São Luís,VILA NOVA,1,462,U. I. CRUZEIRO DO SUL,TOTAL VOTOS NOMINAIS - VEREADOR,374,452,,-2.5488487,-44.3299915,TSE - Votacao por secao 2024 MA e Eleitorado local votacao 2024
2024,1,Vereador,São Luís,VILA NOVA,1,463,U. I. CRUZEIRO DO SUL,TOTAL VOTOS NOMINAIS - VEREADOR,358,452,,-2.5488487,-44.3299915,TSE - Votacao por secao 2024 MA e Eleitorado local votacao 2024
2024,1,Vereador,São Luís,VILA NOVA,1,464,U. I. CRUZEIRO DO SUL,TOTAL VOTOS NOMINAIS - VEREADOR,342,444,,-2.5488487,-44.3299915,TSE - Votacao por secao 2024 MA e Eleitorado local votacao 2024
2024,1,Vereador,São Luís,VILA NOVA,1,467,U. I. CRUZEIRO DO SUL,TOTAL VOTOS NOMINAIS - VEREADOR,351,436,,-2.5488487,-44.3299915,TSE - Votacao por secao 2024 MA e Eleitorado local votacao 2024
2024,1,Vereador,São Luís,VILA NOVA,1,469,U. E. ENOC VIEIRA,TOTAL VOTOS NOMINAIS - VEREADOR,299,349,,-2.5386961,-44.3285126,TSE - Votacao por secao 2024 MA e Eleitorado local votacao 2024
2024,1,Vereador,São Luís,VILA NOVA,1,470,U. E. ENOC VIEIRA,TOTAL VOTOS NOMINAIS - VEREADOR,281,359,,-2.5386961,-44.3285126,TSE - Votacao por secao 2024 MA e Eleitorado local votacao 2024
2024,1,Vereador,São Luís,VILA NOVA,1,471,U. E. ENOC VIEIRA,TOTAL VOTOS NOMINAIS - VEREADOR,301,350,,-2.5386961,-44.3285126,TSE - Votacao por secao 2024 MA e Eleitorado local votacao 2024
2024,1,Vereador,São Luís,VILA NOVA,1,472,U. E. ENOC VIEIRA,TOTAL VOTOS NOMINAIS - VEREADOR,298,352,,-2.5386961,-44.3285126,TSE - Votacao por secao 2024 MA e Eleitorado local votacao 2024
2024,1,Vereador,São Luís,VILA NOVA,1,473,U. E. ENOC VIEIRA,TOTAL VOTOS NOMINAIS - VEREADOR,300,354,,-2.5386961,-44.3285126,TSE - Votacao por secao 2024 MA e Eleitorado local votacao 2024
2024,1,Vereador,São Luís,VILA NOVA,1,474,U. E. ENOC VIEIRA,TOTAL VOTOS NOMINAIS - VEREADOR,299,356,,-2.5386961,-44.3285126,TSE - Votacao por secao 2024 MA e Eleitorado local votacao 2024
2024,1,Vereador,São Luís,ANJO DA GUARDA,1,475,U. I. JAPIAÇU,TOTAL VOTOS NOMINAIS - VEREADOR,297,390,,-2.561969,-44.3307614,TSE - Votacao por secao 2024 MA e Eleitorado local votacao 2024
2024,1,Vereador,São Luís,ANJO DA GUARDA,1,476,U. I. JAPIAÇU,TOTAL VOTOS NOMINAIS - VEREADOR,304,394,,-2.561969,-44.3307614,TSE - Votacao por secao 2024 MA e Eleitorado local votacao 2024
2024,1,Vereador,São Luís,ANJO DA GUARDA,1,477,U. I. JAPIAÇU,TOTAL VOTOS NOMINAIS - VEREADOR,314,390,,-2.561969,-44.3307614,TSE - Votacao por secao 2024 MA e Eleitorado local votacao 2024
2024,1,Vereador,São Luís,ANJO DA GUARDA,1,478,U. I. JAPIAÇU,TOTAL VOTOS NOMINAIS - VEREADOR,312,393,,-2.561969,-44.3307614,TSE - Votacao por secao 2024 MA e Eleitorado local votacao 2024
2024,1,Vereador,São Luís,ANJO DA GUARDA,1,479,U. I. JAPIAÇU,TOTAL VOTOS NOMINAIS - VEREADOR,293,392,,-2.561969,-44.3307614,TSE - Votacao por secao 2024 MA e Eleitorado local votacao 2024
2024,1,Vereador,São Luís,ANJO DA GUARDA,1,480,U. I. JAPIAÇU,TOTAL VOTOS NOMINAIS - VEREADOR,308,396,,-2.561969,-44.3307614,TSE - Votacao por secao 2024 MA e Eleitorado local votacao 2024
2024,1,Vereador,São Luís,ANJO DA GUARDA,1,481,U. I. JAPIAÇU,TOTAL VOTOS NOMINAIS - VEREADOR,301,392,,-2.561969,-44.3307614,TSE - Votacao por secao 2024 MA e Eleitorado local votacao 2024
2024,1,Vereador,São Luís,ANJO DA GUARDA,1,482,U. I. JAPIAÇU,TOTAL VOTOS NOMINAIS - VEREADOR,299,391,,-2.561969,-44.3307614,TSE - Votacao por secao 2024 MA e Eleitorado local votacao 2024
2024,1,Vereador,São Luís,ANJO DA GUARDA,1,483,U. I. JAPIAÇU,TOTAL VOTOS NOMINAIS - VEREADOR,303,392,,-2.561969,-44.3307614,TSE - Votacao por secao 2024 MA e Eleitorado local votacao 2024
2024,1,Vereador,São Luís,ANJO DA GUARDA,1,484,U. I. JAPIAÇU,TOTAL VOTOS NOMINAIS - VEREADOR,322,391,,-2.561969,-44.3307614,TSE - Votacao por secao 2024 MA e Eleitorado local votacao 2024
2024,1,Vereador,São Luís,ANJO DA GUARDA,1,485,U. I. JAPIAÇU,TOTAL VOTOS NOMINAIS - VEREADOR,337,397,,-2.561969,-44.3307614,TSE - Votacao por secao 2024 MA e Eleitorado local votacao 2024
2024,1,Vereador,São Luís,ANJO DA GUARDA,1,486,U. I. JAPIAÇU,TOTAL VOTOS NOMINAIS - VEREADOR,327,391,,-2.561969,-44.3307614,TSE - Votacao por secao 2024 MA e Eleitorado local votacao 2024
2024,1,Vereador,São Luís,ANJO DA GUARDA,1,487,U. I. JAPIAÇU,TOTAL VOTOS NOMINAIS - VEREADOR,317,390,,-2.561969,-44.3307614,TSE - Votacao por secao 2024 MA e Eleitorado local votacao 2024
2024,1,Vereador,São Luís,ANJO DA GUARDA,1,488,U. I. JAPIAÇU,TOTAL VOTOS NOMINAIS - VEREADOR,322,385,,-2.561969,-44.3307614,TSE - Votacao por secao 2024 MA e Eleitorado local votacao 2024
2024,1,Vereador,São Luís,ANJO DA GUARDA,1,489,U. I. JAPIAÇU,TOTAL VOTOS NOMINAIS - VEREADOR,307,387,,-2.561969,-44.3307614,TSE - Votacao por secao 2024 MA e Eleitorado local votacao 2024
2024,1,Vereador,São Luís,VILA NOVA,1,490,ESCOLA COMUNITARIA MARIANA,TOTAL VOTOS NOMINAIS - VEREADOR,237,324,,-2.5382501,-44.3263777,TSE - Votacao por secao 2024 MA e Eleitorado local votacao 2024
2024,1,Vereador,São Luís,VILA NOVA,1,491,ESCOLA COMUNITARIA MARIANA,TOTAL VOTOS NOMINAIS - VEREADOR,255,319,,-2.5382501,-44.3263777,TSE - Votacao por secao 2024 MA e Eleitorado local votacao 2024
2024,1,Vereador,São Luís,VILA NOVA,1,492,U. E. DR. AQUILES LISBOA,TOTAL VOTOS NOMINAIS - VEREADOR,261,317,,-2.5375683,-44.3258618,TSE - Votacao por secao 2024 MA e Eleitorado local votacao 2024
2024,1,Vereador,São Luís,VILA NOVA,1,493,U. E. DR. AQUILES LISBOA,TOTAL VOTOS NOMINAIS - VEREADOR,253,318,,-2.5375683,-44.3258618,TSE - Votacao por secao 2024 MA e Eleitorado local votacao 2024
2024,1,Vereador,São Luís,BACANGA-ZONA URBANA,1,494,C. E. ANTONIO RIBEIRO,TOTAL VOTOS NOMINAIS - VEREADOR,298,388,,-2.5585274,-44.3069045,TSE - Votacao por secao 2024 MA e Eleitorado local votacao 2024
2024,1,Vereador,São Luís,BACANGA-ZONA URBANA,1,495,C. E. ANTONIO RIBEIRO,TOTAL VOTOS NOMINAIS - VEREADOR,299,389,,-2.5585274,-44.3069045,TSE - Votacao por secao 2024 MA e Eleitorado local votacao 2024
2024,1,Vereador,São Luís,VILA MAURO FECURY I - ZONA URBANA,1,496,U. E. B. PROF. CARLOS SAADS,TOTAL VOTOS NOMINAIS - VEREADOR,301,386,,-2.5417609,-44.3328089,TSE - Votacao por secao 2024 MA e Eleitorado local votacao 2024
2024,1,Vereador,São Luís,VILA MAURO FECURY I - ZONA URBANA,1,497,U. E. B. PROF. CARLOS SAADS,TOTAL VOTOS NOMINAIS - VEREADOR,325,389,,-2.5417609,-44.3328089,TSE - Votacao por secao 2024 MA e Eleitorado local votacao 2024
2024,1,Vereador,São Luís,VILA MAURO FECURY I - ZONA URBANA,1,498,U. E. B. PROF. CARLOS SAADS,TOTAL VOTOS NOMINAIS - VEREADOR,297,387,,-2.5417609,-44.3328089,TSE - Votacao por secao 2024 MA e Eleitorado local votacao 2024
2024,1,Vereador,São Luís,VILA MAURO FECURY I - ZONA URBANA,1,499,U. E. B. PROF. CARLOS SAADS,TOTAL VOTOS NOMINAIS - VEREADOR,308,380,,-2.5417609,-44.3328089,TSE - Votacao por secao 2024 MA e Eleitorado local votacao 2024
2024,1,Vereador,São Luís,VILA MAURO FECURY I - ZONA URBANA,1,500,U. E. B. PROF. CARLOS SAADS,TOTAL VOTOS NOMINAIS - VEREADOR,314,394,,-2.5417609,-44.3328089,TSE - Votacao por secao 2024 MA e Eleitorado local votacao 2024
2024,1,Vereador,São Luís,VILA NOVA,1,501,U. I. CRUZEIRO DO SUL,TOTAL VOTOS NOMINAIS - VEREADOR,330,441,,-2.5488487,-44.3299915,TSE - Votacao por secao 2024 MA e Eleitorado local votacao 2024
2024,1,Vereador,São Luís,FUMACÊ,1,502,C. E. YBACANGA,TOTAL VOTOS NOMINAIS - VEREADOR,300,382,,-2.5614351,-44.3359658,TSE - Votacao por secao 2024 MA e Eleitorado local votacao 2024
2024,1,Vereador,São Luís,FUMACÊ,1,503,C. E. YBACANGA,TOTAL VOTOS NOMINAIS - VEREADOR,292,379,,-2.5614351,-44.3359658,TSE - Votacao por secao 2024 MA e Eleitorado local votacao 2024
2024,1,Vereador,São Luís,FUMACÊ,1,504,C. E. YBACANGA,TOTAL VOTOS NOMINAIS - VEREADOR,317,384,,-2.5614351,-44.3359658,TSE - Votacao por secao 2024 MA e Eleitorado local votacao 2024
2024,1,Vereador,São Luís,FUMACÊ,1,505,C. E. YBACANGA,TOTAL VOTOS NOMINAIS - VEREADOR,313,384,,-2.5614351,-44.3359658,TSE - Votacao por secao 2024 MA e Eleitorado local votacao 2024
2024,1,Vereador,São Luís,FUMACÊ,1,506,C. E. YBACANGA,TOTAL VOTOS NOMINAIS - VEREADOR,323,382,,-2.5614351,-44.3359658,TSE - Votacao por secao 2024 MA e Eleitorado local votacao 2024
2024,1,Vereador,São Luís,FUMACÊ,1,507,C. E. YBACANGA,TOTAL VOTOS NOMINAIS - VEREADOR,308,381,,-2.5614351,-44.3359658,TSE - Votacao por secao 2024 MA e Eleitorado local votacao 2024
2024,1,Vereador,São Luís,FUMACÊ,1,508,C. E. YBACANGA,TOTAL VOTOS NOMINAIS - VEREADOR,297,379,,-2.5614351,-44.3359658,TSE - Votacao por secao 2024 MA e Eleitorado local votacao 2024
2024,1,Vereador,São Luís,FUMACÊ,1,509,C. E. YBACANGA,TOTAL VOTOS NOMINAIS - VEREADOR,282,382,,-2.5614351,-44.3359658,TSE - Votacao por secao 2024 MA e Eleitorado local votacao 2024
2024,1,Vereador,São Luís,FUMACÊ,1,510,C. E. YBACANGA,TOTAL VOTOS NOMINAIS - VEREADOR,305,381,,-2.5614351,-44.3359658,TSE - Votacao por secao 2024 MA e Eleitorado local votacao 2024
2024,1,Vereador,São Luís,FUMACÊ,1,511,C. E. YBACANGA,TOTAL VOTOS NOMINAIS - VEREADOR,304,377,,-2.5614351,-44.3359658,TSE - Votacao por secao 2024 MA e Eleitorado local votacao 2024
2024,1,Vereador,São Luís,FUMACÊ,1,512,C. E. YBACANGA,TOTAL VOTOS NOMINAIS - VEREADOR,311,380,,-2.5614351,-44.3359658,TSE - Votacao por secao 2024 MA e Eleitorado local votacao 2024
2024,1,Vereador,São Luís,FUMACÊ,1,513,C. E. YBACANGA,TOTAL VOTOS NOMINAIS - VEREADOR,295,382,,-2.5614351,-44.3359658,TSE - Votacao por secao 2024 MA e Eleitorado local votacao 2024
2024,1,Vereador,São Luís,VILA EMBRATEL,1,514,U. E. B. HENRIQUE DE LA ROQUE ALMEIDA (VILA EMBRATEL),TOTAL VOTOS NOMINAIS - VEREADOR,284,391,,-2.5676513,-44.3114065,TSE - Votacao por secao 2024 MA e Eleitorado local votacao 2024
2024,1,Vereador,São Luís,VILA EMBRATEL,1,515,U. E. B. HENRIQUE DE LA ROQUE ALMEIDA (VILA EMBRATEL),TOTAL VOTOS NOMINAIS - VEREADOR,311,392,,-2.5676513,-44.3114065,TSE - Votacao por secao 2024 MA e Eleitorado local votacao 2024
2024,1,Vereador,São Luís,VILA EMBRATEL,1,516,U. E. B. HENRIQUE DE LA ROQUE ALMEIDA (VILA EMBRATEL),TOTAL VOTOS NOMINAIS - VEREADOR,298,387,,-2.5676513,-44.3114065,TSE - Votacao por secao 2024 MA e Eleitorado local votacao 2024
2024,1,Vereador,São Luís,VILA EMBRATEL,1,517,U. E. B. HENRIQUE DE LA ROQUE ALMEIDA (VILA EMBRATEL),TOTAL VOTOS NOMINAIS - VEREADOR,311,390,,-2.5676513,-44.3114065,TSE - Votacao por secao 2024 MA e Eleitorado local votacao 2024
2024,1,Vereador,São Luís,VILA EMBRATEL,1,518,U. E. B. HENRIQUE DE LA ROQUE ALMEIDA (VILA EMBRATEL),TOTAL VOTOS NOMINAIS - VEREADOR,314,388,,-2.5676513,-44.3114065,TSE - Votacao por secao 2024 MA e Eleitorado local votacao 2024
2024,1,Vereador,São Luís,VILA EMBRATEL,1,519,U. E. B. HENRIQUE DE LA ROQUE ALMEIDA (VILA EMBRATEL),TOTAL VOTOS NOMINAIS - VEREADOR,309,389,,-2.5676513,-44.3114065,TSE - Votacao por secao 2024 MA e Eleitorado local votacao 2024
2024,1,Vereador,São Luís,ALTO DA ESPERANÇA,1,520,U. E. B. ODYLO COSTA FILHO,TOTAL VOTOS NOMINAIS - VEREADOR,312,397,,-2.5487577,-44.3161015,TSE - Votacao por secao 2024 MA e Eleitorado local votacao 2024
2024,1,Vereador,São Luís,ALTO DA ESPERANÇA,1,521,U. E. B. ODYLO COSTA FILHO,TOTAL VOTOS NOMINAIS - VEREADOR,315,382,,-2.5487577,-44.3161015,TSE - Votacao por secao 2024 MA e Eleitorado local votacao 2024
2024,1,Vereador,São Luís,ALTO DA ESPERANÇA,1,522,U. E. B. ODYLO COSTA FILHO,TOTAL VOTOS NOMINAIS - VEREADOR,312,389,,-2.5487577,-44.3161015,TSE - Votacao por secao 2024 MA e Eleitorado local votacao 2024
2024,1,Vereador,São Luís,ALTO DA ESPERANÇA,1,523,U. E. B. ODYLO COSTA FILHO,TOTAL VOTOS NOMINAIS - VEREADOR,303,390,,-2.5487577,-44.3161015,TSE - Votacao por secao 2024 MA e Eleitorado local votacao 2024
2024,1,Vereador,São Luís,ALTO DA ESPERANÇA,1,524,U. E. B. ODYLO COSTA FILHO,TOTAL VOTOS NOMINAIS - VEREADOR,311,390,,-2.5487577,-44.3161015,TSE - Votacao por secao 2024 MA e Eleitorado local votacao 2024
2024,1,Vereador,São Luís,ALTO DA ESPERANÇA,1,525,U. E. B. ODYLO COSTA FILHO,TOTAL VOTOS NOMINAIS - VEREADOR,307,394,,-2.5487577,-44.3161015,TSE - Votacao por secao 2024 MA e Eleitorado local votacao 2024
2024,1,Vereador,São Luís,ANJO DA GUARDA,1,526,C. E. VICENTE MAIA (ANTIGO COLÉGIO CEMA),TOTAL VOTOS NOMINAIS - VEREADOR,312,399,,-2.5634455,-44.3330475,TSE - Votacao por secao 2024 MA e Eleitorado local votacao 2024
2024,1,Vereador,São Luís,ANJO DA GUARDA,1,527,C. E. VICENTE MAIA (ANTIGO COLÉGIO CEMA),TOTAL VOTOS NOMINAIS - VEREADOR,296,392,,-2.5634455,-44.3330475,TSE - Votacao por secao 2024 MA e Eleitorado local votacao 2024
2024,1,Vereador,São Luís,ANJO DA GUARDA,1,528,C. E. VICENTE MAIA (ANTIGO COLÉGIO CEMA),TOTAL VOTOS NOMINAIS - VEREADOR,278,382,,-2.5634455,-44.3330475,TSE - Votacao por secao 2024 MA e Eleitorado local votacao 2024
2024,1,Vereador,São Luís,ANJO DA GUARDA,1,529,C. E. VICENTE MAIA (ANTIGO COLÉGIO CEMA),TOTAL VOTOS NOMINAIS - VEREADOR,311,403,,-2.5634455,-44.3330475,TSE - Votacao por secao 2024 MA e Eleitorado local votacao 2024
2024,1,Vereador,São Luís,ANJO DA GUARDA,1,530,C. E. VICENTE MAIA (ANTIGO COLÉGIO CEMA),TOTAL VOTOS NOMINAIS - VEREADOR,311,400,,-2.5634455,-44.3330475,TSE - Votacao por secao 2024 MA e Eleitorado local votacao 2024
2024,1,Vereador,São Luís,ANJO DA GUARDA,1,531,C. E. VICENTE MAIA (ANTIGO COLÉGIO CEMA),TOTAL VOTOS NOMINAIS - VEREADOR,295,388,,-2.5634455,-44.3330475,TSE - Votacao por secao 2024 MA e Eleitorado local votacao 2024
2024,1,Vereador,São Luís,ANJO DA GUARDA,1,532,C. E. VICENTE MAIA (ANTIGO COLÉGIO CEMA),TOTAL VOTOS NOMINAIS - VEREADOR,299,390,,-2.5634455,-44.3330475,TSE - Votacao por secao 2024 MA e Eleitorado local votacao 2024
2024,1,Vereador,São Luís,ANJO DA GUARDA,1,533,C. E. VICENTE MAIA (ANTIGO COLÉGIO CEMA),TOTAL VOTOS NOMINAIS - VEREADOR,310,393,,-2.5634455,-44.3330475,TSE - Votacao por secao 2024 MA e Eleitorado local votacao 2024
2024,1,Vereador,São Luís,ANJO DA GUARDA,1,534,C. E. VICENTE MAIA (ANTIGO COLÉGIO CEMA),TOTAL VOTOS NOMINAIS - VEREADOR,299,391,,-2.5634455,-44.3330475,TSE - Votacao por secao 2024 MA e Eleitorado local votacao 2024
2024,1,Vereador,São Luís,ANJO DA GUARDA,1,535,C. E. VICENTE MAIA (ANTIGO COLÉGIO CEMA),TOTAL VOTOS NOMINAIS - VEREADOR,306,390,,-2.5634455,-44.3330475,TSE - Votacao por secao 2024 MA e Eleitorado local votacao 2024
2024,1,Vereador,São Luís,ANJO DA GUARDA,1,536,C. E. VICENTE MAIA (ANTIGO COLÉGIO CEMA),TOTAL VOTOS NOMINAIS - VEREADOR,313,399,,-2.5634455,-44.3330475,TSE - Votacao por secao 2024 MA e Eleitorado local votacao 2024
2024,1,Vereador,São Luís,ANJO DA GUARDA,1,537,C. E. VICENTE MAIA (ANTIGO COLÉGIO CEMA),TOTAL VOTOS NOMINAIS - VEREADOR,317,397,,-2.5634455,-44.3330475,TSE - Votacao por secao 2024 MA e Eleitorado local votacao 2024
2024,1,Vereador,São Luís,ANJO DA GUARDA,1,538,C. E. VICENTE MAIA (ANTIGO COLÉGIO CEMA),TOTAL VOTOS NOMINAIS - VEREADOR,334,405,,-2.5634455,-44.3330475,TSE - Votacao por secao 2024 MA e Eleitorado local votacao 2024
2024,1,Vereador,São Luís,ANJO DA GUARDA,1,539,C. E. VICENTE MAIA (ANTIGO COLÉGIO CEMA),TOTAL VOTOS NOMINAIS - VEREADOR,334,395,,-2.5634455,-44.3330475,TSE - Votacao por secao 2024 MA e Eleitorado local votacao 2024
2024,1,Vereador,São Luís,ANJO DA GUARDA,1,540,C. E. VICENTE MAIA (ANTIGO COLÉGIO CEMA),TOTAL VOTOS NOMINAIS - VEREADOR,305,383,,-2.5634455,-44.3330475,TSE - Votacao por secao 2024 MA e Eleitorado local votacao 2024
2024,1,Vereador,São Luís,ANJO DA GUARDA,1,541,U. E. B. ANJO DA GUARDA,TOTAL VOTOS NOMINAIS - VEREADOR,278,335,,-2.5584261,-44.333487,TSE - Votacao por secao 2024 MA e Eleitorado local votacao 2024
2024,1,Vereador,São Luís,ANJO DA GUARDA,1,542,U. E. B. ANJO DA GUARDA,TOTAL VOTOS NOMINAIS - VEREADOR,271,333,,-2.5584261,-44.333487,TSE - Votacao por secao 2024 MA e Eleitorado local votacao 2024
2024,1,Vereador,São Luís,ANJO DA GUARDA,1,543,U. E. B. ANJO DA GUARDA,TOTAL VOTOS NOMINAIS - VEREADOR,251,332,,-2.5584261,-44.333487,TSE - Votacao por secao 2024 MA e Eleitorado local votacao 2024
2024,1,Vereador,São Luís,FUMACÊ,1,544,U. I. SEVERIANO DE SOUSA LIMA (SEÇÃO DESLOCADA PARA O YBACANGA),TOTAL VOTOS NOMINAIS - VEREADOR,214,266,,-2.5586468,-44.3383498,TSE - Votacao por secao 2024 MA e Eleitorado local votacao 2024
2024,1,Vereador,São Luís,VILA BACANGA,1,546,U. E. B. RAIMUNDO CHAVES,TOTAL VOTOS NOMINAIS - VEREADOR,330,397,,-2.5573134,-44.3127175,TSE - Votacao por secao 2024 MA e Eleitorado local votacao 2024
2024,1,Vereador,São Luís,VILA BACANGA,1,547,U. E. B. RAIMUNDO CHAVES,TOTAL VOTOS NOMINAIS - VEREADOR,306,396,,-2.5573134,-44.3127175,TSE - Votacao por secao 2024 MA e Eleitorado local votacao 2024
2024,1,Vereador,São Luís,VILA BACANGA,1,548,U. E. B. RAIMUNDO CHAVES,TOTAL VOTOS NOMINAIS - VEREADOR,323,388,,-2.5573134,-44.3127175,TSE - Votacao por secao 2024 MA e Eleitorado local votacao 2024
2024,1,Vereador,São Luís,VILA ISABEL,1,549,U. E. B. LINDALVA TEOTONIA NUNES,TOTAL VOTOS NOMINAIS - VEREADOR,360,436,,-2.5644115,-44.3193782,TSE - Votacao por secao 2024 MA e Eleitorado local votacao 2024
2024,1,Vereador,São Luís,VILA ISABEL,1,550,U. E. B. LINDALVA TEOTONIA NUNES,TOTAL VOTOS NOMINAIS - VEREADOR,355,417,,-2.5644115,-44.3193782,TSE - Votacao por secao 2024 MA e Eleitorado local votacao 2024
2024,1,Vereador,São Luís,VILA ISABEL,1,551,U. E. B. LINDALVA TEOTONIA NUNES,TOTAL VOTOS NOMINAIS - VEREADOR,342,421,,-2.5644115,-44.3193782,TSE - Votacao por secao 2024 MA e Eleitorado local votacao 2024
2024,1,Vereador,São Luís,GAPARA - ZONA URBANA,1,552,U. E. B. JOAO DO VALE,TOTAL VOTOS NOMINAIS - VEREADOR,309,381,,-2.5914207,-44.3112646,TSE - Votacao por secao 2024 MA e Eleitorado local votacao 2024
2024,1,Vereador,São Luís,GAPARA - ZONA URBANA,1,553,U. E. B. JOAO DO VALE,TOTAL VOTOS NOMINAIS - VEREADOR,301,387,,-2.5914207,-44.3112646,TSE - Votacao por secao 2024 MA e Eleitorado local votacao 2024
2024,1,Vereador,São Luís,GAPARA - ZONA URBANA,1,554,U. E. B. JOAO DO VALE,TOTAL VOTOS NOMINAIS - VEREADOR,330,400,,-2.5914207,-44.3112646,TSE - Votacao por secao 2024 MA e Eleitorado local votacao 2024
2024,1,Vereador,São Luís,GAPARA - ZONA URBANA,1,555,U. E. B. JOAO DO VALE,TOTAL VOTOS NOMINAIS - VEREADOR,305,387,,-2.5914207,-44.3112646,TSE - Votacao por secao 2024 MA e Eleitorado local votacao 2024
2024,1,Vereador,São Luís,BACANGA-ZONA URBANA,1,556,UFMA - CENTRO DE CIÊNCIAS SOCIAIS,TOTAL VOTOS NOMINAIS - VEREADOR,300,377,,-2.5569697,-44.3098427,TSE - Votacao por secao 2024 MA e Eleitorado local votacao 2024
2024,1,Vereador,São Luís,BACANGA-ZONA URBANA,1,557,UFMA - CENTRO DE CIÊNCIAS SOCIAIS,TOTAL VOTOS NOMINAIS - VEREADOR,308,379,,-2.5569697,-44.3098427,TSE - Votacao por secao 2024 MA e Eleitorado local votacao 2024
2024,1,Vereador,São Luís,BACANGA-ZONA URBANA,1,558,UFMA - CENTRO DE CIÊNCIAS SOCIAIS,TOTAL VOTOS NOMINAIS - VEREADOR,300,381,,-2.5569697,-44.3098427,TSE - Votacao por secao 2024 MA e Eleitorado local votacao 2024
2024,1,Vereador,São Luís,BACANGA-ZONA URBANA,1,559,UFMA - CENTRO DE CIÊNCIAS SOCIAIS,TOTAL VOTOS NOMINAIS - VEREADOR,315,380,,-2.5569697,-44.3098427,TSE - Votacao por secao 2024 MA e Eleitorado local votacao 2024
2024,1,Vereador,São Luís,BACANGA-ZONA URBANA,1,560,UFMA - CENTRO DE CIÊNCIAS SOCIAIS,TOTAL VOTOS NOMINAIS - VEREADOR,307,381,,-2.5569697,-44.3098427,TSE - Votacao por secao 2024 MA e Eleitorado local votacao 2024
2024,1,Vereador,São Luís,BACANGA-ZONA URBANA,1,561,UFMA - CENTRO DE CIÊNCIAS SOCIAIS,TOTAL VOTOS NOMINAIS - VEREADOR,299,377,,-2.5569697,-44.3098427,TSE - Votacao por secao 2024 MA e Eleitorado local votacao 2024
2024,1,Vereador,São Luís,BACANGA-ZONA URBANA,1,562,UFMA - CENTRO DE CIÊNCIAS SOCIAIS,TOTAL VOTOS NOMINAIS - VEREADOR,285,372,,-2.5569697,-44.3098427,TSE - Votacao por secao 2024 MA e Eleitorado local votacao 2024
2024,1,Vereador,São Luís,BACANGA-ZONA URBANA,1,563,UFMA - CENTRO DE CIÊNCIAS SOCIAIS,TOTAL VOTOS NOMINAIS - VEREADOR,325,383,,-2.5569697,-44.3098427,TSE - Votacao por secao 2024 MA e Eleitorado local votacao 2024
2024,1,Vereador,São Luís,BACANGA-ZONA URBANA,1,564,UFMA - CENTRO DE CIÊNCIAS SOCIAIS,TOTAL VOTOS NOMINAIS - VEREADOR,307,378,,-2.5569697,-44.3098427,TSE - Votacao por secao 2024 MA e Eleitorado local votacao 2024
2024,1,Vereador,São Luís,BACANGA-ZONA URBANA,1,565,UFMA - CENTRO DE CIÊNCIAS SOCIAIS,TOTAL VOTOS NOMINAIS - VEREADOR,298,374,,-2.5569697,-44.3098427,TSE - Votacao por secao 2024 MA e Eleitorado local votacao 2024
2024,1,Vereador,São Luís,BACANGA-ZONA URBANA,1,566,UFMA - CENTRO DE CIÊNCIAS SOCIAIS,TOTAL VOTOS NOMINAIS - VEREADOR,285,374,,-2.5569697,-44.3098427,TSE - Votacao por secao 2024 MA e Eleitorado local votacao 2024
2024,1,Vereador,São Luís,VILA NOVA,1,567,U. E. DR. AQUILES LISBOA,TOTAL VOTOS NOMINAIS - VEREADOR,262,333,,-2.5375683,-44.3258618,TSE - Votacao por secao 2024 MA e Eleitorado local votacao 2024
2024,1,Vereador,São Luís,VILA NOVA,1,569,U. E. DR. AQUILES LISBOA,TOTAL VOTOS NOMINAIS - VEREADOR,281,334,,-2.5375683,-44.3258618,TSE - Votacao por secao 2024 MA e Eleitorado local votacao 2024
2024,1,Vereador,São Luís,VILA NOVA,1,571,U. E. DR. AQUILES LISBOA,TOTAL VOTOS NOMINAIS - VEREADOR,256,333,,-2.5375683,-44.3258618,TSE - Votacao por secao 2024 MA e Eleitorado local votacao 2024
2024,1,Vereador,São Luís,BACANGA-ZONA URBANA,1,572,C. E. ANTONIO RIBEIRO,TOTAL VOTOS NOMINAIS - VEREADOR,311,384,,-2.5585274,-44.3069045,TSE - Votacao por secao 2024 MA e Eleitorado local votacao 2024
2024,1,Vereador,São Luís,BACANGA-ZONA URBANA,1,573,C. E. ANTONIO RIBEIRO,TOTAL VOTOS NOMINAIS - VEREADOR,311,392,,-2.5585274,-44.3069045,TSE - Votacao por secao 2024 MA e Eleitorado local votacao 2024
2024,1,Vereador,São Luís,BACANGA-ZONA URBANA,1,574,C. E. ANTONIO RIBEIRO,TOTAL VOTOS NOMINAIS - VEREADOR,315,384,,-2.5585274,-44.3069045,TSE - Votacao por secao 2024 MA e Eleitorado local votacao 2024
2024,1,Vereador,São Luís,BACANGA-ZONA URBANA,1,575,C. E. ANTONIO RIBEIRO,TOTAL VOTOS NOMINAIS - VEREADOR,320,394,,-2.5585274,-44.3069045,TSE - Votacao por secao 2024 MA e Eleitorado local votacao 2024
2024,1,Vereador,São Luís,BACANGA-ZONA URBANA,1,576,C. E. ANTONIO RIBEIRO,TOTAL VOTOS NOMINAIS - VEREADOR,307,392,,-2.5585274,-44.3069045,TSE - Votacao por secao 2024 MA e Eleitorado local votacao 2024
2024,1,Vereador,São Luís,BACANGA-ZONA URBANA,1,577,C. E. ANTONIO RIBEIRO,TOTAL VOTOS NOMINAIS - VEREADOR,309,390,,-2.5585274,-44.3069045,TSE - Votacao por secao 2024 MA e Eleitorado local votacao 2024
2024,1,Vereador,São Luís,BACANGA-ZONA URBANA,1,578,C. E. ANTONIO RIBEIRO,TOTAL VOTOS NOMINAIS - VEREADOR,321,392,,-2.5585274,-44.3069045,TSE - Votacao por secao 2024 MA e Eleitorado local votacao 2024
2024,1,Vereador,São Luís,BACANGA-ZONA URBANA,1,579,C. E. ANTONIO RIBEIRO,TOTAL VOTOS NOMINAIS - VEREADOR,310,397,,-2.5585274,-44.3069045,TSE - Votacao por secao 2024 MA e Eleitorado local votacao 2024
2024,1,Vereador,São Luís,BACANGA-ZONA URBANA,1,580,C. E. ANTONIO RIBEIRO,TOTAL VOTOS NOMINAIS - VEREADOR,311,392,,-2.5585274,-44.3069045,TSE - Votacao por secao 2024 MA e Eleitorado local votacao 2024
2024,1,Vereador,São Luís,VILA EMBRATEL,1,581,U. I. VILA EMBRATEL,TOTAL VOTOS NOMINAIS - VEREADOR,322,390,,-2.5676162,-44.3105625,TSE - Votacao por secao 2024 MA e Eleitorado local votacao 2024
2024,1,Vereador,São Luís,VILA EMBRATEL,1,582,U. I. VILA EMBRATEL,TOTAL VOTOS NOMINAIS - VEREADOR,302,390,,-2.5676162,-44.3105625,TSE - Votacao por secao 2024 MA e Eleitorado local votacao 2024
2024,1,Vereador,São Luís,VILA EMBRATEL,1,583,U. I. VILA EMBRATEL,TOTAL VOTOS NOMINAIS - VEREADOR,313,387,,-2.5676162,-44.3105625,TSE - Votacao por secao 2024 MA e Eleitorado local votacao 2024
2024,1,Vereador,São Luís,VILA EMBRATEL,1,584,U. I. VILA EMBRATEL,TOTAL VOTOS NOMINAIS - VEREADOR,307,395,,-2.5676162,-44.3105625,TSE - Votacao por secao 2024 MA e Eleitorado local votacao 2024
2024,1,Vereador,São Luís,VILA EMBRATEL,1,585,U. I. VILA EMBRATEL,TOTAL VOTOS NOMINAIS - VEREADOR,307,391,,-2.5676162,-44.3105625,TSE - Votacao por secao 2024 MA e Eleitorado local votacao 2024
2024,1,Vereador,São Luís,VILA EMBRATEL,1,586,U. I. VILA EMBRATEL,TOTAL VOTOS NOMINAIS - VEREADOR,311,385,,-2.5676162,-44.3105625,TSE - Votacao por secao 2024 MA e Eleitorado local votacao 2024
2024,1,Vereador,São Luís,VILA EMBRATEL,1,587,U. I. VILA EMBRATEL,TOTAL VOTOS NOMINAIS - VEREADOR,323,384,,-2.5676162,-44.3105625,TSE - Votacao por secao 2024 MA e Eleitorado local votacao 2024
2024,1,Vereador,São Luís,VILA EMBRATEL,1,588,U. I. VILA EMBRATEL,TOTAL VOTOS NOMINAIS - VEREADOR,306,385,,-2.5676162,-44.3105625,TSE - Votacao por secao 2024 MA e Eleitorado local votacao 2024
2024,1,Vereador,São Luís,VILA EMBRATEL,1,589,U. I. VILA EMBRATEL,TOTAL VOTOS NOMINAIS - VEREADOR,306,381,,-2.5676162,-44.3105625,TSE - Votacao por secao 2024 MA e Eleitorado local votacao 2024
2024,1,Vereador,São Luís,VILA EMBRATEL,1,590,U. I. VILA EMBRATEL,TOTAL VOTOS NOMINAIS - VEREADOR,309,394,,-2.5676162,-44.3105625,TSE - Votacao por secao 2024 MA e Eleitorado local votacao 2024
2024,1,Vereador,São Luís,VILA EMBRATEL,1,591,U. I. VILA EMBRATEL,TOTAL VOTOS NOMINAIS - VEREADOR,295,387,,-2.5676162,-44.3105625,TSE - Votacao por secao 2024 MA e Eleitorado local votacao 2024
2024,1,Vereador,São Luís,ANJO DA GUARDA,1,592,CENTRO DE ENSINO DO 2 GRAU (ANJO DA GUARDA),TOTAL VOTOS NOMINAIS - VEREADOR,256,343,,-2.564435,-44.335785,TSE - Votacao por secao 2024 MA e Eleitorado local votacao 2024
2024,1,Vereador,São Luís,ANJO DA GUARDA,1,593,CENTRO DE ENSINO DO 2 GRAU (ANJO DA GUARDA),TOTAL VOTOS NOMINAIS - VEREADOR,266,339,,-2.564435,-44.335785,TSE - Votacao por secao 2024 MA e Eleitorado local votacao 2024
2024,1,Vereador,São Luís,ANJO DA GUARDA,1,594,CENTRO DE ENSINO DO 2 GRAU (ANJO DA GUARDA),TOTAL VOTOS NOMINAIS - VEREADOR,262,342,,-2.564435,-44.335785,TSE - Votacao por secao 2024 MA e Eleitorado local votacao 2024
2024,1,Vereador,São Luís,ANJO DA GUARDA,1,595,CENTRO DE ENSINO DO 2 GRAU (ANJO DA GUARDA),TOTAL VOTOS NOMINAIS - VEREADOR,270,344,,-2.564435,-44.335785,TSE - Votacao por secao 2024 MA e Eleitorado local votacao 2024
2024,1,Vereador,São Luís,ANJO DA GUARDA,1,596,CENTRO DE ENSINO DO 2 GRAU (ANJO DA GUARDA),TOTAL VOTOS NOMINAIS - VEREADOR,249,333,,-2.564435,-44.335785,TSE - Votacao por secao 2024 MA e Eleitorado local votacao 2024
2024,1,Vereador,São Luís,ANJO DA GUARDA,1,597,CENTRO DE ENSINO DO 2 GRAU (ANJO DA GUARDA),TOTAL VOTOS NOMINAIS - VEREADOR,263,338,,-2.564435,-44.335785,TSE - Votacao por secao 2024 MA e Eleitorado local votacao 2024
2024,1,Vereador,São Luís,ANJO DA GUARDA,1,598,CENTRO DE ENSINO DO 2 GRAU (ANJO DA GUARDA),TOTAL VOTOS NOMINAIS - VEREADOR,260,332,,-2.564435,-44.335785,TSE - Votacao por secao 2024 MA e Eleitorado local votacao 2024
2024,1,Vereador,São Luís,ANJO DA GUARDA,1,599,CENTRO DE ENSINO DO 2 GRAU (ANJO DA GUARDA),TOTAL VOTOS NOMINAIS - VEREADOR,265,340,,-2.564435,-44.335785,TSE - Votacao por secao 2024 MA e Eleitorado local votacao 2024
2024,1,Vereador,São Luís,VILA EMBRATEL,1,600,NÚCLEO DE EXTENSÃO DA VILA EMBRATEL,TOTAL VOTOS NOMINAIS - VEREADOR,313,393,,-2.5696806,-44.3095028,TSE - Votacao por secao 2024 MA e Eleitorado local votacao 2024
2024,1,Vereador,São Luís,VILA EMBRATEL,1,601,NÚCLEO DE EXTENSÃO DA VILA EMBRATEL,TOTAL VOTOS NOMINAIS - VEREADOR,278,382,,-2.5696806,-44.3095028,TSE - Votacao por secao 2024 MA e Eleitorado local votacao 2024
2024,1,Vereador,São Luís,VILA EMBRATEL,1,602,NÚCLEO DE EXTENSÃO DA VILA EMBRATEL,TOTAL VOTOS NOMINAIS - VEREADOR,289,391,,-2.5696806,-44.3095028,TSE - Votacao por secao 2024 MA e Eleitorado local votacao 2024
2024,1,Vereador,São Luís,VILA EMBRATEL,1,603,NÚCLEO DE EXTENSÃO DA VILA EMBRATEL,TOTAL VOTOS NOMINAIS - VEREADOR,303,385,,-2.5696806,-44.3095028,TSE - Votacao por secao 2024 MA e Eleitorado local votacao 2024
2024,1,Vereador,São Luís,VILA EMBRATEL,1,605,NÚCLEO DE EXTENSÃO DA VILA EMBRATEL,TOTAL VOTOS NOMINAIS - VEREADOR,305,387,,-2.5696806,-44.3095028,TSE - Votacao por secao 2024 MA e Eleitorado local votacao 2024
2024,1,Vereador,São Luís,VILA EMBRATEL,1,606,NÚCLEO DE EXTENSÃO DA VILA EMBRATEL,TOTAL VOTOS NOMINAIS - VEREADOR,314,387,,-2.5696806,-44.3095028,TSE - Votacao por secao 2024 MA e Eleitorado local votacao 2024
2024,1,Vereador,São Luís,ANJO DA GUARDA,1,607,INSTITUTO BOM PASTOR,TOTAL VOTOS NOMINAIS - VEREADOR,303,368,,-2.5618601,-44.3315187,TSE - Votacao por secao 2024 MA e Eleitorado local votacao 2024
2024,1,Vereador,São Luís,ANJO DA GUARDA,1,608,INSTITUTO BOM PASTOR,TOTAL VOTOS NOMINAIS - VEREADOR,297,363,,-2.5618601,-44.3315187,TSE - Votacao por secao 2024 MA e Eleitorado local votacao 2024
2024,1,Vereador,São Luís,ANJO DA GUARDA,1,609,INSTITUTO BOM PASTOR,TOTAL VOTOS NOMINAIS - VEREADOR,287,371,,-2.5618601,-44.3315187,TSE - Votacao por secao 2024 MA e Eleitorado local votacao 2024
2024,1,Vereador,São Luís,ANJO DA GUARDA,1,610,INSTITUTO BOM PASTOR,TOTAL VOTOS NOMINAIS - VEREADOR,294,368,,-2.5618601,-44.3315187,TSE - Votacao por secao 2024 MA e Eleitorado local votacao 2024
2024,1,Vereador,São Luís,ANJO DA GUARDA,1,611,INSTITUTO BOM PASTOR,TOTAL VOTOS NOMINAIS - VEREADOR,308,363,,-2.5618601,-44.3315187,TSE - Votacao por secao 2024 MA e Eleitorado local votacao 2024
2024,1,Vereador,São Luís,ANJO DA GUARDA,1,612,INSTITUTO BOM PASTOR,TOTAL VOTOS NOMINAIS - VEREADOR,281,355,,-2.5618601,-44.3315187,TSE - Votacao por secao 2024 MA e Eleitorado local votacao 2024
2024,1,Vereador,São Luís,ANJO DA GUARDA,1,613,INSTITUTO BOM PASTOR,TOTAL VOTOS NOMINAIS - VEREADOR,286,371,,-2.5618601,-44.3315187,TSE - Votacao por secao 2024 MA e Eleitorado local votacao 2024
2024,1,Vereador,São Luís,ANJO DA GUARDA,1,614,INSTITUTO BOM PASTOR,TOTAL VOTOS NOMINAIS - VEREADOR,302,371,,-2.5618601,-44.3315187,TSE - Votacao por secao 2024 MA e Eleitorado local votacao 2024
2024,1,Vereador,São Luís,ANJO DA GUARDA,1,615,INSTITUTO BOM PASTOR,TOTAL VOTOS NOMINAIS - VEREADOR,304,366,,-2.5618601,-44.3315187,TSE - Votacao por secao 2024 MA e Eleitorado local votacao 2024
2024,1,Vereador,São Luís,ANJO DA GUARDA,1,616,INSTITUTO BOM PASTOR,TOTAL VOTOS NOMINAIS - VEREADOR,284,366,,-2.5618601,-44.3315187,TSE - Votacao por secao 2024 MA e Eleitorado local votacao 2024
2024,1,Vereador,São Luís,ANJO DA GUARDA,1,617,INSTITUTO BOM PASTOR,TOTAL VOTOS NOMINAIS - VEREADOR,276,366,,-2.5618601,-44.3315187,TSE - Votacao por secao 2024 MA e Eleitorado local votacao 2024
2024,1,Vereador,São Luís,ANJO DA GUARDA,1,618,U. E. B. MIN. CARLOS MADEIRA,TOTAL VOTOS NOMINAIS - VEREADOR,292,371,,-2.5640933,-44.3312207,TSE - Votacao por secao 2024 MA e Eleitorado local votacao 2024
2024,1,Vereador,São Luís,ANJO DA GUARDA,1,619,U. E. B. MIN. CARLOS MADEIRA,TOTAL VOTOS NOMINAIS - VEREADOR,286,363,,-2.5640933,-44.3312207,TSE - Votacao por secao 2024 MA e Eleitorado local votacao 2024
2024,1,Vereador,São Luís,ANJO DA GUARDA,1,620,U. E. B. MIN. CARLOS MADEIRA,TOTAL VOTOS NOMINAIS - VEREADOR,290,368,,-2.5640933,-44.3312207,TSE - Votacao por secao 2024 MA e Eleitorado local votacao 2024
2024,1,Vereador,São Luís,ANJO DA GUARDA,1,621,U. E. B. MIN. CARLOS MADEIRA,TOTAL VOTOS NOMINAIS - VEREADOR,283,370,,-2.5640933,-44.3312207,TSE - Votacao por secao 2024 MA e Eleitorado local votacao 2024
2024,1,Vereador,São Luís,ANJO DA GUARDA,1,622,U. E. B. MIN. CARLOS MADEIRA,TOTAL VOTOS NOMINAIS - VEREADOR,297,366,,-2.5640933,-44.3312207,TSE - Votacao por secao 2024 MA e Eleitorado local votacao 2024
2024,1,Vereador,São Luís,ANJO DA GUARDA,1,623,U. E. B. MIN. CARLOS MADEIRA,TOTAL VOTOS NOMINAIS - VEREADOR,293,368,,-2.5640933,-44.3312207,TSE - Votacao por secao 2024 MA e Eleitorado local votacao 2024
2024,1,Vereador,São Luís,ANJO DA GUARDA,1,624,U. E. B. MIN. CARLOS MADEIRA,TOTAL VOTOS NOMINAIS - VEREADOR,284,368,,-2.5640933,-44.3312207,TSE - Votacao por secao 2024 MA e Eleitorado local votacao 2024
2024,1,Vereador,São Luís,ANJO DA GUARDA,1,625,U. E. B. MIN. CARLOS MADEIRA,TOTAL VOTOS NOMINAIS - VEREADOR,305,371,,-2.5640933,-44.3312207,TSE - Votacao por secao 2024 MA e Eleitorado local votacao 2024
2024,1,Vereador,São Luís,ANJO DA GUARDA,1,626,U. E. B. MIN. CARLOS MADEIRA,TOTAL VOTOS NOMINAIS - VEREADOR,268,361,,-2.5640933,-44.3312207,TSE - Votacao por secao 2024 MA e Eleitorado local votacao 2024
2024,1,Vereador,São Luís,ANJO DA GUARDA,1,627,U. E. B. MIN. CARLOS MADEIRA,TOTAL VOTOS NOMINAIS - VEREADOR,300,364,,-2.5640933,-44.3312207,TSE - Votacao por secao 2024 MA e Eleitorado local votacao 2024
2024,1,Vereador,São Luís,ANJO DA GUARDA,1,628,ESCOLA COMUNITARIA CRIAMOR,TOTAL VOTOS NOMINAIS - VEREADOR,332,392,,-2.5618457,-44.3287663,TSE - Votacao por secao 2024 MA e Eleitorado local votacao 2024
2024,1,Vereador,São Luís,ANJO DA GUARDA,1,629,ESCOLA COMUNITARIA CRIAMOR,TOTAL VOTOS NOMINAIS - VEREADOR,311,389,,-2.5618457,-44.3287663,TSE - Votacao por secao 2024 MA e Eleitorado local votacao 2024
2024,1,Vereador,São Luís,ANJO DA GUARDA,1,630,ESCOLA COMUNITARIA CRIAMOR,TOTAL VOTOS NOMINAIS - VEREADOR,324,390,,-2.5618457,-44.3287663,TSE - Votacao por secao 2024 MA e Eleitorado local votacao 2024
2024,1,Vereador,São Luís,ANJO DA GUARDA,1,631,ESCOLA COMUNITARIA CRIAMOR,TOTAL VOTOS NOMINAIS - VEREADOR,319,387,,-2.5618457,-44.3287663,TSE - Votacao por secao 2024 MA e Eleitorado local votacao 2024
2024,1,Vereador,São Luís,ANJO DA GUARDA,1,632,ESCOLA COMUNITARIA CRIAMOR,TOTAL VOTOS NOMINAIS - VEREADOR,324,394,,-2.5618457,-44.3287663,TSE - Votacao por secao 2024 MA e Eleitorado local votacao 2024
2024,1,Vereador,São Luís,ANJO DA GUARDA,1,633,ESCOLA COMUNITARIA CRIAMOR,TOTAL VOTOS NOMINAIS - VEREADOR,324,389,,-2.5618457,-44.3287663,TSE - Votacao por secao 2024 MA e Eleitorado local votacao 2024
2024,1,Vereador,São Luís,ANJO DA GUARDA,1,634,ESCOLA COMUNITARIA CRIAMOR,TOTAL VOTOS NOMINAIS - VEREADOR,310,385,,-2.5618457,-44.3287663,TSE - Votacao por secao 2024 MA e Eleitorado local votacao 2024
2024,1,Vereador,São Luís,VILA EMBRATEL,1,635,C. E. DR. FRANCISCO DE ASSIS XIMENES ARAGÃO FILHO,TOTAL VOTOS NOMINAIS - VEREADOR,318,412,,-2.5671053,-44.3107937,TSE - Votacao por secao 2024 MA e Eleitorado local votacao 2024
2024,1,Vereador,São Luís,VILA EMBRATEL,1,636,C. E. DR. FRANCISCO DE ASSIS XIMENES ARAGÃO FILHO,TOTAL VOTOS NOMINAIS - VEREADOR,313,404,,-2.5671053,-44.3107937,TSE - Votacao por secao 2024 MA e Eleitorado local votacao 2024
2024,1,Vereador,São Luís,VILA EMBRATEL,1,637,C. E. DR. FRANCISCO DE ASSIS XIMENES ARAGÃO FILHO,TOTAL VOTOS NOMINAIS - VEREADOR,340,405,,-2.5671053,-44.3107937,TSE - Votacao por secao 2024 MA e Eleitorado local votacao 2024
2024,1,Vereador,São Luís,VILA EMBRATEL,1,638,C. E. DR. FRANCISCO DE ASSIS XIMENES ARAGÃO FILHO,TOTAL VOTOS NOMINAIS - VEREADOR,334,403,,-2.5671053,-44.3107937,TSE - Votacao por secao 2024 MA e Eleitorado local votacao 2024
2024,1,Vereador,São Luís,VILA EMBRATEL,1,639,C. E. DR. FRANCISCO DE ASSIS XIMENES ARAGÃO FILHO,TOTAL VOTOS NOMINAIS - VEREADOR,323,408,,-2.5671053,-44.3107937,TSE - Votacao por secao 2024 MA e Eleitorado local votacao 2024
2024,1,Vereador,São Luís,VILA EMBRATEL,1,640,C. E. DR. FRANCISCO DE ASSIS XIMENES ARAGÃO FILHO,TOTAL VOTOS NOMINAIS - VEREADOR,313,404,,-2.5671053,-44.3107937,TSE - Votacao por secao 2024 MA e Eleitorado local votacao 2024
2024,1,Vereador,São Luís,VILA EMBRATEL,1,641,C. E. DR. FRANCISCO DE ASSIS XIMENES ARAGÃO FILHO,TOTAL VOTOS NOMINAIS - VEREADOR,317,393,,-2.5671053,-44.3107937,TSE - Votacao por secao 2024 MA e Eleitorado local votacao 2024
2024,1,Vereador,São Luís,VILA EMBRATEL,1,642,C. E. DR. FRANCISCO DE ASSIS XIMENES ARAGÃO FILHO,TOTAL VOTOS NOMINAIS - VEREADOR,311,401,,-2.5671053,-44.3107937,TSE - Votacao por secao 2024 MA e Eleitorado local votacao 2024
2024,1,Vereador,São Luís,VILA EMBRATEL,1,643,U. I. ROSA MOCHEL MARTINS,TOTAL VOTOS NOMINAIS - VEREADOR,297,384,,-2.5678442,-44.3111919,TSE - Votacao por secao 2024 MA e Eleitorado local votacao 2024
2024,1,Vereador,São Luís,VILA EMBRATEL,1,644,U. I. ROSA MOCHEL MARTINS,TOTAL VOTOS NOMINAIS - VEREADOR,291,387,,-2.5678442,-44.3111919,TSE - Votacao por secao 2024 MA e Eleitorado local votacao 2024
2024,1,Vereador,São Luís,VILA EMBRATEL,1,645,C. E. PROF. DAYSE GALVAO DE SOUSA,TOTAL VOTOS NOMINAIS - VEREADOR,369,443,,-2.5649391,-44.3107914,TSE - Votacao por secao 2024 MA e Eleitorado local votacao 2024
2024,1,Vereador,São Luís,VILA EMBRATEL,1,646,C. E. PROF. DAYSE GALVAO DE SOUSA,TOTAL VOTOS NOMINAIS - VEREADOR,337,432,,-2.5649391,-44.3107914,TSE - Votacao por secao 2024 MA e Eleitorado local votacao 2024
2024,1,Vereador,São Luís,VILA EMBRATEL,1,647,C. E. PROF. DAYSE GALVAO DE SOUSA,TOTAL VOTOS NOMINAIS - VEREADOR,343,433,,-2.5649391,-44.3107914,TSE - Votacao por secao 2024 MA e Eleitorado local votacao 2024
2024,1,Vereador,São Luís,VILA EMBRATEL,1,648,C. E. PROF. DAYSE GALVAO DE SOUSA,TOTAL VOTOS NOMINAIS - VEREADOR,360,439,,-2.5649391,-44.3107914,TSE - Votacao por secao 2024 MA e Eleitorado local votacao 2024
2024,1,Vereador,São Luís,VILA EMBRATEL,1,649,C. E. PROF. DAYSE GALVAO DE SOUSA,TOTAL VOTOS NOMINAIS - VEREADOR,340,432,,-2.5649391,-44.3107914,TSE - Votacao por secao 2024 MA e Eleitorado local votacao 2024
2024,1,Vereador,São Luís,VILA EMBRATEL,1,650,C. E. PROF. DAYSE GALVAO DE SOUSA,TOTAL VOTOS NOMINAIS - VEREADOR,333,424,,-2.5649391,-44.3107914,TSE - Votacao por secao 2024 MA e Eleitorado local votacao 2024
2024,1,Vereador,São Luís,VILA EMBRATEL,1,651,C. E. PROF. DAYSE GALVAO DE SOUSA,TOTAL VOTOS NOMINAIS - VEREADOR,345,443,,-2.5649391,-44.3107914,TSE - Votacao por secao 2024 MA e Eleitorado local votacao 2024
2024,1,Vereador,São Luís,VILA EMBRATEL,1,652,C. E. PROF. DAYSE GALVAO DE SOUSA,TOTAL VOTOS NOMINAIS - VEREADOR,349,425,,-2.5649391,-44.3107914,TSE - Votacao por secao 2024 MA e Eleitorado local votacao 2024
2024,1,Vereador,São Luís,VILA EMBRATEL,1,653,C. E. PROF. DAYSE GALVAO DE SOUSA,TOTAL VOTOS NOMINAIS - VEREADOR,337,431,,-2.5649391,-44.3107914,TSE - Votacao por secao 2024 MA e Eleitorado local votacao 2024
2024,1,Vereador,São Luís,VILA EMBRATEL,1,654,C. E. PROF. DAYSE GALVAO DE SOUSA,TOTAL VOTOS NOMINAIS - VEREADOR,334,435,,-2.5649391,-44.3107914,TSE - Votacao por secao 2024 MA e Eleitorado local votacao 2024
2024,1,Vereador,São Luís,VILA EMBRATEL,1,655,C. E. PROF. DAYSE GALVAO DE SOUSA,TOTAL VOTOS NOMINAIS - VEREADOR,356,439,,-2.5649391,-44.3107914,TSE - Votacao por secao 2024 MA e Eleitorado local votacao 2024
2024,1,Vereador,São Luís,VILA EMBRATEL,1,656,C. E. PROF. DAYSE GALVAO DE SOUSA,TOTAL VOTOS NOMINAIS - VEREADOR,348,431,,-2.5649391,-44.3107914,TSE - Votacao por secao 2024 MA e Eleitorado local votacao 2024
2024,1,Vereador,São Luís,VILA ISABEL,1,657,U. E. B. PROF. ROSÁLIA FREIRE,TOTAL VOTOS NOMINAIS - VEREADOR,325,390,,-2.5657929,-44.3207313,TSE - Votacao por secao 2024 MA e Eleitorado local votacao 2024
2024,1,Vereador,São Luís,VILA ISABEL,1,658,U. E. B. PROF. ROSÁLIA FREIRE,TOTAL VOTOS NOMINAIS - VEREADOR,313,387,,-2.5657929,-44.3207313,TSE - Votacao por secao 2024 MA e Eleitorado local votacao 2024
2024,1,Vereador,São Luís,VILA ISABEL,1,659,U. E. B. PROF. ROSÁLIA FREIRE,TOTAL VOTOS NOMINAIS - VEREADOR,313,390,,-2.5657929,-44.3207313,TSE - Votacao por secao 2024 MA e Eleitorado local votacao 2024
2024,1,Vereador,São Luís,VILA ISABEL,1,660,U. E. B. PROF. ROSÁLIA FREIRE,TOTAL VOTOS NOMINAIS - VEREADOR,310,390,,-2.5657929,-44.3207313,TSE - Votacao por secao 2024 MA e Eleitorado local votacao 2024
2024,1,Vereador,São Luís,SAO RAIMUNDO-ZONA URBANA,1,661,UEB CARLOS MADEIRA ANEXO SÃO RAIMUNDO (SEÇÕES DA UNIÃO DE MORADORES),TOTAL VOTOS NOMINAIS - VEREADOR,289,348,,-2.5505898,-44.3294398,TSE - Votacao por secao 2024 MA e Eleitorado local votacao 2024
2024,1,Vereador,São Luís,SAO RAIMUNDO-ZONA URBANA,1,662,UEB CARLOS MADEIRA ANEXO SÃO RAIMUNDO (SEÇÕES DA UNIÃO DE MORADORES),TOTAL VOTOS NOMINAIS - VEREADOR,298,352,,-2.5505898,-44.3294398,TSE - Votacao por secao 2024 MA e Eleitorado local votacao 2024
2024,1,Vereador,São Luís,SAO RAIMUNDO-ZONA URBANA,1,663,UEB CARLOS MADEIRA ANEXO SÃO RAIMUNDO (SEÇÕES DA UNIÃO DE MORADORES),TOTAL VOTOS NOMINAIS - VEREADOR,291,350,,-2.5505898,-44.3294398,TSE - Votacao por secao 2024 MA e Eleitorado local votacao 2024
2024,1,Vereador,São Luís,SAO RAIMUNDO-ZONA URBANA,1,664,UEB CARLOS MADEIRA ANEXO SÃO RAIMUNDO (SEÇÕES DA UNIÃO DE MORADORES),TOTAL VOTOS NOMINAIS - VEREADOR,267,348,,-2.5505898,-44.3294398,TSE - Votacao por secao 2024 MA e Eleitorado local votacao 2024
2024,1,Vereador,São Luís,ALTO DA ESPERANÇA,1,665,U. E. B. ODYLO COSTA FILHO,TOTAL VOTOS NOMINAIS - VEREADOR,296,390,,-2.5487577,-44.3161015,TSE - Votacao por secao 2024 MA e Eleitorado local votacao 2024
2024,1,Vereador,São Luís,RESIDENCIAL PARAÍSO,1,666,U. E. B. RESIDENCIAL PARAÍSO,TOTAL VOTOS NOMINAIS - VEREADOR,284,358,,-2.5742183,-44.2942639,TSE - Votacao por secao 2024 MA e Eleitorado local votacao 2024
2024,1,Vereador,São Luís,BACANGA-ZONA URBANA,1,668,C. E. ANTONIO RIBEIRO,TOTAL VOTOS NOMINAIS - VEREADOR,276,384,,-2.5585274,-44.3069045,TSE - Votacao por secao 2024 MA e Eleitorado local votacao 2024
2024,1,Vereador,São Luís,VILA NOVA,1,671,U. I. CRUZEIRO DO SUL,TOTAL VOTOS NOMINAIS - VEREADOR,362,440,,-2.5488487,-44.3299915,TSE - Votacao por secao 2024 MA e Eleitorado local votacao 2024
2024,1,Vereador,São Luís,VILA NOVA,1,672,U. E. DR. AQUILES LISBOA,TOTAL VOTOS NOMINAIS - VEREADOR,264,330,,-2.5375683,-44.3258618,TSE - Votacao por secao 2024 MA e Eleitorado local votacao 2024
2024,1,Vereador,São Luís,BACANGA-ZONA URBANA,1,677,UFMA - CENTRO DE CIÊNCIAS SOCIAIS,TOTAL VOTOS NOMINAIS - VEREADOR,259,376,,-2.5569697,-44.3098427,TSE - Votacao por secao 2024 MA e Eleitorado local votacao 2024
2024,1,Vereador,São Luís,BACANGA-ZONA URBANA,1,678,UFMA - CENTRO DE CIÊNCIAS SOCIAIS,TOTAL VOTOS NOMINAIS - VEREADOR,270,373,,-2.5569697,-44.3098427,TSE - Votacao por secao 2024 MA e Eleitorado local votacao 2024
2024,1,Vereador,São Luís,GAPARA - ZONA URBANA,1,679,U. E. B. JOAO DO VALE,TOTAL VOTOS NOMINAIS - VEREADOR,315,373,,-2.5914207,-44.3112646,TSE - Votacao por secao 2024 MA e Eleitorado local votacao 2024
2024,1,Vereador,São Luís,RESIDENCIAL PARAÍSO,1,680,U. E. B. RESIDENCIAL PARAÍSO,TOTAL VOTOS NOMINAIS - VEREADOR,138,161,,-2.5742183,-44.2942639,TSE - Votacao por secao 2024 MA e Eleitorado local votacao 2024
2024,1,Vereador,São Luís,DIAMANTE - ZONA URBANA,1,681,CENTRO POP (CENTRO),TOTAL VOTOS NOMINAIS - VEREADOR,50,73,,-2.5293016,-44.2905371,TSE - Votacao por secao 2024 MA e Eleitorado local votacao 2024
2024,1,Vereador,São Luís,MONTE CASTELO,2,31,IFMA - CAMPUS MONTE CASTELO,TOTAL VOTOS NOMINAIS - VEREADOR,200,266,,-2.5359564,-44.2783329,TSE - Votacao por secao 2024 MA e Eleitorado local votacao 2024
2024,1,Vereador,São Luís,MONTE CASTELO,2,32,IFMA - CAMPUS MONTE CASTELO,TOTAL VOTOS NOMINAIS - VEREADOR,201,263,,-2.5359564,-44.2783329,TSE - Votacao por secao 2024 MA e Eleitorado local votacao 2024
2024,1,Vereador,São Luís,MONTE CASTELO,2,33,SENAI - SERVICO NAC DE APREND INDUSTRIAL,TOTAL VOTOS NOMINAIS - VEREADOR,253,322,,-2.5348336,-44.2788656,TSE - Votacao por secao 2024 MA e Eleitorado local votacao 2024
2024,1,Vereador,São Luís,MONTE CASTELO,2,41,IFMA - CAMPUS MONTE CASTELO,TOTAL VOTOS NOMINAIS - VEREADOR,197,259,,-2.5359564,-44.2783329,TSE - Votacao por secao 2024 MA e Eleitorado local votacao 2024
2024,1,Vereador,São Luís,MONTE CASTELO,2,42,IFMA - CAMPUS MONTE CASTELO,TOTAL VOTOS NOMINAIS - VEREADOR,282,398,,-2.5359564,-44.2783329,TSE - Votacao por secao 2024 MA e Eleitorado local votacao 2024
2024,1,Vereador,São Luís,MONTE CASTELO,2,44,IFMA - CAMPUS MONTE CASTELO,TOTAL VOTOS NOMINAIS - VEREADOR,295,401,,-2.5359564,-44.2783329,TSE - Votacao por secao 2024 MA e Eleitorado local votacao 2024
2024,1,Vereador,São Luís,MONTE CASTELO,2,46,IFMA - CAMPUS MONTE CASTELO,TOTAL VOTOS NOMINAIS - VEREADOR,297,403,,-2.5359564,-44.2783329,TSE - Votacao por secao 2024 MA e Eleitorado local votacao 2024
2024,1,Vereador,São Luís,MONTE CASTELO,2,48,IFMA - CAMPUS MONTE CASTELO,TOTAL VOTOS NOMINAIS - VEREADOR,267,396,,-2.5359564,-44.2783329,TSE - Votacao por secao 2024 MA e Eleitorado local votacao 2024
2024,1,Vereador,São Luís,MONTE CASTELO,2,53,SENAI - SERVICO NAC DE APREND INDUSTRIAL,TOTAL VOTOS NOMINAIS - VEREADOR,226,320,,-2.5348336,-44.2788656,TSE - Votacao por secao 2024 MA e Eleitorado local votacao 2024
2024,1,Vereador,São Luís,MONTE CASTELO,2,55,SENAI - SERVICO NAC DE APREND INDUSTRIAL,TOTAL VOTOS NOMINAIS - VEREADOR,262,322,,-2.5348336,-44.2788656,TSE - Votacao por secao 2024 MA e Eleitorado local votacao 2024
2024,1,Vereador,São Luís,MONTE CASTELO,2,56,SENAI - SERVICO NAC DE APREND INDUSTRIAL,TOTAL VOTOS NOMINAIS - VEREADOR,256,318,,-2.5348336,-44.2788656,TSE - Votacao por secao 2024 MA e Eleitorado local votacao 2024
2024,1,Vereador,São Luís,MONTE CASTELO,2,57,UNID INT GOV MATOS CARVALHO,TOTAL VOTOS NOMINAIS - VEREADOR,297,371,,-2.5399558,-44.2811282,TSE - Votacao por secao 2024 MA e Eleitorado local votacao 2024
2024,1,Vereador,São Luís,MONTE CASTELO,2,58,UNID INT GOV MATOS CARVALHO,TOTAL VOTOS NOMINAIS - VEREADOR,287,361,,-2.5399558,-44.2811282,TSE - Votacao por secao 2024 MA e Eleitorado local votacao 2024
2024,1,Vereador,São Luís,MONTE CASTELO,2,59,UNID INT GOV MATOS CARVALHO,TOTAL VOTOS NOMINAIS - VEREADOR,265,362,,-2.5399558,-44.2811282,TSE - Votacao por secao 2024 MA e Eleitorado local votacao 2024
2024,1,Vereador,São Luís,MONTE CASTELO,2,60,UNID INT GOV MATOS CARVALHO,TOTAL VOTOS NOMINAIS - VEREADOR,306,365,,-2.5399558,-44.2811282,TSE - Votacao por secao 2024 MA e Eleitorado local votacao 2024
2024,1,Vereador,São Luís,JOAO PAULO,2,61,COL BATISTA DANIEL DE LA TOUCHE,TOTAL VOTOS NOMINAIS - VEREADOR,225,292,,-2.5459213,-44.2697343,TSE - Votacao por secao 2024 MA e Eleitorado local votacao 2024
2024,1,Vereador,São Luís,JOAO PAULO,2,62,COL BATISTA DANIEL DE LA TOUCHE,TOTAL VOTOS NOMINAIS - VEREADOR,232,291,,-2.5459213,-44.2697343,TSE - Votacao por secao 2024 MA e Eleitorado local votacao 2024
2024,1,Vereador,São Luís,JOAO PAULO,2,63,COL BATISTA DANIEL DE LA TOUCHE,TOTAL VOTOS NOMINAIS - VEREADOR,222,293,,-2.5459213,-44.2697343,TSE - Votacao por secao 2024 MA e Eleitorado local votacao 2024
2024,1,Vereador,São Luís,JOAO PAULO,2,64,COL BATISTA DANIEL DE LA TOUCHE,TOTAL VOTOS NOMINAIS - VEREADOR,234,295,,-2.5459213,-44.2697343,TSE - Votacao por secao 2024 MA e Eleitorado local votacao 2024
2024,1,Vereador,São Luís,JOAO PAULO,2,65,COL BATISTA DANIEL DE LA TOUCHE,TOTAL VOTOS NOMINAIS - VEREADOR,215,292,,-2.5459213,-44.2697343,TSE - Votacao por secao 2024 MA e Eleitorado local votacao 2024
2024,1,Vereador,São Luís,JOAO PAULO,2,66,COL BATISTA DANIEL DE LA TOUCHE,TOTAL VOTOS NOMINAIS - VEREADOR,228,293,,-2.5459213,-44.2697343,TSE - Votacao por secao 2024 MA e Eleitorado local votacao 2024
2024,1,Vereador,São Luís,JOAO PAULO,2,67,COL SAO VICENTE DE PAULO,TOTAL VOTOS NOMINAIS - VEREADOR,229,300,,-2.5452351,-44.2712773,TSE - Votacao por secao 2024 MA e Eleitorado local votacao 2024
2024,1,Vereador,São Luís,JOAO PAULO,2,68,COL SAO VICENTE DE PAULO,TOTAL VOTOS NOMINAIS - VEREADOR,227,295,,-2.5452351,-44.2712773,TSE - Votacao por secao 2024 MA e Eleitorado local votacao 2024
2024,1,Vereador,São Luís,JOAO PAULO,2,69,COL SAO VICENTE DE PAULO,TOTAL VOTOS NOMINAIS - VEREADOR,239,295,,-2.5452351,-44.2712773,TSE - Votacao por secao 2024 MA e Eleitorado local votacao 2024
2024,1,Vereador,São Luís,JOAO PAULO,2,71,COL SAO VICENTE DE PAULO,TOTAL VOTOS NOMINAIS - VEREADOR,230,299,,-2.5452351,-44.2712773,TSE - Votacao por secao 2024 MA e Eleitorado local votacao 2024
2024,1,Vereador,São Luís,JOAO PAULO,2,73,COL SAO VICENTE DE PAULO,TOTAL VOTOS NOMINAIS - VEREADOR,228,300,,-2.5452351,-44.2712773,TSE - Votacao por secao 2024 MA e Eleitorado local votacao 2024
2024,1,Vereador,São Luís,JOAO PAULO,2,74,COL SAO VICENTE DE PAULO,TOTAL VOTOS NOMINAIS - VEREADOR,226,295,,-2.5452351,-44.2712773,TSE - Votacao por secao 2024 MA e Eleitorado local votacao 2024
2024,1,Vereador,São Luís,JORDOA,2,75,SEST/SENAT,TOTAL VOTOS NOMINAIS - VEREADOR,195,249,,-2.5505825,-44.2657458,TSE - Votacao por secao 2024 MA e Eleitorado local votacao 2024
2024,1,Vereador,São Luís,JORDOA,2,76,SEST/SENAT,TOTAL VOTOS NOMINAIS - VEREADOR,195,248,,-2.5505825,-44.2657458,TSE - Votacao por secao 2024 MA e Eleitorado local votacao 2024
2024,1,Vereador,São Luís,JOAO PAULO,2,82,COL BATISTA DANIEL DE LA TOUCHE,TOTAL VOTOS NOMINAIS - VEREADOR,214,297,,-2.5459213,-44.2697343,TSE - Votacao por secao 2024 MA e Eleitorado local votacao 2024
2024,1,Vereador,São Luís,JOAO PAULO,2,83,COL BATISTA DANIEL DE LA TOUCHE,TOTAL VOTOS NOMINAIS - VEREADOR,214,294,,-2.5459213,-44.2697343,TSE - Votacao por secao 2024 MA e Eleitorado local votacao 2024
2024,1,Vereador,São Luís,JOAO PAULO,2,84,COL BATISTA DANIEL DE LA TOUCHE,TOTAL VOTOS NOMINAIS - VEREADOR,215,292,,-2.5459213,-44.2697343,TSE - Votacao por secao 2024 MA e Eleitorado local votacao 2024
2024,1,Vereador,São Luís,JOAO PAULO,2,85,COL BATISTA DANIEL DE LA TOUCHE,TOTAL VOTOS NOMINAIS - VEREADOR,220,290,,-2.5459213,-44.2697343,TSE - Votacao por secao 2024 MA e Eleitorado local votacao 2024
2024,1,Vereador,São Luís,JOAO PAULO,2,86,COL BATISTA DANIEL DE LA TOUCHE,TOTAL VOTOS NOMINAIS - VEREADOR,233,291,,-2.5459213,-44.2697343,TSE - Votacao por secao 2024 MA e Eleitorado local votacao 2024
2024,1,Vereador,São Luís,JOAO PAULO,2,87,COL BATISTA DANIEL DE LA TOUCHE,TOTAL VOTOS NOMINAIS - VEREADOR,206,290,,-2.5459213,-44.2697343,TSE - Votacao por secao 2024 MA e Eleitorado local votacao 2024
2024,1,Vereador,São Luís,JOAO PAULO,2,88,COL BATISTA DANIEL DE LA TOUCHE,TOTAL VOTOS NOMINAIS - VEREADOR,224,292,,-2.5459213,-44.2697343,TSE - Votacao por secao 2024 MA e Eleitorado local votacao 2024
2024,1,Vereador,São Luís,JOAO PAULO,2,89,COL BATISTA DANIEL DE LA TOUCHE,TOTAL VOTOS NOMINAIS - VEREADOR,220,288,,-2.5459213,-44.2697343,TSE - Votacao por secao 2024 MA e Eleitorado local votacao 2024
2024,1,Vereador,São Luís,MONTE CASTELO,2,92,IFMA - CAMPUS MONTE CASTELO,TOTAL VOTOS NOMINAIS - VEREADOR,333,213,,-2.5359564,-44.2783329,TSE - Votacao por secao 2024 MA e Eleitorado local votacao 2024
2024,1,Vereador,São Luís,MONTE CASTELO,2,94,IFMA - CAMPUS MONTE CASTELO,TOTAL VOTOS NOMINAIS - VEREADOR,340,217,,-2.5359564,-44.2783329,TSE - Votacao por secao 2024 MA e Eleitorado local votacao 2024
2024,1,Vereador,São Luís,MONTE CASTELO,2,96,IFMA - CAMPUS MONTE CASTELO,TOTAL VOTOS NOMINAIS - VEREADOR,317,211,,-2.5359564,-44.2783329,TSE - Votacao por secao 2024 MA e Eleitorado local votacao 2024
2024,1,Vereador,São Luís,MONTE CASTELO,2,98,IFMA - CAMPUS MONTE CASTELO,TOTAL VOTOS NOMINAIS - VEREADOR,328,216,,-2.5359564,-44.2783329,TSE - Votacao por secao 2024 MA e Eleitorado local votacao 2024
2024,1,Vereador,São Luís,BAIRRO DE FATIMA,2,99,C. E. GEN ARTHUR CARVALHO,TOTAL VOTOS NOMINAIS - VEREADOR,203,245,,-2.5415203,-44.2806931,TSE - Votacao por secao 2024 MA e Eleitorado local votacao 2024
2024,1,Vereador,São Luís,BAIRRO DE FATIMA,2,100,C. E. GEN ARTHUR CARVALHO,TOTAL VOTOS NOMINAIS - VEREADOR,200,248,,-2.5415203,-44.2806931,TSE - Votacao por secao 2024 MA e Eleitorado local votacao 2024
2024,1,Vereador,São Luís,BAIRRO DE FATIMA,2,101,C. E. GEN ARTHUR CARVALHO,TOTAL VOTOS NOMINAIS - VEREADOR,200,249,,-2.5415203,-44.2806931,TSE - Votacao por secao 2024 MA e Eleitorado local votacao 2024
2024,1,Vereador,São Luís,BAIRRO DE FATIMA,2,102,C. E. GEN ARTHUR CARVALHO,TOTAL VOTOS NOMINAIS - VEREADOR,199,251,,-2.5415203,-44.2806931,TSE - Votacao por secao 2024 MA e Eleitorado local votacao 2024
2024,1,Vereador,São Luís,BAIRRO DE FATIMA,2,103,C. E. GEN ARTHUR CARVALHO,TOTAL VOTOS NOMINAIS - VEREADOR,198,248,,-2.5415203,-44.2806931,TSE - Votacao por secao 2024 MA e Eleitorado local votacao 2024
2024,1,Vereador,São Luís,BAIRRO DE FATIMA,2,104,C. E. GEN ARTHUR CARVALHO,TOTAL VOTOS NOMINAIS - VEREADOR,201,249,,-2.5415203,-44.2806931,TSE - Votacao por secao 2024 MA e Eleitorado local votacao 2024
2024,1,Vereador,São Luís,BAIRRO DE FATIMA,2,105,IEMA GONCALVES DIAS,TOTAL VOTOS NOMINAIS - VEREADOR,269,330,,-2.5413255,-44.279775,TSE - Votacao por secao 2024 MA e Eleitorado local votacao 2024
2024,1,Vereador,São Luís,BAIRRO DE FATIMA,2,106,IEMA GONCALVES DIAS,TOTAL VOTOS NOMINAIS - VEREADOR,269,339,,-2.5413255,-44.279775,TSE - Votacao por secao 2024 MA e Eleitorado local votacao 2024
2024,1,Vereador,São Luís,BAIRRO DE FATIMA,2,107,IEMA GONCALVES DIAS,TOTAL VOTOS NOMINAIS - VEREADOR,275,336,,-2.5413255,-44.279775,TSE - Votacao por secao 2024 MA e Eleitorado local votacao 2024
2024,1,Vereador,São Luís,BAIRRO DE FATIMA,2,108,IEMA GONCALVES DIAS,TOTAL VOTOS NOMINAIS - VEREADOR,279,336,,-2.5413255,-44.279775,TSE - Votacao por secao 2024 MA e Eleitorado local votacao 2024
2024,1,Vereador,São Luís,MONTE CASTELO,2,110,IFMA - CAMPUS MONTE CASTELO,TOTAL VOTOS NOMINAIS - VEREADOR,329,214,,-2.5359564,-44.2783329,TSE - Votacao por secao 2024 MA e Eleitorado local votacao 2024
2024,1,Vereador,São Luís,BAIRRO DE FATIMA,2,112,IEMA GONCALVES DIAS,TOTAL VOTOS NOMINAIS - VEREADOR,266,331,,-2.5413255,-44.279775,TSE - Votacao por secao 2024 MA e Eleitorado local votacao 2024
2024,1,Vereador,São Luís,BAIRRO DE FATIMA,2,113,IEMA GONCALVES DIAS,TOTAL VOTOS NOMINAIS - VEREADOR,258,338,,-2.5413255,-44.279775,TSE - Votacao por secao 2024 MA e Eleitorado local votacao 2024
2024,1,Vereador,São Luís,BAIRRO DE FATIMA,2,114,IEMA GONCALVES DIAS,TOTAL VOTOS NOMINAIS - VEREADOR,273,349,,-2.5413255,-44.279775,TSE - Votacao por secao 2024 MA e Eleitorado local votacao 2024
2024,1,Vereador,São Luís,BAIRRO DE FATIMA,2,115,C. E. GEN ARTHUR CARVALHO,TOTAL VOTOS NOMINAIS - VEREADOR,200,250,,-2.5415203,-44.2806931,TSE - Votacao por secao 2024 MA e Eleitorado local votacao 2024
2024,1,Vereador,São Luís,BAIRRO DE FATIMA,2,116,C. E. M. ESTADO DO AMAZONAS,TOTAL VOTOS NOMINAIS - VEREADOR,291,359,,-2.5468832,-44.2836323,TSE - Votacao por secao 2024 MA e Eleitorado local votacao 2024
2024,1,Vereador,São Luís,BAIRRO DE FATIMA,2,117,C. E. M. ESTADO DO AMAZONAS,TOTAL VOTOS NOMINAIS - VEREADOR,288,358,,-2.5468832,-44.2836323,TSE - Votacao por secao 2024 MA e Eleitorado local votacao 2024
2024,1,Vereador,São Luís,BAIRRO DE FATIMA,2,118,C. E. M. ESTADO DO AMAZONAS,TOTAL VOTOS NOMINAIS - VEREADOR,287,360,,-2.5468832,-44.2836323,TSE - Votacao por secao 2024 MA e Eleitorado local votacao 2024
2024,1,Vereador,São Luís,BAIRRO DE FATIMA,2,119,C. E. M. ESTADO DO AMAZONAS,TOTAL VOTOS NOMINAIS - VEREADOR,275,354,,-2.5468832,-44.2836323,TSE - Votacao por secao 2024 MA e Eleitorado local votacao 2024
2024,1,Vereador,São Luís,BAIRRO DE FATIMA,2,120,C. E. M. ESTADO DO AMAZONAS,TOTAL VOTOS NOMINAIS - VEREADOR,292,360,,-2.5468832,-44.2836323,TSE - Votacao por secao 2024 MA e Eleitorado local votacao 2024
2024,1,Vereador,São Luís,BAIRRO DE FATIMA,2,121,IEMA GONCALVES DIAS,TOTAL VOTOS NOMINAIS - VEREADOR,264,332,,-2.5413255,-44.279775,TSE - Votacao por secao 2024 MA e Eleitorado local votacao 2024
2024,1,Vereador,São Luís,BAIRRO DE FATIMA,2,122,IEMA GONCALVES DIAS,TOTAL VOTOS NOMINAIS - VEREADOR,272,343,,-2.5413255,-44.279775,TSE - Votacao por secao 2024 MA e Eleitorado local votacao 2024
2024,1,Vereador,São Luís,BAIRRO DE FATIMA,2,123,IEMA GONCALVES DIAS,TOTAL VOTOS NOMINAIS - VEREADOR,263,336,,-2.5413255,-44.279775,TSE - Votacao por secao 2024 MA e Eleitorado local votacao 2024
2024,1,Vereador,São Luís,BAIRRO DE FATIMA,2,124,IEMA GONCALVES DIAS,TOTAL VOTOS NOMINAIS - VEREADOR,278,337,,-2.5413255,-44.279775,TSE - Votacao por secao 2024 MA e Eleitorado local votacao 2024
2024,1,Vereador,São Luís,BAIRRO DE FATIMA,2,125,U. E. B. ROSARIO NINA,TOTAL VOTOS NOMINAIS - VEREADOR,271,331,,-2.5503201,-44.2824274,TSE - Votacao por secao 2024 MA e Eleitorado local votacao 2024
2024,1,Vereador,São Luís,BAIRRO DE FATIMA,2,126,C. E. GEN ARTHUR CARVALHO,TOTAL VOTOS NOMINAIS - VEREADOR,201,246,,-2.5415203,-44.2806931,TSE - Votacao por secao 2024 MA e Eleitorado local votacao 2024
2024,1,Vereador,São Luís,COROADO,2,127,U. E. B. CAMELIA COSTA VIVEIRO,TOTAL VOTOS NOMINAIS - VEREADOR,344,438,,-2.5527181,-44.2708281,TSE - Votacao por secao 2024 MA e Eleitorado local votacao 2024
2024,1,Vereador,São Luís,COROADO,2,128,U. E. B. ROSA MOCHEL,TOTAL VOTOS NOMINAIS - VEREADOR,297,369,,-2.5532018,-44.2692743,TSE - Votacao por secao 2024 MA e Eleitorado local votacao 2024
2024,1,Vereador,São Luís,COROADO,2,129,U. E. B. CAMELIA COSTA VIVEIRO,TOTAL VOTOS NOMINAIS - VEREADOR,266,316,,-2.5527181,-44.2708281,TSE - Votacao por secao 2024 MA e Eleitorado local votacao 2024
2024,1,Vereador,São Luís,COROADO,2,143,U. E. B. CAMELIA COSTA VIVEIRO,TOTAL VOTOS NOMINAIS - VEREADOR,248,316,,-2.5527181,-44.2708281,TSE - Votacao por secao 2024 MA e Eleitorado local votacao 2024
2024,1,Vereador,São Luís,COROADO,2,144,U. E. B. CAMELIA COSTA VIVEIRO,TOTAL VOTOS NOMINAIS - VEREADOR,260,309,,-2.5527181,-44.2708281,TSE - Votacao por secao 2024 MA e Eleitorado local votacao 2024
2024,1,Vereador,São Luís,JOAO PAULO,2,145,COL BATISTA DANIEL DE LA TOUCHE,TOTAL VOTOS NOMINAIS - VEREADOR,224,291,,-2.5459213,-44.2697343,TSE - Votacao por secao 2024 MA e Eleitorado local votacao 2024
2024,1,Vereador,São Luís,JOAO PAULO,2,146,COL SAO VICENTE DE PAULO,TOTAL VOTOS NOMINAIS - VEREADOR,220,289,,-2.5452351,-44.2712773,TSE - Votacao por secao 2024 MA e Eleitorado local votacao 2024
2024,1,Vereador,São Luís,JOAO PAULO,2,147,COL SAO VICENTE DE PAULO,TOTAL VOTOS NOMINAIS - VEREADOR,207,297,,-2.5452351,-44.2712773,TSE - Votacao por secao 2024 MA e Eleitorado local votacao 2024
2024,1,Vereador,São Luís,JOAO PAULO,2,148,COL SAO VICENTE DE PAULO,TOTAL VOTOS NOMINAIS - VEREADOR,233,298,,-2.5452351,-44.2712773,TSE - Votacao por secao 2024 MA e Eleitorado local votacao 2024
2024,1,Vereador,São Luís,BAIRRO DE FATIMA,2,165,C. E. HUMBERTO DE CAMPOS,TOTAL VOTOS NOMINAIS - VEREADOR,310,382,,-2.5421804,-44.2816075,TSE - Votacao por secao 2024 MA e Eleitorado local votacao 2024
2024,1,Vereador,São Luís,BAIRRO DE FATIMA,2,166,C. E. HUMBERTO DE CAMPOS,TOTAL VOTOS NOMINAIS - VEREADOR,316,381,,-2.5421804,-44.2816075,TSE - Votacao por secao 2024 MA e Eleitorado local votacao 2024
2024,1,Vereador,São Luís,JOAO PAULO,2,167,COL SAO VICENTE DE PAULO,TOTAL VOTOS NOMINAIS - VEREADOR,233,296,,-2.5452351,-44.2712773,TSE - Votacao por secao 2024 MA e Eleitorado local votacao 2024
2024,1,Vereador,São Luís,JOAO PAULO,2,169,COL BATISTA DANIEL DE LA TOUCHE,TOTAL VOTOS NOMINAIS - VEREADOR,234,290,,-2.5459213,-44.2697343,TSE - Votacao por secao 2024 MA e Eleitorado local votacao 2024
2024,1,Vereador,São Luís,MONTE CASTELO,2,171,IFMA - CAMPUS MONTE CASTELO,TOTAL VOTOS NOMINAIS - VEREADOR,311,408,,-2.5359564,-44.2783329,TSE - Votacao por secao 2024 MA e Eleitorado local votacao 2024
2024,1,Vereador,São Luís,BAIRRO DE FATIMA,2,173,C. E. GEN ARTHUR CARVALHO,TOTAL VOTOS NOMINAIS - VEREADOR,209,248,,-2.5415203,-44.2806931,TSE - Votacao por secao 2024 MA e Eleitorado local votacao 2024
2024,1,Vereador,São Luís,MONTE CASTELO,2,174,IFMA - CAMPUS MONTE CASTELO,TOTAL VOTOS NOMINAIS - VEREADOR,351,213,,-2.5359564,-44.2783329,TSE - Votacao por secao 2024 MA e Eleitorado local votacao 2024
2024,1,Vereador,São Luís,COROADO,2,176,U. E. B. ROSA MOCHEL,TOTAL VOTOS NOMINAIS - VEREADOR,316,371,,-2.5532018,-44.2692743,TSE - Votacao por secao 2024 MA e Eleitorado local votacao 2024
2024,1,Vereador,São Luís,JORDOA,2,179,SEST/SENAT,TOTAL VOTOS NOMINAIS - VEREADOR,207,254,,-2.5505825,-44.2657458,TSE - Votacao por secao 2024 MA e Eleitorado local votacao 2024
2024,1,Vereador,São Luís,MONTE CASTELO,2,183,IFMA - CAMPUS MONTE CASTELO,TOTAL VOTOS NOMINAIS - VEREADOR,330,205,,-2.5359564,-44.2783329,TSE - Votacao por secao 2024 MA e Eleitorado local votacao 2024
2024,1,Vereador,São Luís,COROADO,2,185,U. E. B. CAMELIA COSTA VIVEIRO,TOTAL VOTOS NOMINAIS - VEREADOR,243,304,,-2.5527181,-44.2708281,TSE - Votacao por secao 2024 MA e Eleitorado local votacao 2024
2024,1,Vereador,São Luís,BAIRRO DE FATIMA,2,187,IEMA GONCALVES DIAS,TOTAL VOTOS NOMINAIS - VEREADOR,285,338,,-2.5413255,-44.279775,TSE - Votacao por secao 2024 MA e Eleitorado local votacao 2024
2024,1,Vereador,São Luís,BAIRRO DE FATIMA,2,193,U. E. B. ROSARIO NINA,TOTAL VOTOS NOMINAIS - VEREADOR,279,324,,-2.5503201,-44.2824274,TSE - Votacao por secao 2024 MA e Eleitorado local votacao 2024
2024,1,Vereador,São Luís,JOAO PAULO,2,196,COL SAO VICENTE DE PAULO,TOTAL VOTOS NOMINAIS - VEREADOR,244,299,,-2.5452351,-44.2712773,TSE - Votacao por secao 2024 MA e Eleitorado local votacao 2024
2024,1,Vereador,São Luís,BAIRRO DE FATIMA,2,198,C. E. M. ESTADO DO AMAZONAS,TOTAL VOTOS NOMINAIS - VEREADOR,305,362,,-2.5468832,-44.2836323,TSE - Votacao por secao 2024 MA e Eleitorado local votacao 2024
2024,1,Vereador,São Luís,BAIRRO DE FATIMA,2,199,IEMA GONCALVES DIAS,TOTAL VOTOS NOMINAIS - VEREADOR,273,336,,-2.5413255,-44.279775,TSE - Votacao por secao 2024 MA e Eleitorado local votacao 2024
2024,1,Vereador,São Luís,BAIRRO DE FATIMA,2,204,C. E. HUMBERTO DE CAMPOS,TOTAL VOTOS NOMINAIS - VEREADOR,312,379,,-2.5421804,-44.2816075,TSE - Votacao por secao 2024 MA e Eleitorado local votacao 2024
2024,1,Vereador,São Luís,COROADO,2,205,U. E. B. ROSA MOCHEL,TOTAL VOTOS NOMINAIS - VEREADOR,316,367,,-2.5532018,-44.2692743,TSE - Votacao por secao 2024 MA e Eleitorado local votacao 2024
2024,1,Vereador,São Luís,BAIRRO DE FATIMA,2,206,C. E. M. ESTADO DO AMAZONAS,TOTAL VOTOS NOMINAIS - VEREADOR,311,355,,-2.5468832,-44.2836323,TSE - Votacao por secao 2024 MA e Eleitorado local votacao 2024
2024,1,Vereador,São Luís,COROADO,2,207,U. E. B. CAMELIA COSTA VIVEIRO,TOTAL VOTOS NOMINAIS - VEREADOR,261,312,,-2.5527181,-44.2708281,TSE - Votacao por secao 2024 MA e Eleitorado local votacao 2024
2024,1,Vereador,São Luís,COROADO,2,208,U. E. B. CAMELIA COSTA VIVEIRO,TOTAL VOTOS NOMINAIS - VEREADOR,266,314,,-2.5527181,-44.2708281,TSE - Votacao por secao 2024 MA e Eleitorado local votacao 2024
2024,1,Vereador,São Luís,MONTE CASTELO,2,210,SENAI - SERVICO NAC DE APREND INDUSTRIAL,TOTAL VOTOS NOMINAIS - VEREADOR,246,319,,-2.5348336,-44.2788656,TSE - Votacao por secao 2024 MA e Eleitorado local votacao 2024
2024,1,Vereador,São Luís,JORDOA,2,211,SEST/SENAT,TOTAL VOTOS NOMINAIS - VEREADOR,198,241,,-2.5505825,-44.2657458,TSE - Votacao por secao 2024 MA e Eleitorado local votacao 2024
2024,1,Vereador,São Luís,BAIRRO DE FATIMA,2,212,IEMA GONCALVES DIAS,TOTAL VOTOS NOMINAIS - VEREADOR,282,342,,-2.5413255,-44.279775,TSE - Votacao por secao 2024 MA e Eleitorado local votacao 2024
2024,1,Vereador,São Luís,MONTE CASTELO,2,213,UNID INT GOV MATOS CARVALHO,TOTAL VOTOS NOMINAIS - VEREADOR,312,363,,-2.5399558,-44.2811282,TSE - Votacao por secao 2024 MA e Eleitorado local votacao 2024
2024,1,Vereador,São Luís,JORDOA,2,214,SEST/SENAT,TOTAL VOTOS NOMINAIS - VEREADOR,192,251,,-2.5505825,-44.2657458,TSE - Votacao por secao 2024 MA e Eleitorado local votacao 2024
2024,1,Vereador,São Luís,JOAO PAULO,2,216,C. E. DR. JACKSON KEPLER LAGO,TOTAL VOTOS NOMINAIS - VEREADOR,241,317,,-2.5458813,-44.2699266,TSE - Votacao por secao 2024 MA e Eleitorado local votacao 2024
2024,1,Vereador,São Luís,BAIRRO DE FATIMA,2,217,IEMA GONCALVES DIAS,TOTAL VOTOS NOMINAIS - VEREADOR,276,337,,-2.5413255,-44.279775,TSE - Votacao por secao 2024 MA e Eleitorado local votacao 2024
2024,1,Vereador,São Luís,BAIRRO DE FATIMA,2,218,C. E. M. ESTADO DO AMAZONAS,TOTAL VOTOS NOMINAIS - VEREADOR,294,359,,-2.5468832,-44.2836323,TSE - Votacao por secao 2024 MA e Eleitorado local votacao 2024
2024,1,Vereador,São Luís,BAIRRO DE FATIMA,2,219,C. E. M. ESTADO DO AMAZONAS,TOTAL VOTOS NOMINAIS - VEREADOR,300,358,,-2.5468832,-44.2836323,TSE - Votacao por secao 2024 MA e Eleitorado local votacao 2024
2024,1,Vereador,São Luís,BAIRRO DE FATIMA,2,220,C. E. M. ESTADO DO AMAZONAS,TOTAL VOTOS NOMINAIS - VEREADOR,289,352,,-2.5468832,-44.2836323,TSE - Votacao por secao 2024 MA e Eleitorado local votacao 2024
2024,1,Vereador,São Luís,BAIRRO DE FATIMA,2,221,C. E. GEN ARTHUR CARVALHO,TOTAL VOTOS NOMINAIS - VEREADOR,230,275,,-2.5415203,-44.2806931,TSE - Votacao por secao 2024 MA e Eleitorado local votacao 2024
2024,1,Vereador,São Luís,BAIRRO DE FATIMA,2,222,C. E. GEN ARTHUR CARVALHO,TOTAL VOTOS NOMINAIS - VEREADOR,218,269,,-2.5415203,-44.2806931,TSE - Votacao por secao 2024 MA e Eleitorado local votacao 2024
2024,1,Vereador,São Luís,MONTE CASTELO,2,223,UNID INT GOV MATOS CARVALHO,TOTAL VOTOS NOMINAIS - VEREADOR,301,362,,-2.5399558,-44.2811282,TSE - Votacao por secao 2024 MA e Eleitorado local votacao 2024
2024,1,Vereador,São Luís,BAIRRO DE FATIMA,2,224,C. E. GEN ARTHUR CARVALHO,TOTAL VOTOS NOMINAIS - VEREADOR,193,243,,-2.5415203,-44.2806931,TSE - Votacao por secao 2024 MA e Eleitorado local votacao 2024
2024,1,Vereador,São Luís,BAIRRO DE FATIMA,2,225,C. E. HUMBERTO DE CAMPOS,TOTAL VOTOS NOMINAIS - VEREADOR,287,379,,-2.5421804,-44.2816075,TSE - Votacao por secao 2024 MA e Eleitorado local votacao 2024
2024,1,Vereador,São Luís,JOAO PAULO,2,226,C. E. DR. JACKSON KEPLER LAGO,TOTAL VOTOS NOMINAIS - VEREADOR,254,314,,-2.5458813,-44.2699266,TSE - Votacao por secao 2024 MA e Eleitorado local votacao 2024
2024,1,Vereador,São Luís,JOAO PAULO,2,227,C. E. DR. JACKSON KEPLER LAGO,TOTAL VOTOS NOMINAIS - VEREADOR,241,318,,-2.5458813,-44.2699266,TSE - Votacao por secao 2024 MA e Eleitorado local votacao 2024
2024,1,Vereador,São Luís,BAIRRO DE FATIMA,2,232,C. E. GEN ARTHUR CARVALHO,TOTAL VOTOS NOMINAIS - VEREADOR,211,259,,-2.5415203,-44.2806931,TSE - Votacao por secao 2024 MA e Eleitorado local votacao 2024
2024,1,Vereador,São Luís,BAIRRO DE FATIMA,2,234,U. E. B. ROSARIO NINA,TOTAL VOTOS NOMINAIS - VEREADOR,274,331,,-2.5503201,-44.2824274,TSE - Votacao por secao 2024 MA e Eleitorado local votacao 2024
2024,1,Vereador,São Luís,VILA PASSOS - ZONA URBANA,2,236,UEB SOFIA SILVA,TOTAL VOTOS NOMINAIS - VEREADOR,92,112,,-2.5392624,-44.2867008,TSE - Votacao por secao 2024 MA e Eleitorado local votacao 2024
2024,1,Vereador,São Luís,BAIRRO DE FATIMA,2,237,C. E. HUMBERTO DE CAMPOS,TOTAL VOTOS NOMINAIS - VEREADOR,310,380,,-2.5421804,-44.2816075,TSE - Votacao por secao 2024 MA e Eleitorado local votacao 2024
2024,1,Vereador,São Luís,BAIRRO DE FATIMA,2,238,C. E. HUMBERTO DE CAMPOS,TOTAL VOTOS NOMINAIS - VEREADOR,298,375,,-2.5421804,-44.2816075,TSE - Votacao por secao 2024 MA e Eleitorado local votacao 2024
2024,1,Vereador,São Luís,MONTE CASTELO,2,239,UNID INT GOV MATOS CARVALHO,TOTAL VOTOS NOMINAIS - VEREADOR,297,360,,-2.5399558,-44.2811282,TSE - Votacao por secao 2024 MA e Eleitorado local votacao 2024
2024,1,Vereador,São Luís,JORDOA,2,240,SEST/SENAT,TOTAL VOTOS NOMINAIS - VEREADOR,181,243,,-2.5505825,-44.2657458,TSE - Votacao por secao 2024 MA e Eleitorado local votacao 2024
2024,1,Vereador,São Luís,BAIRRO DE FATIMA,2,241,C. E. HUMBERTO DE CAMPOS,TOTAL VOTOS NOMINAIS - VEREADOR,288,373,,-2.5421804,-44.2816075,TSE - Votacao por secao 2024 MA e Eleitorado local votacao 2024
2024,1,Vereador,São Luís,BAIRRO DE FATIMA,2,242,C. E. HUMBERTO DE CAMPOS,TOTAL VOTOS NOMINAIS - VEREADOR,299,366,,-2.5421804,-44.2816075,TSE - Votacao por secao 2024 MA e Eleitorado local votacao 2024
2024,1,Vereador,São Luís,MONTE CASTELO,2,243,UNID INT GOV MATOS CARVALHO,TOTAL VOTOS NOMINAIS - VEREADOR,299,366,,-2.5399558,-44.2811282,TSE - Votacao por secao 2024 MA e Eleitorado local votacao 2024
2024,1,Vereador,São Luís,JORDOA,2,245,SEST/SENAT,TOTAL VOTOS NOMINAIS - VEREADOR,195,244,,-2.5505825,-44.2657458,TSE - Votacao por secao 2024 MA e Eleitorado local votacao 2024
2024,1,Vereador,São Luís,BAIRRO DE FATIMA,2,248,U. E. B. ROSARIO NINA,TOTAL VOTOS NOMINAIS - VEREADOR,274,333,,-2.5503201,-44.2824274,TSE - Votacao por secao 2024 MA e Eleitorado local votacao 2024
2024,1,Vereador,São Luís,MONTE CASTELO,2,249,C. E. BARBOSA DE GODOIS,TOTAL VOTOS NOMINAIS - VEREADOR,239,311,,-2.5333818,-44.2807674,TSE - Votacao por secao 2024 MA e Eleitorado local votacao 2024
2024,1,Vereador,São Luís,MONTE CASTELO,2,250,C. E. BARBOSA DE GODOIS,TOTAL VOTOS NOMINAIS - VEREADOR,242,324,,-2.5333818,-44.2807674,TSE - Votacao por secao 2024 MA e Eleitorado local votacao 2024
2024,1,Vereador,São Luís,MONTE CASTELO,2,251,C. E. BARBOSA DE GODOIS,TOTAL VOTOS NOMINAIS - VEREADOR,242,313,,-2.5333818,-44.2807674,TSE - Votacao por secao 2024 MA e Eleitorado local votacao 2024
2024,1,Vereador,São Luís,MONTE CASTELO,2,252,C. E. BARBOSA DE GODOIS,TOTAL VOTOS NOMINAIS - VEREADOR,242,312,,-2.5333818,-44.2807674,TSE - Votacao por secao 2024 MA e Eleitorado local votacao 2024
2024,1,Vereador,São Luís,MONTE CASTELO,2,253,C. E. BARBOSA DE GODOIS,TOTAL VOTOS NOMINAIS - VEREADOR,224,313,,-2.5333818,-44.2807674,TSE - Votacao por secao 2024 MA e Eleitorado local votacao 2024
2024,1,Vereador,São Luís,MONTE CASTELO,2,254,C. E. BARBOSA DE GODOIS,TOTAL VOTOS NOMINAIS - VEREADOR,233,310,,-2.5333818,-44.2807674,TSE - Votacao por secao 2024 MA e Eleitorado local votacao 2024
2024,1,Vereador,São Luís,MONTE CASTELO,2,255,C. E. BARBOSA DE GODOIS,TOTAL VOTOS NOMINAIS - VEREADOR,231,315,,-2.5333818,-44.2807674,TSE - Votacao por secao 2024 MA e Eleitorado local votacao 2024
2024,1,Vereador,São Luís,MONTE CASTELO,2,256,C. E. BARBOSA DE GODOIS,TOTAL VOTOS NOMINAIS - VEREADOR,233,313,,-2.5333818,-44.2807674,TSE - Votacao por secao 2024 MA e Eleitorado local votacao 2024
2024,1,Vereador,São Luís,MONTE CASTELO,2,257,C. E. BARBOSA DE GODOIS,TOTAL VOTOS NOMINAIS - VEREADOR,235,313,,-2.5333818,-44.2807674,TSE - Votacao por secao 2024 MA e Eleitorado local votacao 2024
2024,1,Vereador,São Luís,MONTE CASTELO,2,258,C. E. BARBOSA DE GODOIS,TOTAL VOTOS NOMINAIS - VEREADOR,247,317,,-2.5333818,-44.2807674,TSE - Votacao por secao 2024 MA e Eleitorado local votacao 2024
2024,1,Vereador,São Luís,MONTE CASTELO,2,259,C. E. BARBOSA DE GODOIS,TOTAL VOTOS NOMINAIS - VEREADOR,243,315,,-2.5333818,-44.2807674,TSE - Votacao por secao 2024 MA e Eleitorado local votacao 2024
2024,1,Vereador,São Luís,MONTE CASTELO,2,260,C. E. BARBOSA DE GODOIS,TOTAL VOTOS NOMINAIS - VEREADOR,253,316,,-2.5333818,-44.2807674,TSE - Votacao por secao 2024 MA e Eleitorado local votacao 2024
2024,1,Vereador,São Luís,MONTE CASTELO,2,261,C. E. BARBOSA DE GODOIS,TOTAL VOTOS NOMINAIS - VEREADOR,249,312,,-2.5333818,-44.2807674,TSE - Votacao por secao 2024 MA e Eleitorado local votacao 2024
2024,1,Vereador,São Luís,MONTE CASTELO,2,262,C. E. BARBOSA DE GODOIS,TOTAL VOTOS NOMINAIS - VEREADOR,238,314,,-2.5333818,-44.2807674,TSE - Votacao por secao 2024 MA e Eleitorado local votacao 2024
2024,1,Vereador,São Luís,MONTE CASTELO,2,263,C. E. BARBOSA DE GODOIS,TOTAL VOTOS NOMINAIS - VEREADOR,247,314,,-2.5333818,-44.2807674,TSE - Votacao por secao 2024 MA e Eleitorado local votacao 2024
2024,1,Vereador,São Luís,MONTE CASTELO,2,264,C. E. BARBOSA DE GODOIS,TOTAL VOTOS NOMINAIS - VEREADOR,258,309,,-2.5333818,-44.2807674,TSE - Votacao por secao 2024 MA e Eleitorado local votacao 2024
2024,1,Vereador,São Luís,MONTE CASTELO,2,265,C. E. BARBOSA DE GODOIS,TOTAL VOTOS NOMINAIS - VEREADOR,246,313,,-2.5333818,-44.2807674,TSE - Votacao por secao 2024 MA e Eleitorado local votacao 2024
2024,1,Vereador,São Luís,LIBERDADE,2,266,C. E. PROF. LUIZ ALVES FERREIRA,TOTAL VOTOS NOMINAIS - VEREADOR,158,218,,-2.5235791,-44.2831738,TSE - Votacao por secao 2024 MA e Eleitorado local votacao 2024
2024,1,Vereador,São Luís,LIBERDADE,2,267,C. E. PROF. LUIZ ALVES FERREIRA,TOTAL VOTOS NOMINAIS - VEREADOR,210,296,,-2.5235791,-44.2831738,TSE - Votacao por secao 2024 MA e Eleitorado local votacao 2024
2024,1,Vereador,São Luís,MONTE CASTELO,2,268,C. E. FERNANDO PERDIGAO,TOTAL VOTOS NOMINAIS - VEREADOR,290,359,,-2.5333456,-44.284173,TSE - Votacao por secao 2024 MA e Eleitorado local votacao 2024
2024,1,Vereador,São Luís,MONTE CASTELO,2,269,C. E. FERNANDO PERDIGAO,TOTAL VOTOS NOMINAIS - VEREADOR,284,356,,-2.5333456,-44.284173,TSE - Votacao por secao 2024 MA e Eleitorado local votacao 2024
2024,1,Vereador,São Luís,COROADINHO,2,270,FUNDACAO BRADESCO,TOTAL VOTOS NOMINAIS - VEREADOR,341,418,,-2.5580272,-44.2658251,TSE - Votacao por secao 2024 MA e Eleitorado local votacao 2024
2024,1,Vereador,São Luís,COROADINHO,2,271,FUNDACAO BRADESCO,TOTAL VOTOS NOMINAIS - VEREADOR,325,400,,-2.5580272,-44.2658251,TSE - Votacao por secao 2024 MA e Eleitorado local votacao 2024
2024,1,Vereador,São Luís,COROADINHO,2,272,FUNDACAO BRADESCO,TOTAL VOTOS NOMINAIS - VEREADOR,307,398,,-2.5580272,-44.2658251,TSE - Votacao por secao 2024 MA e Eleitorado local votacao 2024
2024,1,Vereador,São Luís,COROADINHO,2,273,FUNDACAO BRADESCO,TOTAL VOTOS NOMINAIS - VEREADOR,314,402,,-2.5580272,-44.2658251,TSE - Votacao por secao 2024 MA e Eleitorado local votacao 2024
2024,1,Vereador,São Luís,COROADINHO,2,274,FUNDACAO BRADESCO,TOTAL VOTOS NOMINAIS - VEREADOR,323,406,,-2.5580272,-44.2658251,TSE - Votacao por secao 2024 MA e Eleitorado local votacao 2024
2024,1,Vereador,São Luís,COROADINHO,2,275,FUNDACAO BRADESCO,TOTAL VOTOS NOMINAIS - VEREADOR,307,398,,-2.5580272,-44.2658251,TSE - Votacao por secao 2024 MA e Eleitorado local votacao 2024
2024,1,Vereador,São Luís,COROADINHO,2,276,FUNDACAO BRADESCO,TOTAL VOTOS NOMINAIS - VEREADOR,306,398,,-2.5580272,-44.2658251,TSE - Votacao por secao 2024 MA e Eleitorado local votacao 2024
2024,1,Vereador,São Luís,COROADINHO,2,277,FUNDACAO BRADESCO,TOTAL VOTOS NOMINAIS - VEREADOR,314,399,,-2.5580272,-44.2658251,TSE - Votacao por secao 2024 MA e Eleitorado local votacao 2024
2024,1,Vereador,São Luís,COROADINHO,2,278,FUNDACAO BRADESCO,TOTAL VOTOS NOMINAIS - VEREADOR,331,406,,-2.5580272,-44.2658251,TSE - Votacao por secao 2024 MA e Eleitorado local votacao 2024
2024,1,Vereador,São Luís,COROADINHO,2,279,FUNDACAO BRADESCO,TOTAL VOTOS NOMINAIS - VEREADOR,336,407,,-2.5580272,-44.2658251,TSE - Votacao por secao 2024 MA e Eleitorado local votacao 2024
2024,1,Vereador,São Luís,COROADINHO,2,280,FUNDACAO BRADESCO,TOTAL VOTOS NOMINAIS - VEREADOR,338,405,,-2.5580272,-44.2658251,TSE - Votacao por secao 2024 MA e Eleitorado local votacao 2024
2024,1,Vereador,São Luís,COROADINHO,2,281,FUNDACAO BRADESCO,TOTAL VOTOS NOMINAIS - VEREADOR,316,396,,-2.5580272,-44.2658251,TSE - Votacao por secao 2024 MA e Eleitorado local votacao 2024
2024,1,Vereador,São Luís,COROADINHO,2,282,FUNDACAO BRADESCO,TOTAL VOTOS NOMINAIS - VEREADOR,319,400,,-2.5580272,-44.2658251,TSE - Votacao por secao 2024 MA e Eleitorado local votacao 2024
2024,1,Vereador,São Luís,COROADINHO,2,283,FUNDACAO BRADESCO,TOTAL VOTOS NOMINAIS - VEREADOR,335,408,,-2.5580272,-44.2658251,TSE - Votacao por secao 2024 MA e Eleitorado local votacao 2024
2024,1,Vereador,São Luís,COROADINHO,2,284,FUNDACAO BRADESCO,TOTAL VOTOS NOMINAIS - VEREADOR,302,394,,-2.5580272,-44.2658251,TSE - Votacao por secao 2024 MA e Eleitorado local votacao 2024
2024,1,Vereador,São Luís,COROADINHO,2,285,U. E. B. PROF RUBEM ALMEIDA,TOTAL VOTOS NOMINAIS - VEREADOR,291,384,,-2.5654559,-44.2653465,TSE - Votacao por secao 2024 MA e Eleitorado local votacao 2024
2024,1,Vereador,São Luís,COROADINHO,2,286,U. E. B. PROF RUBEM ALMEIDA,TOTAL VOTOS NOMINAIS - VEREADOR,310,378,,-2.5654559,-44.2653465,TSE - Votacao por secao 2024 MA e Eleitorado local votacao 2024
2024,1,Vereador,São Luís,COROADINHO,2,287,U. E. B. PROF RUBEM ALMEIDA,TOTAL VOTOS NOMINAIS - VEREADOR,303,378,,-2.5654559,-44.2653465,TSE - Votacao por secao 2024 MA e Eleitorado local votacao 2024
2024,1,Vereador,São Luís,COROADINHO,2,288,U. E. B. PROF RUBEM ALMEIDA,TOTAL VOTOS NOMINAIS - VEREADOR,310,382,,-2.5654559,-44.2653465,TSE - Votacao por secao 2024 MA e Eleitorado local votacao 2024
2024,1,Vereador,São Luís,COROADINHO,2,289,U. E. B. PROF RUBEM ALMEIDA,TOTAL VOTOS NOMINAIS - VEREADOR,310,382,,-2.5654559,-44.2653465,TSE - Votacao por secao 2024 MA e Eleitorado local votacao 2024
2024,1,Vereador,São Luís,COROADINHO,2,290,U. E. B. PROF RUBEM ALMEIDA,TOTAL VOTOS NOMINAIS - VEREADOR,315,371,,-2.5654559,-44.2653465,TSE - Votacao por secao 2024 MA e Eleitorado local votacao 2024
2024,1,Vereador,São Luís,COROADINHO,2,291,U. E. B. PROF RUBEM ALMEIDA,TOTAL VOTOS NOMINAIS - VEREADOR,304,378,,-2.5654559,-44.2653465,TSE - Votacao por secao 2024 MA e Eleitorado local votacao 2024
2024,1,Vereador,São Luís,COROADINHO,2,292,U. E. B. PROF RUBEM ALMEIDA,TOTAL VOTOS NOMINAIS - VEREADOR,311,375,,-2.5654559,-44.2653465,TSE - Votacao por secao 2024 MA e Eleitorado local votacao 2024
2024,1,Vereador,São Luís,COROADINHO,2,293,U. E. B. PROF RUBEM ALMEIDA,TOTAL VOTOS NOMINAIS - VEREADOR,303,374,,-2.5654559,-44.2653465,TSE - Votacao por secao 2024 MA e Eleitorado local votacao 2024
2024,1,Vereador,São Luís,COROADINHO,2,294,C.E.M. DORILENE SILVA CASTRO,TOTAL VOTOS NOMINAIS - VEREADOR,314,378,,-2.5656298,-44.2672266,TSE - Votacao por secao 2024 MA e Eleitorado local votacao 2024
2024,1,Vereador,São Luís,COROADINHO,2,295,C.E.M. DORILENE SILVA CASTRO,TOTAL VOTOS NOMINAIS - VEREADOR,312,374,,-2.5656298,-44.2672266,TSE - Votacao por secao 2024 MA e Eleitorado local votacao 2024
2024,1,Vereador,São Luís,COROADINHO,2,296,C.E.M. DORILENE SILVA CASTRO,TOTAL VOTOS NOMINAIS - VEREADOR,306,370,,-2.5656298,-44.2672266,TSE - Votacao por secao 2024 MA e Eleitorado local votacao 2024
2024,1,Vereador,São Luís,COROADINHO,2,297,C.E.M. DORILENE SILVA CASTRO,TOTAL VOTOS NOMINAIS - VEREADOR,318,372,,-2.5656298,-44.2672266,TSE - Votacao por secao 2024 MA e Eleitorado local votacao 2024
2024,1,Vereador,São Luís,COROADINHO,2,298,C.E.M. DORILENE SILVA CASTRO,TOTAL VOTOS NOMINAIS - VEREADOR,298,377,,-2.5656298,-44.2672266,TSE - Votacao por secao 2024 MA e Eleitorado local votacao 2024
2024,1,Vereador,São Luís,COROADINHO,2,299,C.E.M. DORILENE SILVA CASTRO,TOTAL VOTOS NOMINAIS - VEREADOR,315,379,,-2.5656298,-44.2672266,TSE - Votacao por secao 2024 MA e Eleitorado local votacao 2024
2024,1,Vereador,São Luís,COROADINHO,2,300,C.E.M. DORILENE SILVA CASTRO,TOTAL VOTOS NOMINAIS - VEREADOR,299,377,,-2.5656298,-44.2672266,TSE - Votacao por secao 2024 MA e Eleitorado local votacao 2024
2024,1,Vereador,São Luís,COROADINHO,2,301,C.E.M. DORILENE SILVA CASTRO,TOTAL VOTOS NOMINAIS - VEREADOR,315,378,,-2.5656298,-44.2672266,TSE - Votacao por secao 2024 MA e Eleitorado local votacao 2024
2024,1,Vereador,São Luís,COROADINHO,2,302,C.E.M. DORILENE SILVA CASTRO,TOTAL VOTOS NOMINAIS - VEREADOR,314,379,,-2.5656298,-44.2672266,TSE - Votacao por secao 2024 MA e Eleitorado local votacao 2024
2024,1,Vereador,São Luís,SACAVEM,2,303,ESCOLA FREI ALBERTO,TOTAL VOTOS NOMINAIS - VEREADOR,284,346,,-2.5591646,-44.2644679,TSE - Votacao por secao 2024 MA e Eleitorado local votacao 2024
2024,1,Vereador,São Luís,SACAVEM,2,304,ESCOLA FREI ALBERTO,TOTAL VOTOS NOMINAIS - VEREADOR,293,346,,-2.5591646,-44.2644679,TSE - Votacao por secao 2024 MA e Eleitorado local votacao 2024
2024,1,Vereador,São Luís,SACAVEM,2,305,ESCOLA FREI ALBERTO,TOTAL VOTOS NOMINAIS - VEREADOR,272,340,,-2.5591646,-44.2644679,TSE - Votacao por secao 2024 MA e Eleitorado local votacao 2024
2024,1,Vereador,São Luís,SACAVEM,2,306,ESCOLA FREI ALBERTO,TOTAL VOTOS NOMINAIS - VEREADOR,293,346,,-2.5591646,-44.2644679,TSE - Votacao por secao 2024 MA e Eleitorado local votacao 2024
2024,1,Vereador,São Luís,SACAVEM,2,307,ESCOLA FREI ALBERTO,TOTAL VOTOS NOMINAIS - VEREADOR,284,343,,-2.5591646,-44.2644679,TSE - Votacao por secao 2024 MA e Eleitorado local votacao 2024
2024,1,Vereador,São Luís,SACAVEM,2,308,ESCOLA FREI ALBERTO,TOTAL VOTOS NOMINAIS - VEREADOR,281,347,,-2.5591646,-44.2644679,TSE - Votacao por secao 2024 MA e Eleitorado local votacao 2024
2024,1,Vereador,São Luís,SACAVEM,2,309,ESCOLA FREI ALBERTO,TOTAL VOTOS NOMINAIS - VEREADOR,283,341,,-2.5591646,-44.2644679,TSE - Votacao por secao 2024 MA e Eleitorado local votacao 2024
2024,1,Vereador,São Luís,COROADINHO,2,310,UNIAO DE MORAD VILA DOS FRADES,TOTAL VOTOS NOMINAIS - VEREADOR,267,317,,-2.5689324,-44.2717326,TSE - Votacao por secao 2024 MA e Eleitorado local votacao 2024
2024,1,Vereador,São Luís,COROADINHO,2,311,UNIAO DE MORAD VILA DOS FRADES,TOTAL VOTOS NOMINAIS - VEREADOR,247,313,,-2.5689324,-44.2717326,TSE - Votacao por secao 2024 MA e Eleitorado local votacao 2024
2024,1,Vereador,São Luís,COROADINHO,2,312,UNIAO DE MORAD VILA DOS FRADES,TOTAL VOTOS NOMINAIS - VEREADOR,252,315,,-2.5689324,-44.2717326,TSE - Votacao por secao 2024 MA e Eleitorado local votacao 2024
2024,1,Vereador,São Luís,COROADINHO,2,313,UNIAO DE MORAD VILA DOS FRADES,TOTAL VOTOS NOMINAIS - VEREADOR,244,312,,-2.5689324,-44.2717326,TSE - Votacao por secao 2024 MA e Eleitorado local votacao 2024
2024,1,Vereador,São Luís,COROADINHO,2,314,UEB MARIA AMELIA PROFETA,TOTAL VOTOS NOMINAIS - VEREADOR,279,329,,-2.5630355,-44.2653963,TSE - Votacao por secao 2024 MA e Eleitorado local votacao 2024
2024,1,Vereador,São Luís,COROADINHO,2,315,UEB MARIA AMELIA PROFETA,TOTAL VOTOS NOMINAIS - VEREADOR,268,324,,-2.5630355,-44.2653963,TSE - Votacao por secao 2024 MA e Eleitorado local votacao 2024
2024,1,Vereador,São Luís,COROADINHO,2,316,UEB MARIA AMELIA PROFETA,TOTAL VOTOS NOMINAIS - VEREADOR,264,331,,-2.5630355,-44.2653963,TSE - Votacao por secao 2024 MA e Eleitorado local votacao 2024
2024,1,Vereador,São Luís,COROADINHO,2,317,JARDIM INFANCIA CEPEQUINHO,TOTAL VOTOS NOMINAIS - VEREADOR,298,351,,-2.567621,-44.2680492,TSE - Votacao por secao 2024 MA e Eleitorado local votacao 2024
2024,1,Vereador,São Luís,COROADINHO,2,318,JARDIM INFANCIA CEPEQUINHO,TOTAL VOTOS NOMINAIS - VEREADOR,305,357,,-2.567621,-44.2680492,TSE - Votacao por secao 2024 MA e Eleitorado local votacao 2024
2024,1,Vereador,São Luís,COROADINHO,2,319,JARDIM INFANCIA CEPEQUINHO,TOTAL VOTOS NOMINAIS - VEREADOR,294,356,,-2.567621,-44.2680492,TSE - Votacao por secao 2024 MA e Eleitorado local votacao 2024
2024,1,Vereador,São Luís,COROADINHO,2,320,JARDIM INFANCIA CEPEQUINHO,TOTAL VOTOS NOMINAIS - VEREADOR,295,355,,-2.567621,-44.2680492,TSE - Votacao por secao 2024 MA e Eleitorado local votacao 2024
2024,1,Vereador,São Luís,COROADINHO,2,321,JARDIM INFANCIA CEPEQUINHO,TOTAL VOTOS NOMINAIS - VEREADOR,271,347,,-2.567621,-44.2680492,TSE - Votacao por secao 2024 MA e Eleitorado local votacao 2024
2024,1,Vereador,São Luís,COROADINHO,2,322,JARDIM INFANCIA CEPEQUINHO,TOTAL VOTOS NOMINAIS - VEREADOR,285,357,,-2.567621,-44.2680492,TSE - Votacao por secao 2024 MA e Eleitorado local votacao 2024
2024,1,Vereador,São Luís,MONTE CASTELO,2,323,C. E. FERNANDO PERDIGAO,TOTAL VOTOS NOMINAIS - VEREADOR,287,370,,-2.5333456,-44.284173,TSE - Votacao por secao 2024 MA e Eleitorado local votacao 2024
2024,1,Vereador,São Luís,MONTE CASTELO,2,324,C. E. FERNANDO PERDIGAO,TOTAL VOTOS NOMINAIS - VEREADOR,266,367,,-2.5333456,-44.284173,TSE - Votacao por secao 2024 MA e Eleitorado local votacao 2024
2024,1,Vereador,São Luís,MONTE CASTELO,2,325,C. E. FERNANDO PERDIGAO,TOTAL VOTOS NOMINAIS - VEREADOR,297,369,,-2.5333456,-44.284173,TSE - Votacao por secao 2024 MA e Eleitorado local votacao 2024
2024,1,Vereador,São Luís,MONTE CASTELO,2,326,C. E. FERNANDO PERDIGAO,TOTAL VOTOS NOMINAIS - VEREADOR,286,371,,-2.5333456,-44.284173,TSE - Votacao por secao 2024 MA e Eleitorado local votacao 2024
2024,1,Vereador,São Luís,MONTE CASTELO,2,327,C. E. FERNANDO PERDIGAO,TOTAL VOTOS NOMINAIS - VEREADOR,293,372,,-2.5333456,-44.284173,TSE - Votacao por secao 2024 MA e Eleitorado local votacao 2024
2024,1,Vereador,São Luís,MONTE CASTELO,2,328,C. E. FERNANDO PERDIGAO,TOTAL VOTOS NOMINAIS - VEREADOR,283,362,,-2.5333456,-44.284173,TSE - Votacao por secao 2024 MA e Eleitorado local votacao 2024
2024,1,Vereador,São Luís,PARQUE TIMBIRAS,2,329,UEB PROF. JOAO LIMA SOBRINHO,TOTAL VOTOS NOMINAIS - VEREADOR,305,380,,-2.5631935,-44.2746636,TSE - Votacao por secao 2024 MA e Eleitorado local votacao 2024
2024,1,Vereador,São Luís,PARQUE TIMBIRAS,2,330,UEB PROF. JOAO LIMA SOBRINHO,TOTAL VOTOS NOMINAIS - VEREADOR,314,390,,-2.5631935,-44.2746636,TSE - Votacao por secao 2024 MA e Eleitorado local votacao 2024
2024,1,Vereador,São Luís,PARQUE PINDORAMA,2,331,UNID INT ARTUR AZEVEDO (ANTIGAS SECOES COEDUC),TOTAL VOTOS NOMINAIS - VEREADOR,309,377,,-2.5584354,-44.2775962,TSE - Votacao por secao 2024 MA e Eleitorado local votacao 2024
2024,1,Vereador,São Luís,PARQUE PINDORAMA,2,332,UNID INT ARTUR AZEVEDO (ANTIGAS SECOES COEDUC),TOTAL VOTOS NOMINAIS - VEREADOR,311,380,,-2.5584354,-44.2775962,TSE - Votacao por secao 2024 MA e Eleitorado local votacao 2024
2024,1,Vereador,São Luís,PARQUE PINDORAMA,2,333,UNID INT ARTUR AZEVEDO (ANTIGAS SECOES COEDUC),TOTAL VOTOS NOMINAIS - VEREADOR,311,384,,-2.5584354,-44.2775962,TSE - Votacao por secao 2024 MA e Eleitorado local votacao 2024
2024,1,Vereador,São Luís,PARQUE PINDORAMA,2,334,UNID INT ARTUR AZEVEDO (ANTIGAS SECOES COEDUC),TOTAL VOTOS NOMINAIS - VEREADOR,320,375,,-2.5584354,-44.2775962,TSE - Votacao por secao 2024 MA e Eleitorado local votacao 2024
2024,1,Vereador,São Luís,PARQUE PINDORAMA,2,335,UNID INT ARTUR AZEVEDO (ANTIGAS SECOES COEDUC),TOTAL VOTOS NOMINAIS - VEREADOR,294,379,,-2.5584354,-44.2775962,TSE - Votacao por secao 2024 MA e Eleitorado local votacao 2024
2024,1,Vereador,São Luís,PARQUE PINDORAMA,2,336,UNID INT ARTUR AZEVEDO (ANTIGAS SECOES COEDUC),TOTAL VOTOS NOMINAIS - VEREADOR,298,387,,-2.5584354,-44.2775962,TSE - Votacao por secao 2024 MA e Eleitorado local votacao 2024
2024,1,Vereador,São Luís,PARQUE PINDORAMA,2,337,UNID INT ARTUR AZEVEDO (ANTIGAS SECOES COEDUC),TOTAL VOTOS NOMINAIS - VEREADOR,307,378,,-2.5584354,-44.2775962,TSE - Votacao por secao 2024 MA e Eleitorado local votacao 2024
2024,1,Vereador,São Luís,PARQUE PINDORAMA,2,338,UNID INT ARTUR AZEVEDO (ANTIGAS SECOES COEDUC),TOTAL VOTOS NOMINAIS - VEREADOR,306,378,,-2.5584354,-44.2775962,TSE - Votacao por secao 2024 MA e Eleitorado local votacao 2024
2024,1,Vereador,São Luís,PARQUE PINDORAMA,2,339,UNID INT ARTUR AZEVEDO (ANTIGAS SECOES COEDUC),TOTAL VOTOS NOMINAIS - VEREADOR,312,377,,-2.5584354,-44.2775962,TSE - Votacao por secao 2024 MA e Eleitorado local votacao 2024
2024,1,Vereador,São Luís,PARQUE PINDORAMA,2,340,UNID INT ARTUR AZEVEDO (ANTIGAS SECOES COEDUC),TOTAL VOTOS NOMINAIS - VEREADOR,306,380,,-2.5584354,-44.2775962,TSE - Votacao por secao 2024 MA e Eleitorado local votacao 2024
2024,1,Vereador,São Luís,PARQUE PINDORAMA,2,341,UNID INT ARTUR AZEVEDO (ANTIGAS SECOES COEDUC),TOTAL VOTOS NOMINAIS - VEREADOR,306,377,,-2.5584354,-44.2775962,TSE - Votacao por secao 2024 MA e Eleitorado local votacao 2024
2024,1,Vereador,São Luís,PARQUE PINDORAMA,2,342,UNID INT ARTUR AZEVEDO (ANTIGAS SECOES COEDUC),TOTAL VOTOS NOMINAIS - VEREADOR,306,382,,-2.5584354,-44.2775962,TSE - Votacao por secao 2024 MA e Eleitorado local votacao 2024
2024,1,Vereador,São Luís,PARQUE TIMBIRAS,2,343,UEB PROF. JOAO LIMA SOBRINHO,TOTAL VOTOS NOMINAIS - VEREADOR,337,388,,-2.5631935,-44.2746636,TSE - Votacao por secao 2024 MA e Eleitorado local votacao 2024
2024,1,Vereador,São Luís,PARQUE TIMBIRAS,2,344,UEB PROF. JOAO LIMA SOBRINHO,TOTAL VOTOS NOMINAIS - VEREADOR,309,385,,-2.5631935,-44.2746636,TSE - Votacao por secao 2024 MA e Eleitorado local votacao 2024
2024,1,Vereador,São Luís,PARQUE TIMBIRAS,2,345,UEB PROF. JOAO LIMA SOBRINHO,TOTAL VOTOS NOMINAIS - VEREADOR,317,392,,-2.5631935,-44.2746636,TSE - Votacao por secao 2024 MA e Eleitorado local votacao 2024
2024,1,Vereador,São Luís,PARQUE TIMBIRAS,2,346,UEB PROF. JOAO LIMA SOBRINHO,TOTAL VOTOS NOMINAIS - VEREADOR,314,391,,-2.5631935,-44.2746636,TSE - Votacao por secao 2024 MA e Eleitorado local votacao 2024
2024,1,Vereador,São Luís,PARQUE TIMBIRAS,2,347,UEB PROF. JOAO LIMA SOBRINHO,TOTAL VOTOS NOMINAIS - VEREADOR,325,383,,-2.5631935,-44.2746636,TSE - Votacao por secao 2024 MA e Eleitorado local votacao 2024
2024,1,Vereador,São Luís,PARQUE TIMBIRAS,2,348,UEB PROF. JOAO LIMA SOBRINHO,TOTAL VOTOS NOMINAIS - VEREADOR,302,386,,-2.5631935,-44.2746636,TSE - Votacao por secao 2024 MA e Eleitorado local votacao 2024
2024,1,Vereador,São Luís,PARQUE TIMBIRAS,2,349,UEB PROF. JOAO LIMA SOBRINHO,TOTAL VOTOS NOMINAIS - VEREADOR,306,382,,-2.5631935,-44.2746636,TSE - Votacao por secao 2024 MA e Eleitorado local votacao 2024
2024,1,Vereador,São Luís,PARQUE TIMBIRAS,2,350,UEB PROF. JOAO LIMA SOBRINHO,TOTAL VOTOS NOMINAIS - VEREADOR,321,389,,-2.5631935,-44.2746636,TSE - Votacao por secao 2024 MA e Eleitorado local votacao 2024
2024,1,Vereador,São Luís,PARQUE TIMBIRAS,2,351,UEB PROF. JOAO LIMA SOBRINHO,TOTAL VOTOS NOMINAIS - VEREADOR,320,394,,-2.5631935,-44.2746636,TSE - Votacao por secao 2024 MA e Eleitorado local votacao 2024
2024,1,Vereador,São Luís,PARQUE TIMBIRAS,2,352,UEB PROF. JOAO LIMA SOBRINHO,TOTAL VOTOS NOMINAIS - VEREADOR,328,393,,-2.5631935,-44.2746636,TSE - Votacao por secao 2024 MA e Eleitorado local votacao 2024
2024,1,Vereador,São Luís,PARQUE TIMBIRAS,2,353,UEB PROF. JOAO LIMA SOBRINHO,TOTAL VOTOS NOMINAIS - VEREADOR,314,388,,-2.5631935,-44.2746636,TSE - Votacao por secao 2024 MA e Eleitorado local votacao 2024
2024,1,Vereador,São Luís,PARQUE TIMBIRAS,2,354,UEB PROF. JOAO LIMA SOBRINHO,TOTAL VOTOS NOMINAIS - VEREADOR,292,386,,-2.5631935,-44.2746636,TSE - Votacao por secao 2024 MA e Eleitorado local votacao 2024
2024,1,Vereador,São Luís,COROADINHO,2,355,C.E.M. DORILENE SILVA CASTRO,TOTAL VOTOS NOMINAIS - VEREADOR,307,379,,-2.5656298,-44.2672266,TSE - Votacao por secao 2024 MA e Eleitorado local votacao 2024
2024,1,Vereador,São Luís,CARATATIUA,2,356,CAAED - CENTRO AVANCADO DE APOIO A EDUCACAO (ANTIGO SAGARANA I),TOTAL VOTOS NOMINAIS - VEREADOR,193,244,,-2.5387982,-44.2710744,TSE - Votacao por secao 2024 MA e Eleitorado local votacao 2024
2024,1,Vereador,São Luís,CARATATIUA,2,357,CAAED - CENTRO AVANCADO DE APOIO A EDUCACAO (ANTIGO SAGARANA I),TOTAL VOTOS NOMINAIS - VEREADOR,196,248,,-2.5387982,-44.2710744,TSE - Votacao por secao 2024 MA e Eleitorado local votacao 2024
2024,1,Vereador,São Luís,CARATATIUA,2,358,CAAED - CENTRO AVANCADO DE APOIO A EDUCACAO (ANTIGO SAGARANA I),TOTAL VOTOS NOMINAIS - VEREADOR,197,242,,-2.5387982,-44.2710744,TSE - Votacao por secao 2024 MA e Eleitorado local votacao 2024
2024,1,Vereador,São Luís,CARATATIUA,2,359,CAAED - CENTRO AVANCADO DE APOIO A EDUCACAO (ANTIGO SAGARANA I),TOTAL VOTOS NOMINAIS - VEREADOR,191,249,,-2.5387982,-44.2710744,TSE - Votacao por secao 2024 MA e Eleitorado local votacao 2024
2024,1,Vereador,São Luís,CARATATIUA,2,360,CAAED - CENTRO AVANCADO DE APOIO A EDUCACAO (ANTIGO SAGARANA I),TOTAL VOTOS NOMINAIS - VEREADOR,174,251,,-2.5387982,-44.2710744,TSE - Votacao por secao 2024 MA e Eleitorado local votacao 2024
2024,1,Vereador,São Luís,CARATATIUA,2,361,CAAED - CENTRO AVANCADO DE APOIO A EDUCACAO (ANTIGO SAGARANA I),TOTAL VOTOS NOMINAIS - VEREADOR,201,245,,-2.5387982,-44.2710744,TSE - Votacao por secao 2024 MA e Eleitorado local votacao 2024
2024,1,Vereador,São Luís,CARATATIUA,2,362,CAAED - CENTRO AVANCADO DE APOIO A EDUCACAO (ANTIGO SAGARANA I),TOTAL VOTOS NOMINAIS - VEREADOR,186,237,,-2.5387982,-44.2710744,TSE - Votacao por secao 2024 MA e Eleitorado local votacao 2024
2024,1,Vereador,São Luís,LIBERDADE,2,363,U. E. B. PAULO FREIRE,TOTAL VOTOS NOMINAIS - VEREADOR,306,377,,-2.5297635,-44.2840739,TSE - Votacao por secao 2024 MA e Eleitorado local votacao 2024
2024,1,Vereador,São Luís,LIBERDADE,2,364,U. E. B. PAULO FREIRE,TOTAL VOTOS NOMINAIS - VEREADOR,299,373,,-2.5297635,-44.2840739,TSE - Votacao por secao 2024 MA e Eleitorado local votacao 2024
2024,1,Vereador,São Luís,SACAVEM,2,366,U. E. B. DARCY RIBEIRO,TOTAL VOTOS NOMINAIS - VEREADOR,258,329,,-2.5580359,-44.260963,TSE - Votacao por secao 2024 MA e Eleitorado local votacao 2024
2024,1,Vereador,São Luís,SACAVEM,2,367,U. E. B. DARCY RIBEIRO,TOTAL VOTOS NOMINAIS - VEREADOR,246,328,,-2.5580359,-44.260963,TSE - Votacao por secao 2024 MA e Eleitorado local votacao 2024
2024,1,Vereador,São Luís,FILIPINHO,2,368,C. E. GOVERNADOR ARCHER,TOTAL VOTOS NOMINAIS - VEREADOR,229,296,,-2.5534012,-44.2626874,TSE - Votacao por secao 2024 MA e Eleitorado local votacao 2024
2024,1,Vereador,São Luís,FILIPINHO,2,369,C. E. GOVERNADOR ARCHER,TOTAL VOTOS NOMINAIS - VEREADOR,234,298,,-2.5534012,-44.2626874,TSE - Votacao por secao 2024 MA e Eleitorado local votacao 2024
2024,1,Vereador,São Luís,FILIPINHO,2,370,C. E. GOVERNADOR ARCHER,TOTAL VOTOS NOMINAIS - VEREADOR,225,295,,-2.5534012,-44.2626874,TSE - Votacao por secao 2024 MA e Eleitorado local votacao 2024
2024,1,Vereador,São Luís,FILIPINHO,2,371,C. E. GOVERNADOR ARCHER,TOTAL VOTOS NOMINAIS - VEREADOR,229,293,,-2.5534012,-44.2626874,TSE - Votacao por secao 2024 MA e Eleitorado local votacao 2024
2024,1,Vereador,São Luís,FILIPINHO,2,372,C. E. GOVERNADOR ARCHER,TOTAL VOTOS NOMINAIS - VEREADOR,219,299,,-2.5534012,-44.2626874,TSE - Votacao por secao 2024 MA e Eleitorado local votacao 2024
2024,1,Vereador,São Luís,FILIPINHO,2,373,C. E. GOVERNADOR ARCHER,TOTAL VOTOS NOMINAIS - VEREADOR,231,299,,-2.5534012,-44.2626874,TSE - Votacao por secao 2024 MA e Eleitorado local votacao 2024
2024,1,Vereador,São Luís,FILIPINHO,2,374,C. E. GOVERNADOR ARCHER,TOTAL VOTOS NOMINAIS - VEREADOR,231,292,,-2.5534012,-44.2626874,TSE - Votacao por secao 2024 MA e Eleitorado local votacao 2024
2024,1,Vereador,São Luís,FILIPINHO,2,375,C. E. GOVERNADOR ARCHER,TOTAL VOTOS NOMINAIS - VEREADOR,211,293,,-2.5534012,-44.2626874,TSE - Votacao por secao 2024 MA e Eleitorado local votacao 2024
2024,1,Vereador,São Luís,FILIPINHO,2,376,C. E. GOVERNADOR ARCHER,TOTAL VOTOS NOMINAIS - VEREADOR,239,297,,-2.5534012,-44.2626874,TSE - Votacao por secao 2024 MA e Eleitorado local votacao 2024
2024,1,Vereador,São Luís,FILIPINHO,2,377,C. E. GOVERNADOR ARCHER,TOTAL VOTOS NOMINAIS - VEREADOR,242,298,,-2.5534012,-44.2626874,TSE - Votacao por secao 2024 MA e Eleitorado local votacao 2024
2024,1,Vereador,São Luís,IVAR SALDANHA,2,378,IEMA DR. JOAO BACELAR PORTELA,TOTAL VOTOS NOMINAIS - VEREADOR,226,303,,-2.5426383,-44.2652285,TSE - Votacao por secao 2024 MA e Eleitorado local votacao 2024
2024,1,Vereador,São Luís,IVAR SALDANHA,2,379,IEMA DR. JOAO BACELAR PORTELA,TOTAL VOTOS NOMINAIS - VEREADOR,229,304,,-2.5426383,-44.2652285,TSE - Votacao por secao 2024 MA e Eleitorado local votacao 2024
2024,1,Vereador,São Luís,IVAR SALDANHA,2,380,IEMA DR. JOAO BACELAR PORTELA,TOTAL VOTOS NOMINAIS - VEREADOR,222,299,,-2.5426383,-44.2652285,TSE - Votacao por secao 2024 MA e Eleitorado local votacao 2024
2024,1,Vereador,São Luís,IVAR SALDANHA,2,381,IEMA DR. JOAO BACELAR PORTELA,TOTAL VOTOS NOMINAIS - VEREADOR,221,296,,-2.5426383,-44.2652285,TSE - Votacao por secao 2024 MA e Eleitorado local votacao 2024
2024,1,Vereador,São Luís,IVAR SALDANHA,2,382,IEMA DR. JOAO BACELAR PORTELA,TOTAL VOTOS NOMINAIS - VEREADOR,235,301,,-2.5426383,-44.2652285,TSE - Votacao por secao 2024 MA e Eleitorado local votacao 2024
2024,1,Vereador,São Luís,IVAR SALDANHA,2,383,IEMA DR. JOAO BACELAR PORTELA,TOTAL VOTOS NOMINAIS - VEREADOR,244,300,,-2.5426383,-44.2652285,TSE - Votacao por secao 2024 MA e Eleitorado local votacao 2024
2024,1,Vereador,São Luís,IVAR SALDANHA,2,384,IEMA DR. JOAO BACELAR PORTELA,TOTAL VOTOS NOMINAIS - VEREADOR,233,299,,-2.5426383,-44.2652285,TSE - Votacao por secao 2024 MA e Eleitorado local votacao 2024
2024,1,Vereador,São Luís,IVAR SALDANHA,2,385,IEMA DR. JOAO BACELAR PORTELA,TOTAL VOTOS NOMINAIS - VEREADOR,232,300,,-2.5426383,-44.2652285,TSE - Votacao por secao 2024 MA e Eleitorado local votacao 2024
2024,1,Vereador,São Luís,JOAO PAULO,2,386,U. I. DUQUE DE CAXIAS,TOTAL VOTOS NOMINAIS - VEREADOR,244,294,,-2.5422715,-44.2737083,TSE - Votacao por secao 2024 MA e Eleitorado local votacao 2024
2024,1,Vereador,São Luís,JOAO PAULO,2,387,U. I. DUQUE DE CAXIAS,TOTAL VOTOS NOMINAIS - VEREADOR,216,289,,-2.5422715,-44.2737083,TSE - Votacao por secao 2024 MA e Eleitorado local votacao 2024
2024,1,Vereador,São Luís,JOAO PAULO,2,388,U. I. DUQUE DE CAXIAS,TOTAL VOTOS NOMINAIS - VEREADOR,232,291,,-2.5422715,-44.2737083,TSE - Votacao por secao 2024 MA e Eleitorado local votacao 2024
2024,1,Vereador,São Luís,JOAO PAULO,2,389,U. I. DUQUE DE CAXIAS,TOTAL VOTOS NOMINAIS - VEREADOR,237,294,,-2.5422715,-44.2737083,TSE - Votacao por secao 2024 MA e Eleitorado local votacao 2024
2024,1,Vereador,São Luís,JOAO PAULO,2,390,U. I. DUQUE DE CAXIAS,TOTAL VOTOS NOMINAIS - VEREADOR,224,286,,-2.5422715,-44.2737083,TSE - Votacao por secao 2024 MA e Eleitorado local votacao 2024
2024,1,Vereador,São Luís,JOAO PAULO,2,391,U. I. DUQUE DE CAXIAS,TOTAL VOTOS NOMINAIS - VEREADOR,247,290,,-2.5422715,-44.2737083,TSE - Votacao por secao 2024 MA e Eleitorado local votacao 2024
2024,1,Vereador,São Luís,CAMBOA,2,392,UEB BILINGUE LIBRAS E LINGUA PORTUGUESA ESCRITA,TOTAL VOTOS NOMINAIS - VEREADOR,237,292,,-2.5251817,-44.2913466,TSE - Votacao por secao 2024 MA e Eleitorado local votacao 2024
2024,1,Vereador,São Luís,CAMBOA,2,395,UEB BILINGUE LIBRAS E LINGUA PORTUGUESA ESCRITA,TOTAL VOTOS NOMINAIS - VEREADOR,311,386,,-2.5251817,-44.2913466,TSE - Votacao por secao 2024 MA e Eleitorado local votacao 2024
2024,1,Vereador,São Luís,CAMBOA,2,396,UEB BILINGUE LIBRAS E LINGUA PORTUGUESA ESCRITA,TOTAL VOTOS NOMINAIS - VEREADOR,283,357,,-2.5251817,-44.2913466,TSE - Votacao por secao 2024 MA e Eleitorado local votacao 2024
2024,1,Vereador,São Luís,CAMBOA,2,398,UEB BILINGUE LIBRAS E LINGUA PORTUGUESA ESCRITA,TOTAL VOTOS NOMINAIS - VEREADOR,283,366,,-2.5251817,-44.2913466,TSE - Votacao por secao 2024 MA e Eleitorado local votacao 2024
2024,1,Vereador,São Luís,FILIPINHO,2,399,SISTEMA EDUCACIONAL MASTER,TOTAL VOTOS NOMINAIS - VEREADOR,232,288,,-2.5531144,-44.2625217,TSE - Votacao por secao 2024 MA e Eleitorado local votacao 2024
2024,1,Vereador,São Luís,FILIPINHO,2,400,SISTEMA EDUCACIONAL MASTER,TOTAL VOTOS NOMINAIS - VEREADOR,229,291,,-2.5531144,-44.2625217,TSE - Votacao por secao 2024 MA e Eleitorado local votacao 2024
2024,1,Vereador,São Luís,FILIPINHO,2,401,SISTEMA EDUCACIONAL MASTER,TOTAL VOTOS NOMINAIS - VEREADOR,236,290,,-2.5531144,-44.2625217,TSE - Votacao por secao 2024 MA e Eleitorado local votacao 2024
2024,1,Vereador,São Luís,FILIPINHO,2,402,SISTEMA EDUCACIONAL MASTER,TOTAL VOTOS NOMINAIS - VEREADOR,214,292,,-2.5531144,-44.2625217,TSE - Votacao por secao 2024 MA e Eleitorado local votacao 2024
2024,1,Vereador,São Luís,FILIPINHO,2,403,SISTEMA EDUCACIONAL MASTER,TOTAL VOTOS NOMINAIS - VEREADOR,204,287,,-2.5531144,-44.2625217,TSE - Votacao por secao 2024 MA e Eleitorado local votacao 2024
2024,1,Vereador,São Luís,FILIPINHO,2,404,SISTEMA EDUCACIONAL MASTER,TOTAL VOTOS NOMINAIS - VEREADOR,232,288,,-2.5531144,-44.2625217,TSE - Votacao por secao 2024 MA e Eleitorado local votacao 2024
2024,1,Vereador,São Luís,FILIPINHO,2,405,SISTEMA EDUCACIONAL MASTER,TOTAL VOTOS NOMINAIS - VEREADOR,219,287,,-2.5531144,-44.2625217,TSE - Votacao por secao 2024 MA e Eleitorado local votacao 2024
2024,1,Vereador,São Luís,FILIPINHO,2,406,SISTEMA EDUCACIONAL MASTER,TOTAL VOTOS NOMINAIS - VEREADOR,211,287,,-2.5531144,-44.2625217,TSE - Votacao por secao 2024 MA e Eleitorado local votacao 2024
2024,1,Vereador,São Luís,COHEB SACAVEM,2,407,U. E. B. JOSUE MONTELO,TOTAL VOTOS NOMINAIS - VEREADOR,231,291,,-2.5577682,-44.2546246,TSE - Votacao por secao 2024 MA e Eleitorado local votacao 2024
2024,1,Vereador,São Luís,COHEB SACAVEM,2,408,U. E. B. JOSUE MONTELO,TOTAL VOTOS NOMINAIS - VEREADOR,232,282,,-2.5577682,-44.2546246,TSE - Votacao por secao 2024 MA e Eleitorado local votacao 2024
2024,1,Vereador,São Luís,COHEB SACAVEM,2,409,U. E. B. JOSUE MONTELO,TOTAL VOTOS NOMINAIS - VEREADOR,235,287,,-2.5577682,-44.2546246,TSE - Votacao por secao 2024 MA e Eleitorado local votacao 2024
2024,1,Vereador,São Luís,COHEB SACAVEM,2,410,U. E. B. JOSUE MONTELO,TOTAL VOTOS NOMINAIS - VEREADOR,228,285,,-2.5577682,-44.2546246,TSE - Votacao por secao 2024 MA e Eleitorado local votacao 2024
2024,1,Vereador,São Luís,COHEB SACAVEM,2,411,U. E. B. JOSUE MONTELO,TOTAL VOTOS NOMINAIS - VEREADOR,254,290,,-2.5577682,-44.2546246,TSE - Votacao por secao 2024 MA e Eleitorado local votacao 2024
2024,1,Vereador,São Luís,COHEB SACAVEM,2,412,U. E. B. JOSUE MONTELO,TOTAL VOTOS NOMINAIS - VEREADOR,232,287,,-2.5577682,-44.2546246,TSE - Votacao por secao 2024 MA e Eleitorado local votacao 2024
2024,1,Vereador,São Luís,COHEB SACAVEM,2,413,U. E. B. JOSUE MONTELO,TOTAL VOTOS NOMINAIS - VEREADOR,236,286,,-2.5577682,-44.2546246,TSE - Votacao por secao 2024 MA e Eleitorado local votacao 2024
2024,1,Vereador,São Luís,COHEB SACAVEM,2,414,U. E. B. JOSUE MONTELO,TOTAL VOTOS NOMINAIS - VEREADOR,231,280,,-2.5577682,-44.2546246,TSE - Votacao por secao 2024 MA e Eleitorado local votacao 2024
2024,1,Vereador,São Luís,SACAVEM,2,415,C. E. JOSUE MONTELLO,TOTAL VOTOS NOMINAIS - VEREADOR,323,391,,-2.5555415,-44.2562395,TSE - Votacao por secao 2024 MA e Eleitorado local votacao 2024
2024,1,Vereador,São Luís,SACAVEM,2,416,C. E. JOSUE MONTELLO,TOTAL VOTOS NOMINAIS - VEREADOR,316,387,,-2.5555415,-44.2562395,TSE - Votacao por secao 2024 MA e Eleitorado local votacao 2024
2024,1,Vereador,São Luís,SACAVEM,2,417,C. E. JOSUE MONTELLO,TOTAL VOTOS NOMINAIS - VEREADOR,303,387,,-2.5555415,-44.2562395,TSE - Votacao por secao 2024 MA e Eleitorado local votacao 2024
2024,1,Vereador,São Luís,SACAVEM,2,418,C. E. JOSUE MONTELLO,TOTAL VOTOS NOMINAIS - VEREADOR,315,386,,-2.5555415,-44.2562395,TSE - Votacao por secao 2024 MA e Eleitorado local votacao 2024
2024,1,Vereador,São Luís,SACAVEM,2,419,C. E. JOSUE MONTELLO,TOTAL VOTOS NOMINAIS - VEREADOR,304,379,,-2.5555415,-44.2562395,TSE - Votacao por secao 2024 MA e Eleitorado local votacao 2024
2024,1,Vereador,São Luís,ALEMANHA,2,420,C. E. M. - MARGARIDA PIRES LEAL,TOTAL VOTOS NOMINAIS - VEREADOR,197,249,,-2.538417,-44.2688942,TSE - Votacao por secao 2024 MA e Eleitorado local votacao 2024
2024,1,Vereador,São Luís,ALEMANHA,2,421,C. E. M. - MARGARIDA PIRES LEAL,TOTAL VOTOS NOMINAIS - VEREADOR,181,242,,-2.538417,-44.2688942,TSE - Votacao por secao 2024 MA e Eleitorado local votacao 2024
2024,1,Vereador,São Luís,ALEMANHA,2,422,C. E. M. - MARGARIDA PIRES LEAL,TOTAL VOTOS NOMINAIS - VEREADOR,197,246,,-2.538417,-44.2688942,TSE - Votacao por secao 2024 MA e Eleitorado local votacao 2024
2024,1,Vereador,São Luís,ALEMANHA,2,423,C. E. M. - MARGARIDA PIRES LEAL,TOTAL VOTOS NOMINAIS - VEREADOR,190,245,,-2.538417,-44.2688942,TSE - Votacao por secao 2024 MA e Eleitorado local votacao 2024
2024,1,Vereador,São Luís,ALEMANHA,2,424,C. E. M. - MARGARIDA PIRES LEAL,TOTAL VOTOS NOMINAIS - VEREADOR,193,249,,-2.538417,-44.2688942,TSE - Votacao por secao 2024 MA e Eleitorado local votacao 2024
2024,1,Vereador,São Luís,ALEMANHA,2,425,C. E. M. - MARGARIDA PIRES LEAL,TOTAL VOTOS NOMINAIS - VEREADOR,194,247,,-2.538417,-44.2688942,TSE - Votacao por secao 2024 MA e Eleitorado local votacao 2024
2024,1,Vereador,São Luís,ALEMANHA,2,426,C. E. M. - MARGARIDA PIRES LEAL,TOTAL VOTOS NOMINAIS - VEREADOR,191,247,,-2.538417,-44.2688942,TSE - Votacao por secao 2024 MA e Eleitorado local votacao 2024
2024,1,Vereador,São Luís,ALEMANHA,2,427,C. E. M. - MARGARIDA PIRES LEAL,TOTAL VOTOS NOMINAIS - VEREADOR,198,244,,-2.538417,-44.2688942,TSE - Votacao por secao 2024 MA e Eleitorado local votacao 2024
2024,1,Vereador,São Luís,ALEMANHA,2,428,C. E. M. - MARGARIDA PIRES LEAL,TOTAL VOTOS NOMINAIS - VEREADOR,187,244,,-2.538417,-44.2688942,TSE - Votacao por secao 2024 MA e Eleitorado local votacao 2024
2024,1,Vereador,São Luís,IVAR SALDANHA,2,429,C. E. COELHO NETO,TOTAL VOTOS NOMINAIS - VEREADOR,245,328,,-2.5438688,-44.2654632,TSE - Votacao por secao 2024 MA e Eleitorado local votacao 2024
2024,1,Vereador,São Luís,IVAR SALDANHA,2,430,C. E. COELHO NETO,TOTAL VOTOS NOMINAIS - VEREADOR,254,324,,-2.5438688,-44.2654632,TSE - Votacao por secao 2024 MA e Eleitorado local votacao 2024
2024,1,Vereador,São Luís,IVAR SALDANHA,2,431,C. E. COELHO NETO,TOTAL VOTOS NOMINAIS - VEREADOR,242,324,,-2.5438688,-44.2654632,TSE - Votacao por secao 2024 MA e Eleitorado local votacao 2024
2024,1,Vereador,São Luís,IVAR SALDANHA,2,432,C. E. COELHO NETO,TOTAL VOTOS NOMINAIS - VEREADOR,246,320,,-2.5438688,-44.2654632,TSE - Votacao por secao 2024 MA e Eleitorado local votacao 2024
2024,1,Vereador,São Luís,IVAR SALDANHA,2,433,C. E. COELHO NETO,TOTAL VOTOS NOMINAIS - VEREADOR,237,324,,-2.5438688,-44.2654632,TSE - Votacao por secao 2024 MA e Eleitorado local votacao 2024
2024,1,Vereador,São Luís,IVAR SALDANHA,2,434,C. E. COELHO NETO,TOTAL VOTOS NOMINAIS - VEREADOR,242,322,,-2.5438688,-44.2654632,TSE - Votacao por secao 2024 MA e Eleitorado local votacao 2024
2024,1,Vereador,São Luís,IVAR SALDANHA,2,435,C. E. COELHO NETO,TOTAL VOTOS NOMINAIS - VEREADOR,244,323,,-2.5438688,-44.2654632,TSE - Votacao por secao 2024 MA e Eleitorado local votacao 2024
2024,1,Vereador,São Luís,IVAR SALDANHA,2,436,C. E. COELHO NETO,TOTAL VOTOS NOMINAIS - VEREADOR,258,320,,-2.5438688,-44.2654632,TSE - Votacao por secao 2024 MA e Eleitorado local votacao 2024
2024,1,Vereador,São Luís,IVAR SALDANHA,2,437,C. E. COELHO NETO,TOTAL VOTOS NOMINAIS - VEREADOR,249,323,,-2.5438688,-44.2654632,TSE - Votacao por secao 2024 MA e Eleitorado local votacao 2024
2024,1,Vereador,São Luís,IVAR SALDANHA,2,438,C. E. COELHO NETO,TOTAL VOTOS NOMINAIS - VEREADOR,260,327,,-2.5438688,-44.2654632,TSE - Votacao por secao 2024 MA e Eleitorado local votacao 2024
2024,1,Vereador,São Luís,LIBERDADE,2,439,U. E. B. MARIO ANDREAZZA,TOTAL VOTOS NOMINAIS - VEREADOR,294,366,,-2.5290546,-44.2845701,TSE - Votacao por secao 2024 MA e Eleitorado local votacao 2024
2024,1,Vereador,São Luís,LIBERDADE,2,440,U. E. B. MARIO ANDREAZZA,TOTAL VOTOS NOMINAIS - VEREADOR,285,371,,-2.5290546,-44.2845701,TSE - Votacao por secao 2024 MA e Eleitorado local votacao 2024
2024,1,Vereador,São Luís,LIBERDADE,2,441,U. E. B. MARIO ANDREAZZA,TOTAL VOTOS NOMINAIS - VEREADOR,292,375,,-2.5290546,-44.2845701,TSE - Votacao por secao 2024 MA e Eleitorado local votacao 2024
2024,1,Vereador,São Luís,LIBERDADE,2,442,U. E. B. MARIO ANDREAZZA,TOTAL VOTOS NOMINAIS - VEREADOR,296,381,,-2.5290546,-44.2845701,TSE - Votacao por secao 2024 MA e Eleitorado local votacao 2024
2024,1,Vereador,São Luís,LIBERDADE,2,443,U. E. B. MARIO ANDREAZZA,TOTAL VOTOS NOMINAIS - VEREADOR,295,365,,-2.5290546,-44.2845701,TSE - Votacao por secao 2024 MA e Eleitorado local votacao 2024
2024,1,Vereador,São Luís,LIBERDADE,2,444,U. E. B. MARIO ANDREAZZA,TOTAL VOTOS NOMINAIS - VEREADOR,294,373,,-2.5290546,-44.2845701,TSE - Votacao por secao 2024 MA e Eleitorado local votacao 2024
2024,1,Vereador,São Luís,LIBERDADE,2,445,U. E. B. MARIO ANDREAZZA,TOTAL VOTOS NOMINAIS - VEREADOR,291,366,,-2.5290546,-44.2845701,TSE - Votacao por secao 2024 MA e Eleitorado local votacao 2024
2024,1,Vereador,São Luís,LIBERDADE,2,446,U. E. B. MARIO ANDREAZZA,TOTAL VOTOS NOMINAIS - VEREADOR,272,374,,-2.5290546,-44.2845701,TSE - Votacao por secao 2024 MA e Eleitorado local votacao 2024
2024,1,Vereador,São Luís,LIBERDADE,2,447,U. E. B. MARIO ANDREAZZA,TOTAL VOTOS NOMINAIS - VEREADOR,300,380,,-2.5290546,-44.2845701,TSE - Votacao por secao 2024 MA e Eleitorado local votacao 2024
2024,1,Vereador,São Luís,LIBERDADE,2,448,U. E. B. MARIO ANDREAZZA,TOTAL VOTOS NOMINAIS - VEREADOR,284,373,,-2.5290546,-44.2845701,TSE - Votacao por secao 2024 MA e Eleitorado local votacao 2024
2024,1,Vereador,São Luís,LIBERDADE,2,449,U. E. B. PAULO FREIRE,TOTAL VOTOS NOMINAIS - VEREADOR,295,371,,-2.5297635,-44.2840739,TSE - Votacao por secao 2024 MA e Eleitorado local votacao 2024
2024,1,Vereador,São Luís,LIBERDADE,2,450,U. E. B. PAULO FREIRE,TOTAL VOTOS NOMINAIS - VEREADOR,300,372,,-2.5297635,-44.2840739,TSE - Votacao por secao 2024 MA e Eleitorado local votacao 2024
2024,1,Vereador,São Luís,LIBERDADE,2,451,U. E. B. PAULO FREIRE,TOTAL VOTOS NOMINAIS - VEREADOR,286,371,,-2.5297635,-44.2840739,TSE - Votacao por secao 2024 MA e Eleitorado local votacao 2024
2024,1,Vereador,São Luís,CAMBOA,2,452,UEB BILINGUE LIBRAS E LINGUA PORTUGUESA ESCRITA,TOTAL VOTOS NOMINAIS - VEREADOR,221,289,,-2.5251817,-44.2913466,TSE - Votacao por secao 2024 MA e Eleitorado local votacao 2024
2024,1,Vereador,São Luís,CAMBOA,2,453,UEB BILINGUE LIBRAS E LINGUA PORTUGUESA ESCRITA,TOTAL VOTOS NOMINAIS - VEREADOR,210,285,,-2.5251817,-44.2913466,TSE - Votacao por secao 2024 MA e Eleitorado local votacao 2024
2024,1,Vereador,São Luís,CAMBOA,2,454,UEB BILINGUE LIBRAS E LINGUA PORTUGUESA ESCRITA,TOTAL VOTOS NOMINAIS - VEREADOR,214,290,,-2.5251817,-44.2913466,TSE - Votacao por secao 2024 MA e Eleitorado local votacao 2024
2024,1,Vereador,São Luís,CAMBOA,2,455,UEB BILINGUE LIBRAS E LINGUA PORTUGUESA ESCRITA,TOTAL VOTOS NOMINAIS - VEREADOR,227,284,,-2.5251817,-44.2913466,TSE - Votacao por secao 2024 MA e Eleitorado local votacao 2024
2024,1,Vereador,São Luís,CAMBOA,2,456,UEB BILINGUE LIBRAS E LINGUA PORTUGUESA ESCRITA,TOTAL VOTOS NOMINAIS - VEREADOR,229,288,,-2.5251817,-44.2913466,TSE - Votacao por secao 2024 MA e Eleitorado local votacao 2024
2024,1,Vereador,São Luís,CAMBOA,2,457,UEB BILINGUE LIBRAS E LINGUA PORTUGUESA ESCRITA,TOTAL VOTOS NOMINAIS - VEREADOR,227,290,,-2.5251817,-44.2913466,TSE - Votacao por secao 2024 MA e Eleitorado local votacao 2024
2024,1,Vereador,São Luís,CAMBOA,2,458,UEB BILINGUE LIBRAS E LINGUA PORTUGUESA ESCRITA,TOTAL VOTOS NOMINAIS - VEREADOR,240,289,,-2.5251817,-44.2913466,TSE - Votacao por secao 2024 MA e Eleitorado local votacao 2024
2024,1,Vereador,São Luís,CAMBOA,2,459,UEB BILINGUE LIBRAS E LINGUA PORTUGUESA ESCRITA,TOTAL VOTOS NOMINAIS - VEREADOR,226,285,,-2.5251817,-44.2913466,TSE - Votacao por secao 2024 MA e Eleitorado local votacao 2024
2024,1,Vereador,São Luís,CAMBOA,2,460,UEB BILINGUE LIBRAS E LINGUA PORTUGUESA ESCRITA,TOTAL VOTOS NOMINAIS - VEREADOR,239,289,,-2.5251817,-44.2913466,TSE - Votacao por secao 2024 MA e Eleitorado local votacao 2024
2024,1,Vereador,São Luís,CAMBOA,2,461,UEB BILINGUE LIBRAS E LINGUA PORTUGUESA ESCRITA,TOTAL VOTOS NOMINAIS - VEREADOR,228,292,,-2.5251817,-44.2913466,TSE - Votacao por secao 2024 MA e Eleitorado local votacao 2024
2024,1,Vereador,São Luís,CAMBOA,2,462,UEB BILINGUE LIBRAS E LINGUA PORTUGUESA ESCRITA,TOTAL VOTOS NOMINAIS - VEREADOR,212,287,,-2.5251817,-44.2913466,TSE - Votacao por secao 2024 MA e Eleitorado local votacao 2024
2024,1,Vereador,São Luís,JORDOA,2,463,U. E. ESTADO DE SAO PAULO,TOTAL VOTOS NOMINAIS - VEREADOR,256,337,,-2.5472963,-44.2673386,TSE - Votacao por secao 2024 MA e Eleitorado local votacao 2024
2024,1,Vereador,São Luís,JORDOA,2,464,U. E. ESTADO DE SAO PAULO,TOTAL VOTOS NOMINAIS - VEREADOR,246,341,,-2.5472963,-44.2673386,TSE - Votacao por secao 2024 MA e Eleitorado local votacao 2024
2024,1,Vereador,São Luís,JORDOA,2,465,U. E. ESTADO DE SAO PAULO,TOTAL VOTOS NOMINAIS - VEREADOR,263,338,,-2.5472963,-44.2673386,TSE - Votacao por secao 2024 MA e Eleitorado local votacao 2024
2024,1,Vereador,São Luís,JORDOA,2,466,U. E. ESTADO DE SAO PAULO,TOTAL VOTOS NOMINAIS - VEREADOR,265,342,,-2.5472963,-44.2673386,TSE - Votacao por secao 2024 MA e Eleitorado local votacao 2024
2024,1,Vereador,São Luís,JORDOA,2,467,U. E. ESTADO DE SAO PAULO,TOTAL VOTOS NOMINAIS - VEREADOR,273,339,,-2.5472963,-44.2673386,TSE - Votacao por secao 2024 MA e Eleitorado local votacao 2024
2024,1,Vereador,São Luís,CARATATIUA,2,468,C. E. SAGARANA II,TOTAL VOTOS NOMINAIS - VEREADOR,241,302,,-2.5387032,-44.270274,TSE - Votacao por secao 2024 MA e Eleitorado local votacao 2024
2024,1,Vereador,São Luís,CARATATIUA,2,470,C. E. SAGARANA II,TOTAL VOTOS NOMINAIS - VEREADOR,231,303,,-2.5387032,-44.270274,TSE - Votacao por secao 2024 MA e Eleitorado local votacao 2024
2024,1,Vereador,São Luís,CARATATIUA,2,472,C. E. SAGARANA II,TOTAL VOTOS NOMINAIS - VEREADOR,237,302,,-2.5387032,-44.270274,TSE - Votacao por secao 2024 MA e Eleitorado local votacao 2024
2024,1,Vereador,São Luís,CARATATIUA,2,474,C. E. SAGARANA II,TOTAL VOTOS NOMINAIS - VEREADOR,237,303,,-2.5387032,-44.270274,TSE - Votacao por secao 2024 MA e Eleitorado local votacao 2024
2024,1,Vereador,São Luís,CARATATIUA,2,476,C. E. SAGARANA II,TOTAL VOTOS NOMINAIS - VEREADOR,248,302,,-2.5387032,-44.270274,TSE - Votacao por secao 2024 MA e Eleitorado local votacao 2024
2024,1,Vereador,São Luís,ALEMANHA,2,478,U. E. B. ALBERICO SILVA,TOTAL VOTOS NOMINAIS - VEREADOR,205,263,,-2.5370097,-44.2741118,TSE - Votacao por secao 2024 MA e Eleitorado local votacao 2024
2024,1,Vereador,São Luís,ALEMANHA,2,479,U. E. B. ALBERICO SILVA,TOTAL VOTOS NOMINAIS - VEREADOR,208,261,,-2.5370097,-44.2741118,TSE - Votacao por secao 2024 MA e Eleitorado local votacao 2024
2024,1,Vereador,São Luís,ALEMANHA,2,480,U. E. B. ALBERICO SILVA,TOTAL VOTOS NOMINAIS - VEREADOR,212,261,,-2.5370097,-44.2741118,TSE - Votacao por secao 2024 MA e Eleitorado local votacao 2024
2024,1,Vereador,São Luís,LIBERDADE,2,481,ESCOLA DE TEMPO INTEGRAL NEGRO COSME,TOTAL VOTOS NOMINAIS - VEREADOR,273,347,,-2.5246099,-44.2853367,TSE - Votacao por secao 2024 MA e Eleitorado local votacao 2024
2024,1,Vereador,São Luís,LIBERDADE,2,482,ESCOLA DE TEMPO INTEGRAL NEGRO COSME,TOTAL VOTOS NOMINAIS - VEREADOR,291,346,,-2.5246099,-44.2853367,TSE - Votacao por secao 2024 MA e Eleitorado local votacao 2024
2024,1,Vereador,São Luís,LIBERDADE,2,483,ESCOLA DE TEMPO INTEGRAL NEGRO COSME,TOTAL VOTOS NOMINAIS - VEREADOR,280,350,,-2.5246099,-44.2853367,TSE - Votacao por secao 2024 MA e Eleitorado local votacao 2024
2024,1,Vereador,São Luís,LIBERDADE,2,484,ESCOLA DE TEMPO INTEGRAL NEGRO COSME,TOTAL VOTOS NOMINAIS - VEREADOR,274,348,,-2.5246099,-44.2853367,TSE - Votacao por secao 2024 MA e Eleitorado local votacao 2024
2024,1,Vereador,São Luís,LIBERDADE,2,485,ESCOLA DE TEMPO INTEGRAL NEGRO COSME,TOTAL VOTOS NOMINAIS - VEREADOR,292,354,,-2.5246099,-44.2853367,TSE - Votacao por secao 2024 MA e Eleitorado local votacao 2024
2024,1,Vereador,São Luís,LIBERDADE,2,486,ESCOLA DE TEMPO INTEGRAL NEGRO COSME,TOTAL VOTOS NOMINAIS - VEREADOR,285,341,,-2.5246099,-44.2853367,TSE - Votacao por secao 2024 MA e Eleitorado local votacao 2024
2024,1,Vereador,São Luís,LIBERDADE,2,487,ESCOLA DE TEMPO INTEGRAL NEGRO COSME,TOTAL VOTOS NOMINAIS - VEREADOR,285,345,,-2.5246099,-44.2853367,TSE - Votacao por secao 2024 MA e Eleitorado local votacao 2024
2024,1,Vereador,São Luís,LIBERDADE,2,488,ESCOLA DE TEMPO INTEGRAL NEGRO COSME,TOTAL VOTOS NOMINAIS - VEREADOR,291,348,,-2.5246099,-44.2853367,TSE - Votacao por secao 2024 MA e Eleitorado local votacao 2024
2024,1,Vereador,São Luís,LIBERDADE,2,489,ESCOLA DE TEMPO INTEGRAL NEGRO COSME,TOTAL VOTOS NOMINAIS - VEREADOR,273,350,,-2.5246099,-44.2853367,TSE - Votacao por secao 2024 MA e Eleitorado local votacao 2024
2024,1,Vereador,São Luís,LIBERDADE,2,490,ESCOLA DE TEMPO INTEGRAL NEGRO COSME,TOTAL VOTOS NOMINAIS - VEREADOR,273,348,,-2.5246099,-44.2853367,TSE - Votacao por secao 2024 MA e Eleitorado local votacao 2024
2024,1,Vereador,São Luís,LIBERDADE,2,491,ESCOLA DE TEMPO INTEGRAL NEGRO COSME,TOTAL VOTOS NOMINAIS - VEREADOR,285,349,,-2.5246099,-44.2853367,TSE - Votacao por secao 2024 MA e Eleitorado local votacao 2024
2024,1,Vereador,São Luís,LIBERDADE,2,492,ESCOLA DE TEMPO INTEGRAL NEGRO COSME,TOTAL VOTOS NOMINAIS - VEREADOR,264,344,,-2.5246099,-44.2853367,TSE - Votacao por secao 2024 MA e Eleitorado local votacao 2024
2024,1,Vereador,São Luís,LIBERDADE,2,493,U. E. B. PAULO FREIRE,TOTAL VOTOS NOMINAIS - VEREADOR,276,370,,-2.5297635,-44.2840739,TSE - Votacao por secao 2024 MA e Eleitorado local votacao 2024
2024,1,Vereador,São Luís,LIBERDADE,2,494,U. E. B. PAULO FREIRE,TOTAL VOTOS NOMINAIS - VEREADOR,291,367,,-2.5297635,-44.2840739,TSE - Votacao por secao 2024 MA e Eleitorado local votacao 2024
2024,1,Vereador,São Luís,LIBERDADE,2,495,U. E. B. PAULO FREIRE,TOTAL VOTOS NOMINAIS - VEREADOR,289,367,,-2.5297635,-44.2840739,TSE - Votacao por secao 2024 MA e Eleitorado local votacao 2024
2024,1,Vereador,São Luís,COHEB SACAVEM,2,496,IEMA VOCACIONAL ESTADO DO CEARA,TOTAL VOTOS NOMINAIS - VEREADOR,194,271,,-2.5578223,-44.2533159,TSE - Votacao por secao 2024 MA e Eleitorado local votacao 2024
2024,1,Vereador,São Luís,COHEB SACAVEM,2,497,IEMA VOCACIONAL ESTADO DO CEARA,TOTAL VOTOS NOMINAIS - VEREADOR,208,272,,-2.5578223,-44.2533159,TSE - Votacao por secao 2024 MA e Eleitorado local votacao 2024
2024,1,Vereador,São Luís,COHEB SACAVEM,2,498,IEMA VOCACIONAL ESTADO DO CEARA,TOTAL VOTOS NOMINAIS - VEREADOR,229,273,,-2.5578223,-44.2533159,TSE - Votacao por secao 2024 MA e Eleitorado local votacao 2024
2024,1,Vereador,São Luís,COHEB SACAVEM,2,499,IEMA VOCACIONAL ESTADO DO CEARA,TOTAL VOTOS NOMINAIS - VEREADOR,212,273,,-2.5578223,-44.2533159,TSE - Votacao por secao 2024 MA e Eleitorado local votacao 2024
2024,1,Vereador,São Luís,COHEB SACAVEM,2,500,IEMA VOCACIONAL ESTADO DO CEARA,TOTAL VOTOS NOMINAIS - VEREADOR,220,268,,-2.5578223,-44.2533159,TSE - Votacao por secao 2024 MA e Eleitorado local votacao 2024
2024,1,Vereador,São Luís,COHEB SACAVEM,2,501,IEMA VOCACIONAL ESTADO DO CEARA,TOTAL VOTOS NOMINAIS - VEREADOR,236,270,,-2.5578223,-44.2533159,TSE - Votacao por secao 2024 MA e Eleitorado local votacao 2024
2024,1,Vereador,São Luís,COHEB SACAVEM,2,502,IEMA VOCACIONAL ESTADO DO CEARA,TOTAL VOTOS NOMINAIS - VEREADOR,219,270,,-2.5578223,-44.2533159,TSE - Votacao por secao 2024 MA e Eleitorado local votacao 2024
2024,1,Vereador,São Luís,COHEB SACAVEM,2,503,IEMA VOCACIONAL ESTADO DO CEARA,TOTAL VOTOS NOMINAIS - VEREADOR,205,269,,-2.5578223,-44.2533159,TSE - Votacao por secao 2024 MA e Eleitorado local votacao 2024
2024,1,Vereador,São Luís,COHEB SACAVEM,2,504,IEMA VOCACIONAL ESTADO DO CEARA,TOTAL VOTOS NOMINAIS - VEREADOR,207,269,,-2.5578223,-44.2533159,TSE - Votacao por secao 2024 MA e Eleitorado local votacao 2024
2024,1,Vereador,São Luís,COROADINHO,2,505,U. E. B. PROF RUBEM ALMEIDA,TOTAL VOTOS NOMINAIS - VEREADOR,291,370,,-2.5654559,-44.2653465,TSE - Votacao por secao 2024 MA e Eleitorado local votacao 2024
2024,1,Vereador,São Luís,COROADINHO,2,506,C.E.M. DORILENE SILVA CASTRO,TOTAL VOTOS NOMINAIS - VEREADOR,302,378,,-2.5656298,-44.2672266,TSE - Votacao por secao 2024 MA e Eleitorado local votacao 2024
2024,1,Vereador,São Luís,COROADINHO,2,507,U. E. B. PROF RUBEM ALMEIDA,TOTAL VOTOS NOMINAIS - VEREADOR,294,383,,-2.5654559,-44.2653465,TSE - Votacao por secao 2024 MA e Eleitorado local votacao 2024
2024,1,Vereador,São Luís,SACAVEM,2,508,U. E. B. DARCY RIBEIRO,TOTAL VOTOS NOMINAIS - VEREADOR,269,328,,-2.5580359,-44.260963,TSE - Votacao por secao 2024 MA e Eleitorado local votacao 2024
2024,1,Vereador,São Luís,LIBERDADE,2,509,C. E. PROF. LUIZ ALVES FERREIRA,TOTAL VOTOS NOMINAIS - VEREADOR,196,221,,-2.5235791,-44.2831738,TSE - Votacao por secao 2024 MA e Eleitorado local votacao 2024
2024,1,Vereador,São Luís,ALEMANHA,3,6,UI ANA ADELAIDE BELO (SESI),TOTAL VOTOS NOMINAIS - VEREADOR,212,265,,,,TSE - Votacao por secao 2024 MA e Eleitorado local votacao 2024
2024,1,Vereador,São Luís,ALEMANHA,3,7,UI ANA ADELAIDE BELO (SESI),TOTAL VOTOS NOMINAIS - VEREADOR,208,269,,,,TSE - Votacao por secao 2024 MA e Eleitorado local votacao 2024
2024,1,Vereador,São Luís,ALEMANHA,3,8,UI ANA ADELAIDE BELO (SESI),TOTAL VOTOS NOMINAIS - VEREADOR,213,271,,,,TSE - Votacao por secao 2024 MA e Eleitorado local votacao 2024
2024,1,Vereador,São Luís,ALEMANHA,3,9,UI ANA ADELAIDE BELO (SESI),TOTAL VOTOS NOMINAIS - VEREADOR,214,270,,,,TSE - Votacao por secao 2024 MA e Eleitorado local votacao 2024
2024,1,Vereador,São Luís,ALEMANHA,3,10,UI ANA ADELAIDE BELO (SESI),TOTAL VOTOS NOMINAIS - VEREADOR,226,271,,,,TSE - Votacao por secao 2024 MA e Eleitorado local votacao 2024
2024,1,Vereador,São Luís,ALEMANHA,3,69,UEB - LUÍS VIANA,TOTAL VOTOS NOMINAIS - VEREADOR,201,260,,-2.5363757,-44.2690261,TSE - Votacao por secao 2024 MA e Eleitorado local votacao 2024
2024,1,Vereador,São Luís,ALEMANHA,3,70,UEB - LUÍS VIANA,TOTAL VOTOS NOMINAIS - VEREADOR,206,262,,-2.5363757,-44.2690261,TSE - Votacao por secao 2024 MA e Eleitorado local votacao 2024
2024,1,Vereador,São Luís,ALEMANHA,3,71,UEB - LUÍS VIANA,TOTAL VOTOS NOMINAIS - VEREADOR,201,262,,-2.5363757,-44.2690261,TSE - Votacao por secao 2024 MA e Eleitorado local votacao 2024
2024,1,Vereador,São Luís,ALEMANHA,3,72,UEB - LUÍS VIANA,TOTAL VOTOS NOMINAIS - VEREADOR,205,263,,-2.5363757,-44.2690261,TSE - Votacao por secao 2024 MA e Eleitorado local votacao 2024
2024,1,Vereador,São Luís,ALEMANHA,3,73,UEB - LUÍS VIANA,TOTAL VOTOS NOMINAIS - VEREADOR,215,263,,-2.5363757,-44.2690261,TSE - Votacao por secao 2024 MA e Eleitorado local votacao 2024
2024,1,Vereador,São Luís,ALEMANHA,3,74,UEB - LUÍS VIANA,TOTAL VOTOS NOMINAIS - VEREADOR,207,258,,-2.5363757,-44.2690261,TSE - Votacao por secao 2024 MA e Eleitorado local votacao 2024
2024,1,Vereador,São Luís,ALEMANHA,3,113,UEB - LUÍS VIANA,TOTAL VOTOS NOMINAIS - VEREADOR,243,302,,-2.5363757,-44.2690261,TSE - Votacao por secao 2024 MA e Eleitorado local votacao 2024
2024,1,Vereador,São Luís,ALEMANHA,3,114,UEB - LUÍS VIANA,TOTAL VOTOS NOMINAIS - VEREADOR,243,297,,-2.5363757,-44.2690261,TSE - Votacao por secao 2024 MA e Eleitorado local votacao 2024
2024,1,Vereador,São Luís,ALEMANHA,3,115,UEB - LUÍS VIANA,TOTAL VOTOS NOMINAIS - VEREADOR,232,299,,-2.5363757,-44.2690261,TSE - Votacao por secao 2024 MA e Eleitorado local votacao 2024
2024,1,Vereador,São Luís,ALEMANHA,3,149,UEB - LUÍS VIANA,TOTAL VOTOS NOMINAIS - VEREADOR,210,260,,-2.5363757,-44.2690261,TSE - Votacao por secao 2024 MA e Eleitorado local votacao 2024
2024,1,Vereador,São Luís,ALEMANHA,3,157,UI ANA ADELAIDE BELO (SESI),TOTAL VOTOS NOMINAIS - VEREADOR,232,270,,,,TSE - Votacao por secao 2024 MA e Eleitorado local votacao 2024
2024,1,Vereador,São Luís,ALEMANHA,3,163,UI ANA ADELAIDE BELO (SESI),TOTAL VOTOS NOMINAIS - VEREADOR,228,268,,,,TSE - Votacao por secao 2024 MA e Eleitorado local votacao 2024
2024,1,Vereador,São Luís,ALEMANHA,3,176,UI ANA ADELAIDE BELO (SESI),TOTAL VOTOS NOMINAIS - VEREADOR,230,270,,,,TSE - Votacao por secao 2024 MA e Eleitorado local votacao 2024
2024,1,Vereador,São Luís,ALEMANHA,3,197,UI ANA ADELAIDE BELO (SESI),TOTAL VOTOS NOMINAIS - VEREADOR,216,266,,,,TSE - Votacao por secao 2024 MA e Eleitorado local votacao 2024
2024,1,Vereador,São Luís,ALEMANHA,3,199,UEB - LUÍS VIANA,TOTAL VOTOS NOMINAIS - VEREADOR,212,260,,-2.5363757,-44.2690261,TSE - Votacao por secao 2024 MA e Eleitorado local votacao 2024
2024,1,Vereador,São Luís,ALEMANHA,3,207,UEB - LUÍS VIANA,TOTAL VOTOS NOMINAIS - VEREADOR,220,262,,-2.5363757,-44.2690261,TSE - Votacao por secao 2024 MA e Eleitorado local votacao 2024
2024,1,Vereador,São Luís,VILA PALMEIRA - ZONA URBANA,3,223,UEB NEWTON NEVES,TOTAL VOTOS NOMINAIS - VEREADOR,331,218,,-2.5440456,-44.2555107,TSE - Votacao por secao 2024 MA e Eleitorado local votacao 2024
2024,1,Vereador,São Luís,VILA PALMEIRA - ZONA URBANA,3,225,UEB NEWTON NEVES,TOTAL VOTOS NOMINAIS - VEREADOR,268,365,,-2.5440456,-44.2555107,TSE - Votacao por secao 2024 MA e Eleitorado local votacao 2024
2024,1,Vereador,São Luís,VILA PALMEIRA - ZONA URBANA,3,227,UEB NEWTON NEVES,TOTAL VOTOS NOMINAIS - VEREADOR,287,356,,-2.5440456,-44.2555107,TSE - Votacao por secao 2024 MA e Eleitorado local votacao 2024
2024,1,Vereador,São Luís,VILA PALMEIRA - ZONA URBANA,3,229,UEB NEWTON NEVES,TOTAL VOTOS NOMINAIS - VEREADOR,295,360,,-2.5440456,-44.2555107,TSE - Votacao por secao 2024 MA e Eleitorado local votacao 2024
2024,1,Vereador,São Luís,VILA PALMEIRA - ZONA URBANA,3,231,UEB NEWTON NEVES,TOTAL VOTOS NOMINAIS - VEREADOR,329,393,,-2.5440456,-44.2555107,TSE - Votacao por secao 2024 MA e Eleitorado local votacao 2024
2024,1,Vereador,São Luís,VILA PALMEIRA - ZONA URBANA,3,233,UEB NEWTON NEVES,TOTAL VOTOS NOMINAIS - VEREADOR,297,375,,-2.5440456,-44.2555107,TSE - Votacao por secao 2024 MA e Eleitorado local votacao 2024
2024,1,Vereador,São Luís,RIO ANIL - ZONA URBANA,3,235,IEMA INTEGRAL BILINGUE- RIO ANIL (ESC MARIA HELENA DUARTE),TOTAL VOTOS NOMINAIS - VEREADOR,260,318,,-2.521769,-44.2501922,TSE - Votacao por secao 2024 MA e Eleitorado local votacao 2024
2024,1,Vereador,São Luís,RIO ANIL - ZONA URBANA,3,236,IEMA INTEGRAL BILINGUE- RIO ANIL (ESC MARIA HELENA DUARTE),TOTAL VOTOS NOMINAIS - VEREADOR,230,311,,-2.521769,-44.2501922,TSE - Votacao por secao 2024 MA e Eleitorado local votacao 2024
2024,1,Vereador,São Luís,RIO ANIL - ZONA URBANA,3,237,IEMA INTEGRAL BILINGUE- RIO ANIL (ESC MARIA HELENA DUARTE),TOTAL VOTOS NOMINAIS - VEREADOR,245,312,,-2.521769,-44.2501922,TSE - Votacao por secao 2024 MA e Eleitorado local votacao 2024
2024,1,Vereador,São Luís,RIO ANIL - ZONA URBANA,3,238,IEMA INTEGRAL BILINGUE- RIO ANIL (ESC MARIA HELENA DUARTE),TOTAL VOTOS NOMINAIS - VEREADOR,232,313,,-2.521769,-44.2501922,TSE - Votacao por secao 2024 MA e Eleitorado local votacao 2024
2024,1,Vereador,São Luís,RIO ANIL - ZONA URBANA,3,239,IEMA INTEGRAL BILINGUE- RIO ANIL (ESC MARIA HELENA DUARTE),TOTAL VOTOS NOMINAIS - VEREADOR,250,312,,-2.521769,-44.2501922,TSE - Votacao por secao 2024 MA e Eleitorado local votacao 2024
2024,1,Vereador,São Luís,VILA PALMEIRA - ZONA URBANA,3,240,COLÉGIO MILITAR DOIS DE JULHO - BOMBEIROS,TOTAL VOTOS NOMINAIS - VEREADOR,208,265,,-2.5217461,-44.2501897,TSE - Votacao por secao 2024 MA e Eleitorado local votacao 2024
2024,1,Vereador,São Luís,VILA PALMEIRA - ZONA URBANA,3,241,COLÉGIO MILITAR DOIS DE JULHO - BOMBEIROS,TOTAL VOTOS NOMINAIS - VEREADOR,209,263,,-2.5217461,-44.2501897,TSE - Votacao por secao 2024 MA e Eleitorado local votacao 2024
2024,1,Vereador,São Luís,VILA PALMEIRA - ZONA URBANA,3,242,COLÉGIO MILITAR DOIS DE JULHO - BOMBEIROS,TOTAL VOTOS NOMINAIS - VEREADOR,207,265,,-2.5217461,-44.2501897,TSE - Votacao por secao 2024 MA e Eleitorado local votacao 2024
2024,1,Vereador,São Luís,VILA PALMEIRA - ZONA URBANA,3,243,COLÉGIO MILITAR DOIS DE JULHO - BOMBEIROS,TOTAL VOTOS NOMINAIS - VEREADOR,205,267,,-2.5217461,-44.2501897,TSE - Votacao por secao 2024 MA e Eleitorado local votacao 2024
2024,1,Vereador,São Luís,VILA PALMEIRA - ZONA URBANA,3,244,COLÉGIO MILITAR DOIS DE JULHO - BOMBEIROS,TOTAL VOTOS NOMINAIS - VEREADOR,191,266,,-2.5217461,-44.2501897,TSE - Votacao por secao 2024 MA e Eleitorado local votacao 2024
2024,1,Vereador,São Luís,VILA PALMEIRA - ZONA URBANA,3,245,COLÉGIO MILITAR DOIS DE JULHO - BOMBEIROS,TOTAL VOTOS NOMINAIS - VEREADOR,204,265,,-2.5217461,-44.2501897,TSE - Votacao por secao 2024 MA e Eleitorado local votacao 2024
2024,1,Vereador,São Luís,VILA PALMEIRA - ZONA URBANA,3,246,COLÉGIO MILITAR DOIS DE JULHO - BOMBEIROS,TOTAL VOTOS NOMINAIS - VEREADOR,198,263,,-2.5217461,-44.2501897,TSE - Votacao por secao 2024 MA e Eleitorado local votacao 2024
2024,1,Vereador,São Luís,VILA PALMEIRA - ZONA URBANA,3,247,COLÉGIO MILITAR DOIS DE JULHO - BOMBEIROS,TOTAL VOTOS NOMINAIS - VEREADOR,207,262,,-2.5217461,-44.2501897,TSE - Votacao por secao 2024 MA e Eleitorado local votacao 2024
2024,1,Vereador,São Luís,VILA PALMEIRA - ZONA URBANA,3,248,COLÉGIO MILITAR DOIS DE JULHO - BOMBEIROS,TOTAL VOTOS NOMINAIS - VEREADOR,208,260,,-2.5217461,-44.2501897,TSE - Votacao por secao 2024 MA e Eleitorado local votacao 2024
2024,1,Vereador,São Luís,VILA PALMEIRA - ZONA URBANA,3,249,COLÉGIO MILITAR DOIS DE JULHO - BOMBEIROS,TOTAL VOTOS NOMINAIS - VEREADOR,208,265,,-2.5217461,-44.2501897,TSE - Votacao por secao 2024 MA e Eleitorado local votacao 2024
2024,1,Vereador,São Luís,VILA PALMEIRA - ZONA URBANA,3,250,COLÉGIO MILITAR DOIS DE JULHO - BOMBEIROS,TOTAL VOTOS NOMINAIS - VEREADOR,205,262,,-2.5217461,-44.2501897,TSE - Votacao por secao 2024 MA e Eleitorado local votacao 2024
2024,1,Vereador,São Luís,BEQUIMAO - ZONA URBANA,3,251,CEEFM MANOEL BECKMAN,TOTAL VOTOS NOMINAIS - VEREADOR,284,404,,-2.5217979,-44.2501821,TSE - Votacao por secao 2024 MA e Eleitorado local votacao 2024
2024,1,Vereador,São Luís,BEQUIMAO - ZONA URBANA,3,252,CEEFM MANOEL BECKMAN,TOTAL VOTOS NOMINAIS - VEREADOR,272,387,,-2.5217979,-44.2501821,TSE - Votacao por secao 2024 MA e Eleitorado local votacao 2024
2024,1,Vereador,São Luís,BEQUIMAO - ZONA URBANA,3,253,CEEFM MANOEL BECKMAN,TOTAL VOTOS NOMINAIS - VEREADOR,290,395,,-2.5217979,-44.2501821,TSE - Votacao por secao 2024 MA e Eleitorado local votacao 2024
2024,1,Vereador,São Luís,BEQUIMAO - ZONA URBANA,3,254,CEEFM MANOEL BECKMAN,TOTAL VOTOS NOMINAIS - VEREADOR,293,386,,-2.5217979,-44.2501821,TSE - Votacao por secao 2024 MA e Eleitorado local votacao 2024
2024,1,Vereador,São Luís,BEQUIMAO - ZONA URBANA,3,255,CEEFM MANOEL BECKMAN,TOTAL VOTOS NOMINAIS - VEREADOR,290,389,,-2.5217979,-44.2501821,TSE - Votacao por secao 2024 MA e Eleitorado local votacao 2024
2024,1,Vereador,São Luís,BEQUIMAO - ZONA URBANA,3,256,CEEFM MANOEL BECKMAN,TOTAL VOTOS NOMINAIS - VEREADOR,287,389,,-2.5217979,-44.2501821,TSE - Votacao por secao 2024 MA e Eleitorado local votacao 2024
2024,1,Vereador,São Luís,BEQUIMAO - ZONA URBANA,3,257,CEEFM MANOEL BECKMAN,TOTAL VOTOS NOMINAIS - VEREADOR,296,385,,-2.5217979,-44.2501821,TSE - Votacao por secao 2024 MA e Eleitorado local votacao 2024
2024,1,Vereador,São Luís,BEQUIMAO - ZONA URBANA,3,258,CEEFM MANOEL BECKMAN,TOTAL VOTOS NOMINAIS - VEREADOR,299,388,,-2.5217979,-44.2501821,TSE - Votacao por secao 2024 MA e Eleitorado local votacao 2024
2024,1,Vereador,São Luís,BEQUIMAO - ZONA URBANA,3,259,CEEFM MANOEL BECKMAN,TOTAL VOTOS NOMINAIS - VEREADOR,287,386,,-2.5217979,-44.2501821,TSE - Votacao por secao 2024 MA e Eleitorado local votacao 2024
2024,1,Vereador,São Luís,BEQUIMAO - ZONA URBANA,3,260,CEEFM MANOEL BECKMAN,TOTAL VOTOS NOMINAIS - VEREADOR,287,387,,-2.5217979,-44.2501821,TSE - Votacao por secao 2024 MA e Eleitorado local votacao 2024
2024,1,Vereador,São Luís,BEQUIMAO - ZONA URBANA,3,261,CEEFM MANOEL BECKMAN,TOTAL VOTOS NOMINAIS - VEREADOR,294,388,,-2.5217979,-44.2501821,TSE - Votacao por secao 2024 MA e Eleitorado local votacao 2024
2024,1,Vereador,São Luís,BEQUIMAO - ZONA URBANA,3,262,CEEFM MANOEL BECKMAN,TOTAL VOTOS NOMINAIS - VEREADOR,300,390,,-2.5217979,-44.2501821,TSE - Votacao por secao 2024 MA e Eleitorado local votacao 2024
2024,1,Vereador,São Luís,BEQUIMAO - ZONA URBANA,3,263,CEEFM MANOEL BECKMAN,TOTAL VOTOS NOMINAIS - VEREADOR,285,387,,-2.5217979,-44.2501821,TSE - Votacao por secao 2024 MA e Eleitorado local votacao 2024
2024,1,Vereador,São Luís,BEQUIMAO - ZONA URBANA,3,264,CEEFM MANOEL BECKMAN,TOTAL VOTOS NOMINAIS - VEREADOR,295,385,,-2.5217979,-44.2501821,TSE - Votacao por secao 2024 MA e Eleitorado local votacao 2024
2024,1,Vereador,São Luís,BEQUIMAO - ZONA URBANA,3,265,U. I.  RUBEM DE ALMEIDA,TOTAL VOTOS NOMINAIS - VEREADOR,226,328,,-2.5217509,-44.2501862,TSE - Votacao por secao 2024 MA e Eleitorado local votacao 2024
2024,1,Vereador,São Luís,BEQUIMAO - ZONA URBANA,3,266,U. I.  RUBEM DE ALMEIDA,TOTAL VOTOS NOMINAIS - VEREADOR,244,330,,-2.5217509,-44.2501862,TSE - Votacao por secao 2024 MA e Eleitorado local votacao 2024
2024,1,Vereador,São Luís,BEQUIMAO - ZONA URBANA,3,267,U. I.  RUBEM DE ALMEIDA,TOTAL VOTOS NOMINAIS - VEREADOR,258,332,,-2.5217509,-44.2501862,TSE - Votacao por secao 2024 MA e Eleitorado local votacao 2024
2024,1,Vereador,São Luís,BEQUIMAO - ZONA URBANA,3,268,U. I.  RUBEM DE ALMEIDA,TOTAL VOTOS NOMINAIS - VEREADOR,242,330,,-2.5217509,-44.2501862,TSE - Votacao por secao 2024 MA e Eleitorado local votacao 2024
2024,1,Vereador,São Luís,BEQUIMAO - ZONA URBANA,3,269,U. I.  RUBEM DE ALMEIDA,TOTAL VOTOS NOMINAIS - VEREADOR,240,327,,-2.5217509,-44.2501862,TSE - Votacao por secao 2024 MA e Eleitorado local votacao 2024
2024,1,Vereador,São Luís,BEQUIMAO - ZONA URBANA,3,270,U. I.  RUBEM DE ALMEIDA,TOTAL VOTOS NOMINAIS - VEREADOR,253,334,,-2.5217509,-44.2501862,TSE - Votacao por secao 2024 MA e Eleitorado local votacao 2024
2024,1,Vereador,São Luís,BEQUIMAO - ZONA URBANA,3,271,U. I.  RUBEM DE ALMEIDA,TOTAL VOTOS NOMINAIS - VEREADOR,245,329,,-2.5217509,-44.2501862,TSE - Votacao por secao 2024 MA e Eleitorado local votacao 2024
2024,1,Vereador,São Luís,BEQUIMAO - ZONA URBANA,3,272,U. I.  RUBEM DE ALMEIDA,TOTAL VOTOS NOMINAIS - VEREADOR,264,333,,-2.5217509,-44.2501862,TSE - Votacao por secao 2024 MA e Eleitorado local votacao 2024
2024,1,Vereador,São Luís,BEQUIMAO - ZONA URBANA,3,273,U. I.  RUBEM DE ALMEIDA,TOTAL VOTOS NOMINAIS - VEREADOR,258,328,,-2.5217509,-44.2501862,TSE - Votacao por secao 2024 MA e Eleitorado local votacao 2024
2024,1,Vereador,São Luís,BEQUIMAO - ZONA URBANA,3,274,U. I.  RUBEM DE ALMEIDA,TOTAL VOTOS NOMINAIS - VEREADOR,261,321,,-2.5217509,-44.2501862,TSE - Votacao por secao 2024 MA e Eleitorado local votacao 2024
2024,1,Vereador,São Luís,BEQUIMAO - ZONA URBANA,3,275,U. I.  RUBEM DE ALMEIDA,TOTAL VOTOS NOMINAIS - VEREADOR,256,323,,-2.5217509,-44.2501862,TSE - Votacao por secao 2024 MA e Eleitorado local votacao 2024
2024,1,Vereador,São Luís,BEQUIMAO - ZONA URBANA,3,276,U. I.  RUBEM DE ALMEIDA,TOTAL VOTOS NOMINAIS - VEREADOR,250,324,,-2.5217509,-44.2501862,TSE - Votacao por secao 2024 MA e Eleitorado local votacao 2024
2024,1,Vereador,São Luís,BEQUIMAO - ZONA URBANA,3,277,U. I.  RUBEM DE ALMEIDA,TOTAL VOTOS NOMINAIS - VEREADOR,228,322,,-2.5217509,-44.2501862,TSE - Votacao por secao 2024 MA e Eleitorado local votacao 2024
2024,1,Vereador,São Luís,RIO ANIL - ZONA URBANA,3,278,U E THOMAZ DE AQUINO ANDRADE,TOTAL VOTOS NOMINAIS - VEREADOR,339,392,,-2.5217478,-44.2502151,TSE - Votacao por secao 2024 MA e Eleitorado local votacao 2024
2024,1,Vereador,São Luís,RIO ANIL - ZONA URBANA,3,279,U E THOMAZ DE AQUINO ANDRADE,TOTAL VOTOS NOMINAIS - VEREADOR,327,392,,-2.5217478,-44.2502151,TSE - Votacao por secao 2024 MA e Eleitorado local votacao 2024
2024,1,Vereador,São Luís,RIO ANIL - ZONA URBANA,3,280,U E THOMAZ DE AQUINO ANDRADE,TOTAL VOTOS NOMINAIS - VEREADOR,315,388,,-2.5217478,-44.2502151,TSE - Votacao por secao 2024 MA e Eleitorado local votacao 2024
2024,1,Vereador,São Luís,RIO ANIL - ZONA URBANA,3,281,U E THOMAZ DE AQUINO ANDRADE,TOTAL VOTOS NOMINAIS - VEREADOR,312,384,,-2.5217478,-44.2502151,TSE - Votacao por secao 2024 MA e Eleitorado local votacao 2024
2024,1,Vereador,São Luís,BEQUIMAO - ZONA URBANA,3,282,ESCOLA DE CEGOS DO MARANHAO,TOTAL VOTOS NOMINAIS - VEREADOR,283,389,,-2.5217355,-44.2501986,TSE - Votacao por secao 2024 MA e Eleitorado local votacao 2024
2024,1,Vereador,São Luís,BEQUIMAO - ZONA URBANA,3,283,ESCOLA DE CEGOS DO MARANHAO,TOTAL VOTOS NOMINAIS - VEREADOR,299,387,,-2.5217355,-44.2501986,TSE - Votacao por secao 2024 MA e Eleitorado local votacao 2024
2024,1,Vereador,São Luís,BEQUIMAO - ZONA URBANA,3,284,ESCOLA DE CEGOS DO MARANHAO,TOTAL VOTOS NOMINAIS - VEREADOR,268,384,,-2.5217355,-44.2501986,TSE - Votacao por secao 2024 MA e Eleitorado local votacao 2024
2024,1,Vereador,São Luís,MARANHAO NOVO - ZONA URBANA,3,285,COLÉGIO ADVENTISTA DE SÃO LUÍS,TOTAL VOTOS NOMINAIS - VEREADOR,234,335,,,,TSE - Votacao por secao 2024 MA e Eleitorado local votacao 2024
2024,1,Vereador,São Luís,MARANHAO NOVO - ZONA URBANA,3,286,COLÉGIO ADVENTISTA DE SÃO LUÍS,TOTAL VOTOS NOMINAIS - VEREADOR,245,345,,,,TSE - Votacao por secao 2024 MA e Eleitorado local votacao 2024
2024,1,Vereador,São Luís,MARANHAO NOVO - ZONA URBANA,3,287,COLÉGIO ADVENTISTA DE SÃO LUÍS,TOTAL VOTOS NOMINAIS - VEREADOR,252,350,,,,TSE - Votacao por secao 2024 MA e Eleitorado local votacao 2024
2024,1,Vereador,São Luís,MARANHAO NOVO - ZONA URBANA,3,288,COLÉGIO ADVENTISTA DE SÃO LUÍS,TOTAL VOTOS NOMINAIS - VEREADOR,254,345,,,,TSE - Votacao por secao 2024 MA e Eleitorado local votacao 2024
2024,1,Vereador,São Luís,MARANHAO NOVO - ZONA URBANA,3,289,COLÉGIO ADVENTISTA DE SÃO LUÍS,TOTAL VOTOS NOMINAIS - VEREADOR,258,347,,,,TSE - Votacao por secao 2024 MA e Eleitorado local votacao 2024
2024,1,Vereador,São Luís,MARANHAO NOVO - ZONA URBANA,3,290,COLÉGIO ADVENTISTA DE SÃO LUÍS,TOTAL VOTOS NOMINAIS - VEREADOR,250,348,,,,TSE - Votacao por secao 2024 MA e Eleitorado local votacao 2024
2024,1,Vereador,São Luís,MARANHAO NOVO - ZONA URBANA,3,291,COLÉGIO ADVENTISTA DE SÃO LUÍS,TOTAL VOTOS NOMINAIS - VEREADOR,213,342,,,,TSE - Votacao por secao 2024 MA e Eleitorado local votacao 2024
2024,1,Vereador,São Luís,MARANHAO NOVO - ZONA URBANA,3,292,COLÉGIO ADVENTISTA DE SÃO LUÍS,TOTAL VOTOS NOMINAIS - VEREADOR,222,337,,,,TSE - Votacao por secao 2024 MA e Eleitorado local votacao 2024
2024,1,Vereador,São Luís,SANTO ANTONIO - ZONA URBANA,3,293,ASSOC. ESPÍRITA LAR DE JOSÉ,TOTAL VOTOS NOMINAIS - VEREADOR,255,351,,-2.5217377,-44.250219,TSE - Votacao por secao 2024 MA e Eleitorado local votacao 2024
2024,1,Vereador,São Luís,SANTO ANTONIO - ZONA URBANA,3,294,ASSOC. ESPÍRITA LAR DE JOSÉ,TOTAL VOTOS NOMINAIS - VEREADOR,270,350,,-2.5217377,-44.250219,TSE - Votacao por secao 2024 MA e Eleitorado local votacao 2024
2024,1,Vereador,São Luís,SANTO ANTONIO - ZONA URBANA,3,295,ASSOC. ESPÍRITA LAR DE JOSÉ,TOTAL VOTOS NOMINAIS - VEREADOR,276,344,,-2.5217377,-44.250219,TSE - Votacao por secao 2024 MA e Eleitorado local votacao 2024
2024,1,Vereador,São Luís,RADIONAL - ZONA URBANA,3,296,C.E. ESTADO DO RIO GRANDE DO NORTE,TOTAL VOTOS NOMINAIS - VEREADOR,279,385,,-2.5217451,-44.2501912,TSE - Votacao por secao 2024 MA e Eleitorado local votacao 2024
2024,1,Vereador,São Luís,RADIONAL - ZONA URBANA,3,297,C.E. ESTADO DO RIO GRANDE DO NORTE,TOTAL VOTOS NOMINAIS - VEREADOR,301,385,,-2.5217451,-44.2501912,TSE - Votacao por secao 2024 MA e Eleitorado local votacao 2024
2024,1,Vereador,São Luís,RADIONAL - ZONA URBANA,3,298,C.E. ESTADO DO RIO GRANDE DO NORTE,TOTAL VOTOS NOMINAIS - VEREADOR,293,384,,-2.5217451,-44.2501912,TSE - Votacao por secao 2024 MA e Eleitorado local votacao 2024
2024,1,Vereador,São Luís,RADIONAL - ZONA URBANA,3,299,C.E. ESTADO DO RIO GRANDE DO NORTE,TOTAL VOTOS NOMINAIS - VEREADOR,304,385,,-2.5217451,-44.2501912,TSE - Votacao por secao 2024 MA e Eleitorado local votacao 2024
2024,1,Vereador,São Luís,RADIONAL - ZONA URBANA,3,300,C.E. ESTADO DO RIO GRANDE DO NORTE,TOTAL VOTOS NOMINAIS - VEREADOR,300,380,,-2.5217451,-44.2501912,TSE - Votacao por secao 2024 MA e Eleitorado local votacao 2024
2024,1,Vereador,São Luís,RADIONAL - ZONA URBANA,3,301,C.E. ESTADO DO RIO GRANDE DO NORTE,TOTAL VOTOS NOMINAIS - VEREADOR,318,386,,-2.5217451,-44.2501912,TSE - Votacao por secao 2024 MA e Eleitorado local votacao 2024
2024,1,Vereador,São Luís,RADIONAL - ZONA URBANA,3,302,C.E. ESTADO DO RIO GRANDE DO NORTE,TOTAL VOTOS NOMINAIS - VEREADOR,302,384,,-2.5217451,-44.2501912,TSE - Votacao por secao 2024 MA e Eleitorado local votacao 2024
2024,1,Vereador,São Luís,RADIONAL - ZONA URBANA,3,303,C.E. ESTADO DO RIO GRANDE DO NORTE,TOTAL VOTOS NOMINAIS - VEREADOR,307,384,,-2.5217451,-44.2501912,TSE - Votacao por secao 2024 MA e Eleitorado local votacao 2024
2024,1,Vereador,São Luís,SANTO ANTONIO - ZONA URBANA,3,304,LARA RIBAS,TOTAL VOTOS NOMINAIS - VEREADOR,287,383,,-2.5217327,-44.250203,TSE - Votacao por secao 2024 MA e Eleitorado local votacao 2024
2024,1,Vereador,São Luís,SANTO ANTONIO - ZONA URBANA,3,305,LARA RIBAS,TOTAL VOTOS NOMINAIS - VEREADOR,283,382,,-2.5217327,-44.250203,TSE - Votacao por secao 2024 MA e Eleitorado local votacao 2024
2024,1,Vereador,São Luís,SANTO ANTONIO - ZONA URBANA,3,306,LARA RIBAS,TOTAL VOTOS NOMINAIS - VEREADOR,291,380,,-2.5217327,-44.250203,TSE - Votacao por secao 2024 MA e Eleitorado local votacao 2024
2024,1,Vereador,São Luís,SANTO ANTONIO - ZONA URBANA,3,307,LARA RIBAS,TOTAL VOTOS NOMINAIS - VEREADOR,287,377,,-2.5217327,-44.250203,TSE - Votacao por secao 2024 MA e Eleitorado local votacao 2024
2024,1,Vereador,São Luís,SANTO ANTONIO - ZONA URBANA,3,308,LARA RIBAS,TOTAL VOTOS NOMINAIS - VEREADOR,282,375,,-2.5217327,-44.250203,TSE - Votacao por secao 2024 MA e Eleitorado local votacao 2024
2024,1,Vereador,São Luís,SANTO ANTONIO - ZONA URBANA,3,309,LARA RIBAS,TOTAL VOTOS NOMINAIS - VEREADOR,302,380,,-2.5217327,-44.250203,TSE - Votacao por secao 2024 MA e Eleitorado local votacao 2024
2024,1,Vereador,São Luís,SANTO ANTONIO - ZONA URBANA,3,310,LARA RIBAS,TOTAL VOTOS NOMINAIS - VEREADOR,289,375,,-2.5217327,-44.250203,TSE - Votacao por secao 2024 MA e Eleitorado local votacao 2024
2024,1,Vereador,São Luís,SANTO ANTONIO - ZONA URBANA,3,311,LARA RIBAS,TOTAL VOTOS NOMINAIS - VEREADOR,282,374,,-2.5217327,-44.250203,TSE - Votacao por secao 2024 MA e Eleitorado local votacao 2024
2024,1,Vereador,São Luís,VILA PALMEIRA - ZONA URBANA,3,312,ESCOLA MILITAR TIRADENTES,TOTAL VOTOS NOMINAIS - VEREADOR,269,351,,,,TSE - Votacao por secao 2024 MA e Eleitorado local votacao 2024
2024,1,Vereador,São Luís,VILA PALMEIRA - ZONA URBANA,3,313,ESCOLA MILITAR TIRADENTES,TOTAL VOTOS NOMINAIS - VEREADOR,272,347,,,,TSE - Votacao por secao 2024 MA e Eleitorado local votacao 2024
2024,1,Vereador,São Luís,VILA PALMEIRA - ZONA URBANA,3,314,ESCOLA MILITAR TIRADENTES,TOTAL VOTOS NOMINAIS - VEREADOR,269,352,,,,TSE - Votacao por secao 2024 MA e Eleitorado local votacao 2024
2024,1,Vereador,São Luís,VILA PALMEIRA - ZONA URBANA,3,315,ESCOLA MILITAR TIRADENTES,TOTAL VOTOS NOMINAIS - VEREADOR,269,347,,,,TSE - Votacao por secao 2024 MA e Eleitorado local votacao 2024
2024,1,Vereador,São Luís,VILA PALMEIRA - ZONA URBANA,3,316,ESCOLA MILITAR TIRADENTES,TOTAL VOTOS NOMINAIS - VEREADOR,272,350,,,,TSE - Votacao por secao 2024 MA e Eleitorado local votacao 2024
2024,1,Vereador,São Luís,VILA PALMEIRA - ZONA URBANA,3,317,ESCOLA MILITAR TIRADENTES,TOTAL VOTOS NOMINAIS - VEREADOR,266,350,,,,TSE - Votacao por secao 2024 MA e Eleitorado local votacao 2024
2024,1,Vereador,São Luís,VILA PALMEIRA - ZONA URBANA,3,318,ESCOLA MILITAR TIRADENTES,TOTAL VOTOS NOMINAIS - VEREADOR,282,349,,,,TSE - Votacao por secao 2024 MA e Eleitorado local votacao 2024
2024,1,Vereador,São Luís,VILA PALMEIRA - ZONA URBANA,3,319,ESCOLA MILITAR TIRADENTES,TOTAL VOTOS NOMINAIS - VEREADOR,280,354,,,,TSE - Votacao por secao 2024 MA e Eleitorado local votacao 2024
2024,1,Vereador,São Luís,VILA PALMEIRA - ZONA URBANA,3,320,ESCOLA MILITAR TIRADENTES,TOTAL VOTOS NOMINAIS - VEREADOR,280,352,,,,TSE - Votacao por secao 2024 MA e Eleitorado local votacao 2024
2024,1,Vereador,São Luís,VILA PALMEIRA - ZONA URBANA,3,321,ESCOLA MILITAR TIRADENTES,TOTAL VOTOS NOMINAIS - VEREADOR,277,347,,,,TSE - Votacao por secao 2024 MA e Eleitorado local votacao 2024
2024,1,Vereador,São Luís,VILA PALMEIRA - ZONA URBANA,3,322,ESCOLA MILITAR TIRADENTES,TOTAL VOTOS NOMINAIS - VEREADOR,301,351,,,,TSE - Votacao por secao 2024 MA e Eleitorado local votacao 2024
2024,1,Vereador,São Luís,VILA PALMEIRA - ZONA URBANA,3,323,ESCOLA MILITAR TIRADENTES,TOTAL VOTOS NOMINAIS - VEREADOR,275,346,,,,TSE - Votacao por secao 2024 MA e Eleitorado local votacao 2024
2024,1,Vereador,São Luís,VILA PALMEIRA - ZONA URBANA,3,324,C.E.  PIO XII,TOTAL VOTOS NOMINAIS - VEREADOR,230,301,,-2.5217446,-44.2502023,TSE - Votacao por secao 2024 MA e Eleitorado local votacao 2024
2024,1,Vereador,São Luís,VILA PALMEIRA - ZONA URBANA,3,325,C.E.  PIO XII,TOTAL VOTOS NOMINAIS - VEREADOR,214,300,,-2.5217446,-44.2502023,TSE - Votacao por secao 2024 MA e Eleitorado local votacao 2024
2024,1,Vereador,São Luís,VILA PALMEIRA - ZONA URBANA,3,326,C.E.  PIO XII,TOTAL VOTOS NOMINAIS - VEREADOR,224,300,,-2.5217446,-44.2502023,TSE - Votacao por secao 2024 MA e Eleitorado local votacao 2024
2024,1,Vereador,São Luís,VILA PALMEIRA - ZONA URBANA,3,327,C.E.  PIO XII,TOTAL VOTOS NOMINAIS - VEREADOR,230,301,,-2.5217446,-44.2502023,TSE - Votacao por secao 2024 MA e Eleitorado local votacao 2024
2024,1,Vereador,São Luís,VILA PALMEIRA - ZONA URBANA,3,328,C.E.  PIO XII,TOTAL VOTOS NOMINAIS - VEREADOR,219,297,,-2.5217446,-44.2502023,TSE - Votacao por secao 2024 MA e Eleitorado local votacao 2024
2024,1,Vereador,São Luís,VILA PALMEIRA - ZONA URBANA,3,329,C.E.  PIO XII,TOTAL VOTOS NOMINAIS - VEREADOR,232,299,,-2.5217446,-44.2502023,TSE - Votacao por secao 2024 MA e Eleitorado local votacao 2024
2024,1,Vereador,São Luís,VILA PALMEIRA - ZONA URBANA,3,330,C.E.  PIO XII,TOTAL VOTOS NOMINAIS - VEREADOR,229,297,,-2.5217446,-44.2502023,TSE - Votacao por secao 2024 MA e Eleitorado local votacao 2024
2024,1,Vereador,São Luís,VILA PALMEIRA - ZONA URBANA,3,331,C.E.  PIO XII,TOTAL VOTOS NOMINAIS - VEREADOR,217,295,,-2.5217446,-44.2502023,TSE - Votacao por secao 2024 MA e Eleitorado local votacao 2024
2024,1,Vereador,São Luís,VILA PALMEIRA - ZONA URBANA,3,332,C.E.  PIO XII,TOTAL VOTOS NOMINAIS - VEREADOR,216,293,,-2.5217446,-44.2502023,TSE - Votacao por secao 2024 MA e Eleitorado local votacao 2024
2024,1,Vereador,São Luís,VILA PALMEIRA - ZONA URBANA,3,333,C.E.  PIO XII,TOTAL VOTOS NOMINAIS - VEREADOR,230,295,,-2.5217446,-44.2502023,TSE - Votacao por secao 2024 MA e Eleitorado local votacao 2024
2024,1,Vereador,São Luís,VILA PALMEIRA - ZONA URBANA,3,334,ESCOLA MILITAR TIRADENTES,TOTAL VOTOS NOMINAIS - VEREADOR,273,347,,,,TSE - Votacao por secao 2024 MA e Eleitorado local votacao 2024
2024,1,Vereador,São Luís,VILA PALMEIRA - ZONA URBANA,3,335,ESCOLA MILITAR TIRADENTES,TOTAL VOTOS NOMINAIS - VEREADOR,279,347,,,,TSE - Votacao por secao 2024 MA e Eleitorado local votacao 2024
2024,1,Vereador,São Luís,VILA PALMEIRA - ZONA URBANA,3,336,ESCOLA MILITAR TIRADENTES,TOTAL VOTOS NOMINAIS - VEREADOR,244,348,,,,TSE - Votacao por secao 2024 MA e Eleitorado local votacao 2024
2024,1,Vereador,São Luís,MARANHAO NOVO - ZONA URBANA,3,337,CENTRO DE APOIO PEDAGÓGICO AO DEF VISUAL DO MA (CAP),TOTAL VOTOS NOMINAIS - VEREADOR,264,351,,-2.521762,-44.2501904,TSE - Votacao por secao 2024 MA e Eleitorado local votacao 2024
2024,1,Vereador,São Luís,MARANHAO NOVO - ZONA URBANA,3,338,CENTRO DE APOIO PEDAGÓGICO AO DEF VISUAL DO MA (CAP),TOTAL VOTOS NOMINAIS - VEREADOR,262,347,,-2.521762,-44.2501904,TSE - Votacao por secao 2024 MA e Eleitorado local votacao 2024
2024,1,Vereador,São Luís,MARANHAO NOVO - ZONA URBANA,3,339,CENTRO DE APOIO PEDAGÓGICO AO DEF VISUAL DO MA (CAP),TOTAL VOTOS NOMINAIS - VEREADOR,261,344,,-2.521762,-44.2501904,TSE - Votacao por secao 2024 MA e Eleitorado local votacao 2024
2024,1,Vereador,São Luís,MARANHAO NOVO - ZONA URBANA,3,340,CENTRO DE APOIO PEDAGÓGICO AO DEF VISUAL DO MA (CAP),TOTAL VOTOS NOMINAIS - VEREADOR,244,348,,-2.521762,-44.2501904,TSE - Votacao por secao 2024 MA e Eleitorado local votacao 2024
2024,1,Vereador,São Luís,MARANHAO NOVO - ZONA URBANA,3,341,CENTRO DE APOIO PEDAGÓGICO AO DEF VISUAL DO MA (CAP),TOTAL VOTOS NOMINAIS - VEREADOR,258,344,,-2.521762,-44.2501904,TSE - Votacao por secao 2024 MA e Eleitorado local votacao 2024
2024,1,Vereador,São Luís,MARANHAO NOVO - ZONA URBANA,3,342,CENTRO DE APOIO PEDAGÓGICO AO DEF VISUAL DO MA (CAP),TOTAL VOTOS NOMINAIS - VEREADOR,247,346,,-2.521762,-44.2501904,TSE - Votacao por secao 2024 MA e Eleitorado local votacao 2024
2024,1,Vereador,São Luís,MARANHAO NOVO - ZONA URBANA,3,343,CENTRO DE APOIO PEDAGÓGICO AO DEF VISUAL DO MA (CAP),TOTAL VOTOS NOMINAIS - VEREADOR,270,343,,-2.521762,-44.2501904,TSE - Votacao por secao 2024 MA e Eleitorado local votacao 2024
2024,1,Vereador,São Luís,MARANHAO NOVO - ZONA URBANA,3,344,CENTRO DE APOIO PEDAGÓGICO AO DEF VISUAL DO MA (CAP),TOTAL VOTOS NOMINAIS - VEREADOR,271,345,,-2.521762,-44.2501904,TSE - Votacao por secao 2024 MA e Eleitorado local votacao 2024
2024,1,Vereador,São Luís,ANGELIM - ZONA URBANA,3,345,U. I.  HAYDEE CHAVES,TOTAL VOTOS NOMINAIS - VEREADOR,302,396,,-2.5217643,-44.2501752,TSE - Votacao por secao 2024 MA e Eleitorado local votacao 2024
2024,1,Vereador,São Luís,ANGELIM - ZONA URBANA,3,346,U. I.  HAYDEE CHAVES,TOTAL VOTOS NOMINAIS - VEREADOR,299,388,,-2.5217643,-44.2501752,TSE - Votacao por secao 2024 MA e Eleitorado local votacao 2024
2024,1,Vereador,São Luís,ANGELIM - ZONA URBANA,3,347,U. I.  HAYDEE CHAVES,TOTAL VOTOS NOMINAIS - VEREADOR,310,391,,-2.5217643,-44.2501752,TSE - Votacao por secao 2024 MA e Eleitorado local votacao 2024
2024,1,Vereador,São Luís,ANGELIM - ZONA URBANA,3,348,U. I.  HAYDEE CHAVES,TOTAL VOTOS NOMINAIS - VEREADOR,302,396,,-2.5217643,-44.2501752,TSE - Votacao por secao 2024 MA e Eleitorado local votacao 2024
2024,1,Vereador,São Luís,ANGELIM - ZONA URBANA,3,349,U. I.  HAYDEE CHAVES,TOTAL VOTOS NOMINAIS - VEREADOR,312,390,,-2.5217643,-44.2501752,TSE - Votacao por secao 2024 MA e Eleitorado local votacao 2024
2024,1,Vereador,São Luís,ANGELIM - ZONA URBANA,3,350,U. I.  HAYDEE CHAVES,TOTAL VOTOS NOMINAIS - VEREADOR,321,400,,-2.5217643,-44.2501752,TSE - Votacao por secao 2024 MA e Eleitorado local votacao 2024
2024,1,Vereador,São Luís,ANGELIM - ZONA URBANA,3,351,U. I.  HAYDEE CHAVES,TOTAL VOTOS NOMINAIS - VEREADOR,296,385,,-2.5217643,-44.2501752,TSE - Votacao por secao 2024 MA e Eleitorado local votacao 2024
2024,1,Vereador,São Luís,ANGELIM - ZONA URBANA,3,352,U. I.  HAYDEE CHAVES,TOTAL VOTOS NOMINAIS - VEREADOR,309,409,,-2.5217643,-44.2501752,TSE - Votacao por secao 2024 MA e Eleitorado local votacao 2024
2024,1,Vereador,São Luís,ANGELIM - ZONA URBANA,3,353,U. I.  HAYDEE CHAVES,TOTAL VOTOS NOMINAIS - VEREADOR,312,407,,-2.5217643,-44.2501752,TSE - Votacao por secao 2024 MA e Eleitorado local votacao 2024
2024,1,Vereador,São Luís,ANGELIM - ZONA URBANA,3,354,U. I.  HAYDEE CHAVES,TOTAL VOTOS NOMINAIS - VEREADOR,307,399,,-2.5217643,-44.2501752,TSE - Votacao por secao 2024 MA e Eleitorado local votacao 2024
2024,1,Vereador,São Luís,ANGELIM - ZONA URBANA,3,355,U. I.  HAYDEE CHAVES,TOTAL VOTOS NOMINAIS - VEREADOR,290,396,,-2.5217643,-44.2501752,TSE - Votacao por secao 2024 MA e Eleitorado local votacao 2024
2024,1,Vereador,São Luís,SANTA CRUZ - ZONA URBANA,3,356,U. E. BÁSICO JOSÉ ASSUB,TOTAL VOTOS NOMINAIS - VEREADOR,235,293,,-2.5217648,-44.2501903,TSE - Votacao por secao 2024 MA e Eleitorado local votacao 2024
2024,1,Vereador,São Luís,SANTA CRUZ - ZONA URBANA,3,357,U. E. BÁSICO JOSÉ ASSUB,TOTAL VOTOS NOMINAIS - VEREADOR,220,285,,-2.5217648,-44.2501903,TSE - Votacao por secao 2024 MA e Eleitorado local votacao 2024
2024,1,Vereador,São Luís,SANTA CRUZ - ZONA URBANA,3,358,U. E. BÁSICO JOSÉ ASSUB,TOTAL VOTOS NOMINAIS - VEREADOR,220,292,,-2.5217648,-44.2501903,TSE - Votacao por secao 2024 MA e Eleitorado local votacao 2024
2024,1,Vereador,São Luís,SANTA CRUZ - ZONA URBANA,3,359,U. E. BÁSICO JOSÉ ASSUB,TOTAL VOTOS NOMINAIS - VEREADOR,228,294,,-2.5217648,-44.2501903,TSE - Votacao por secao 2024 MA e Eleitorado local votacao 2024
2024,1,Vereador,São Luís,RADIONAL - ZONA URBANA,3,367,C.E. ESTADO DO RIO GRANDE DO NORTE,TOTAL VOTOS NOMINAIS - VEREADOR,233,302,,-2.5217451,-44.2501912,TSE - Votacao por secao 2024 MA e Eleitorado local votacao 2024
2024,1,Vereador,São Luís,RADIONAL - ZONA URBANA,3,368,C.E. ESTADO DO RIO GRANDE DO NORTE,TOTAL VOTOS NOMINAIS - VEREADOR,231,303,,-2.5217451,-44.2501912,TSE - Votacao por secao 2024 MA e Eleitorado local votacao 2024
2024,1,Vereador,São Luís,RADIONAL - ZONA URBANA,3,369,C.E. ESTADO DO RIO GRANDE DO NORTE,TOTAL VOTOS NOMINAIS - VEREADOR,225,299,,-2.5217451,-44.2501912,TSE - Votacao por secao 2024 MA e Eleitorado local votacao 2024
2024,1,Vereador,São Luís,RADIONAL - ZONA URBANA,3,370,C.E. ESTADO DO RIO GRANDE DO NORTE,TOTAL VOTOS NOMINAIS - VEREADOR,244,293,,-2.5217451,-44.2501912,TSE - Votacao por secao 2024 MA e Eleitorado local votacao 2024
2024,1,Vereador,São Luís,RADIONAL - ZONA URBANA,3,371,C.E. ESTADO DO RIO GRANDE DO NORTE,TOTAL VOTOS NOMINAIS - VEREADOR,238,303,,-2.5217451,-44.2501912,TSE - Votacao por secao 2024 MA e Eleitorado local votacao 2024
2024,1,Vereador,São Luís,RADIONAL - ZONA URBANA,3,372,C.E. ESTADO DO RIO GRANDE DO NORTE,TOTAL VOTOS NOMINAIS - VEREADOR,239,302,,-2.5217451,-44.2501912,TSE - Votacao por secao 2024 MA e Eleitorado local votacao 2024
2024,1,Vereador,São Luís,ANGELIM VELHO - ZONA URBANA,3,373,UNIDADE ESCOLAR DOUTOR NETO GUTERRES,TOTAL VOTOS NOMINAIS - VEREADOR,282,363,,-2.5217503,-44.2501768,TSE - Votacao por secao 2024 MA e Eleitorado local votacao 2024
2024,1,Vereador,São Luís,ANGELIM VELHO - ZONA URBANA,3,374,UNIDADE ESCOLAR DOUTOR NETO GUTERRES,TOTAL VOTOS NOMINAIS - VEREADOR,286,371,,-2.5217503,-44.2501768,TSE - Votacao por secao 2024 MA e Eleitorado local votacao 2024
2024,1,Vereador,São Luís,ANGELIM VELHO - ZONA URBANA,3,375,UNIDADE ESCOLAR DOUTOR NETO GUTERRES,TOTAL VOTOS NOMINAIS - VEREADOR,252,374,,-2.5217503,-44.2501768,TSE - Votacao por secao 2024 MA e Eleitorado local votacao 2024
2024,1,Vereador,São Luís,RIO ANIL - ZONA URBANA,3,376,IEMA INTEGRAL BILINGUE- RIO ANIL (ESC MARIA HELENA DUARTE),TOTAL VOTOS NOMINAIS - VEREADOR,223,321,,-2.521769,-44.2501922,TSE - Votacao por secao 2024 MA e Eleitorado local votacao 2024
2024,1,Vereador,São Luís,RENASCENCA - ZONA URBANA,3,377,UNIDADE UNICEUMA RENASCENÇA II,TOTAL VOTOS NOMINAIS - VEREADOR,244,349,,-2.5040072,-44.2848946,TSE - Votacao por secao 2024 MA e Eleitorado local votacao 2024
2024,1,Vereador,São Luís,RENASCENCA - ZONA URBANA,3,378,UNIDADE UNICEUMA RENASCENÇA II,TOTAL VOTOS NOMINAIS - VEREADOR,238,347,,-2.5040072,-44.2848946,TSE - Votacao por secao 2024 MA e Eleitorado local votacao 2024
2024,1,Vereador,São Luís,RENASCENCA - ZONA URBANA,3,379,UNIDADE UNICEUMA RENASCENÇA II,TOTAL VOTOS NOMINAIS - VEREADOR,233,347,,-2.5040072,-44.2848946,TSE - Votacao por secao 2024 MA e Eleitorado local votacao 2024
2024,1,Vereador,São Luís,RENASCENCA - ZONA URBANA,3,380,UNIDADE UNICEUMA RENASCENÇA II,TOTAL VOTOS NOMINAIS - VEREADOR,224,345,,-2.5040072,-44.2848946,TSE - Votacao por secao 2024 MA e Eleitorado local votacao 2024
2024,1,Vereador,São Luís,RENASCENCA - ZONA URBANA,3,381,UNIDADE UNICEUMA RENASCENÇA II,TOTAL VOTOS NOMINAIS - VEREADOR,243,349,,-2.5040072,-44.2848946,TSE - Votacao por secao 2024 MA e Eleitorado local votacao 2024
2024,1,Vereador,São Luís,RENASCENCA - ZONA URBANA,3,382,UNIDADE UNICEUMA RENASCENÇA II,TOTAL VOTOS NOMINAIS - VEREADOR,238,350,,-2.5040072,-44.2848946,TSE - Votacao por secao 2024 MA e Eleitorado local votacao 2024
2024,1,Vereador,São Luís,RENASCENCA - ZONA URBANA,3,383,UNIDADE UNICEUMA RENASCENÇA II,TOTAL VOTOS NOMINAIS - VEREADOR,231,346,,-2.5040072,-44.2848946,TSE - Votacao por secao 2024 MA e Eleitorado local votacao 2024
2024,1,Vereador,São Luís,RENASCENCA - ZONA URBANA,3,384,UNIDADE UNICEUMA RENASCENÇA II,TOTAL VOTOS NOMINAIS - VEREADOR,229,351,,-2.5040072,-44.2848946,TSE - Votacao por secao 2024 MA e Eleitorado local votacao 2024
2024,1,Vereador,São Luís,RENASCENCA - ZONA URBANA,3,385,UNIDADE UNICEUMA RENASCENÇA II,TOTAL VOTOS NOMINAIS - VEREADOR,227,344,,-2.5040072,-44.2848946,TSE - Votacao por secao 2024 MA e Eleitorado local votacao 2024
2024,1,Vereador,São Luís,RENASCENCA - ZONA URBANA,3,386,UNIDADE UNICEUMA RENASCENÇA II,TOTAL VOTOS NOMINAIS - VEREADOR,225,348,,-2.5040072,-44.2848946,TSE - Votacao por secao 2024 MA e Eleitorado local votacao 2024
2024,1,Vereador,São Luís,RENASCENCA - ZONA URBANA,3,387,UNIDADE UNICEUMA RENASCENÇA II,TOTAL VOTOS NOMINAIS - VEREADOR,214,346,,-2.5040072,-44.2848946,TSE - Votacao por secao 2024 MA e Eleitorado local votacao 2024
2024,1,Vereador,São Luís,RENASCENCA - ZONA URBANA,3,388,UNIDADE UNICEUMA RENASCENÇA II,TOTAL VOTOS NOMINAIS - VEREADOR,216,342,,-2.5040072,-44.2848946,TSE - Votacao por secao 2024 MA e Eleitorado local votacao 2024
2024,1,Vereador,São Luís,JARACATI,3,389,U. E. B. PEDRO MARCOSINI BERTOL,TOTAL VOTOS NOMINAIS - VEREADOR,270,354,,-2.511177,-44.2900697,TSE - Votacao por secao 2024 MA e Eleitorado local votacao 2024
2024,1,Vereador,São Luís,JARACATI,3,390,U. E. B. PEDRO MARCOSINI BERTOL,TOTAL VOTOS NOMINAIS - VEREADOR,272,355,,-2.511177,-44.2900697,TSE - Votacao por secao 2024 MA e Eleitorado local votacao 2024
2024,1,Vereador,São Luís,RENASCENCA - ZONA URBANA,3,391,COLÉGIO DOM BOSCO,TOTAL VOTOS NOMINAIS - VEREADOR,269,381,,-2.5001707,-44.287017,TSE - Votacao por secao 2024 MA e Eleitorado local votacao 2024
2024,1,Vereador,São Luís,RENASCENCA - ZONA URBANA,3,392,COLÉGIO DOM BOSCO,TOTAL VOTOS NOMINAIS - VEREADOR,267,381,,-2.5001707,-44.287017,TSE - Votacao por secao 2024 MA e Eleitorado local votacao 2024
2024,1,Vereador,São Luís,RENASCENCA - ZONA URBANA,3,393,COLÉGIO DOM BOSCO,TOTAL VOTOS NOMINAIS - VEREADOR,265,382,,-2.5001707,-44.287017,TSE - Votacao por secao 2024 MA e Eleitorado local votacao 2024
2024,1,Vereador,São Luís,RENASCENCA - ZONA URBANA,3,394,COLÉGIO DOM BOSCO,TOTAL VOTOS NOMINAIS - VEREADOR,249,378,,-2.5001707,-44.287017,TSE - Votacao por secao 2024 MA e Eleitorado local votacao 2024
2024,1,Vereador,São Luís,RENASCENCA - ZONA URBANA,3,395,COLÉGIO DOM BOSCO,TOTAL VOTOS NOMINAIS - VEREADOR,269,383,,-2.5001707,-44.287017,TSE - Votacao por secao 2024 MA e Eleitorado local votacao 2024
2024,1,Vereador,São Luís,RENASCENCA - ZONA URBANA,3,396,COLÉGIO DOM BOSCO,TOTAL VOTOS NOMINAIS - VEREADOR,272,379,,-2.5001707,-44.287017,TSE - Votacao por secao 2024 MA e Eleitorado local votacao 2024
2024,1,Vereador,São Luís,RENASCENCA - ZONA URBANA,3,397,COLÉGIO DOM BOSCO,TOTAL VOTOS NOMINAIS - VEREADOR,262,376,,-2.5001707,-44.287017,TSE - Votacao por secao 2024 MA e Eleitorado local votacao 2024
2024,1,Vereador,São Luís,RENASCENCA - ZONA URBANA,3,398,COLÉGIO DOM BOSCO,TOTAL VOTOS NOMINAIS - VEREADOR,268,373,,-2.5001707,-44.287017,TSE - Votacao por secao 2024 MA e Eleitorado local votacao 2024
2024,1,Vereador,São Luís,RENASCENCA - ZONA URBANA,3,399,COLÉGIO DOM BOSCO,TOTAL VOTOS NOMINAIS - VEREADOR,259,378,,-2.5001707,-44.287017,TSE - Votacao por secao 2024 MA e Eleitorado local votacao 2024
2024,1,Vereador,São Luís,RENASCENCA - ZONA URBANA,3,400,COLÉGIO DOM BOSCO,TOTAL VOTOS NOMINAIS - VEREADOR,242,375,,-2.5001707,-44.287017,TSE - Votacao por secao 2024 MA e Eleitorado local votacao 2024
2024,1,Vereador,São Luís,RENASCENCA - ZONA URBANA,3,401,COLÉGIO DOM BOSCO,TOTAL VOTOS NOMINAIS - VEREADOR,258,382,,-2.5001707,-44.287017,TSE - Votacao por secao 2024 MA e Eleitorado local votacao 2024
2024,1,Vereador,São Luís,RENASCENCA - ZONA URBANA,3,402,COLÉGIO DOM BOSCO,TOTAL VOTOS NOMINAIS - VEREADOR,246,372,,-2.5001707,-44.287017,TSE - Votacao por secao 2024 MA e Eleitorado local votacao 2024
2024,1,Vereador,São Luís,RENASCENCA - ZONA URBANA,3,403,COLÉGIO DOM BOSCO,TOTAL VOTOS NOMINAIS - VEREADOR,272,383,,-2.5001707,-44.287017,TSE - Votacao por secao 2024 MA e Eleitorado local votacao 2024
2024,1,Vereador,São Luís,RENASCENCA - ZONA URBANA,3,404,COLÉGIO DOM BOSCO,TOTAL VOTOS NOMINAIS - VEREADOR,248,377,,-2.5001707,-44.287017,TSE - Votacao por secao 2024 MA e Eleitorado local votacao 2024
2024,1,Vereador,São Luís,RENASCENCA - ZONA URBANA,3,405,COLÉGIO DOM BOSCO,TOTAL VOTOS NOMINAIS - VEREADOR,260,378,,-2.5001707,-44.287017,TSE - Votacao por secao 2024 MA e Eleitorado local votacao 2024
2024,1,Vereador,São Luís,RENASCENCA - ZONA URBANA,3,406,COLÉGIO DOM BOSCO,TOTAL VOTOS NOMINAIS - VEREADOR,261,375,,-2.5001707,-44.287017,TSE - Votacao por secao 2024 MA e Eleitorado local votacao 2024
2024,1,Vereador,São Luís,RENASCENCA - ZONA URBANA,3,407,COLÉGIO DOM BOSCO,TOTAL VOTOS NOMINAIS - VEREADOR,252,374,,-2.5001707,-44.287017,TSE - Votacao por secao 2024 MA e Eleitorado local votacao 2024
2024,1,Vereador,São Luís,RENASCENCA - ZONA URBANA,3,408,COLÉGIO DOM BOSCO,TOTAL VOTOS NOMINAIS - VEREADOR,249,364,,-2.5001707,-44.287017,TSE - Votacao por secao 2024 MA e Eleitorado local votacao 2024
2024,1,Vereador,São Luís,RENASCENCA - ZONA URBANA,3,409,COLÉGIO DOM BOSCO,TOTAL VOTOS NOMINAIS - VEREADOR,256,378,,-2.5001707,-44.287017,TSE - Votacao por secao 2024 MA e Eleitorado local votacao 2024
2024,1,Vereador,São Luís,RENASCENCA - ZONA URBANA,3,410,COLÉGIO DOM BOSCO,TOTAL VOTOS NOMINAIS - VEREADOR,253,385,,-2.5001707,-44.287017,TSE - Votacao por secao 2024 MA e Eleitorado local votacao 2024
2024,1,Vereador,São Luís,RENASCENCA - ZONA URBANA,3,411,COLÉGIO DOM BOSCO,TOTAL VOTOS NOMINAIS - VEREADOR,249,369,,-2.5001707,-44.287017,TSE - Votacao por secao 2024 MA e Eleitorado local votacao 2024
2024,1,Vereador,São Luís,RENASCENCA - ZONA URBANA,3,412,COLÉGIO DOM BOSCO,TOTAL VOTOS NOMINAIS - VEREADOR,257,380,,-2.5001707,-44.287017,TSE - Votacao por secao 2024 MA e Eleitorado local votacao 2024
2024,1,Vereador,São Luís,RENASCENCA - ZONA URBANA,3,413,COLÉGIO DOM BOSCO,TOTAL VOTOS NOMINAIS - VEREADOR,250,371,,-2.5001707,-44.287017,TSE - Votacao por secao 2024 MA e Eleitorado local votacao 2024
2024,1,Vereador,São Luís,RENASCENCA - ZONA URBANA,3,414,COLÉGIO DOM BOSCO,TOTAL VOTOS NOMINAIS - VEREADOR,258,369,,-2.5001707,-44.287017,TSE - Votacao por secao 2024 MA e Eleitorado local votacao 2024
2024,1,Vereador,São Luís,RENASCENCA - ZONA URBANA,3,415,COLÉGIO DOM BOSCO,TOTAL VOTOS NOMINAIS - VEREADOR,235,371,,-2.5001707,-44.287017,TSE - Votacao por secao 2024 MA e Eleitorado local votacao 2024
2024,1,Vereador,São Luís,RENASCENCA - ZONA URBANA,3,416,COLÉGIO DOM BOSCO,TOTAL VOTOS NOMINAIS - VEREADOR,242,360,,-2.5001707,-44.287017,TSE - Votacao por secao 2024 MA e Eleitorado local votacao 2024
2024,1,Vereador,São Luís,RENASCENCA - ZONA URBANA,3,417,COLÉGIO DOM BOSCO,TOTAL VOTOS NOMINAIS - VEREADOR,244,371,,-2.5001707,-44.287017,TSE - Votacao por secao 2024 MA e Eleitorado local votacao 2024
2024,1,Vereador,São Luís,RENASCENCA - ZONA URBANA,3,418,COLÉGIO DOM BOSCO,TOTAL VOTOS NOMINAIS - VEREADOR,259,378,,-2.5001707,-44.287017,TSE - Votacao por secao 2024 MA e Eleitorado local votacao 2024
2024,1,Vereador,São Luís,RENASCENCA - ZONA URBANA,3,419,COLÉGIO DOM BOSCO,TOTAL VOTOS NOMINAIS - VEREADOR,266,378,,-2.5001707,-44.287017,TSE - Votacao por secao 2024 MA e Eleitorado local votacao 2024
2024,1,Vereador,São Luís,RENASCENCA - ZONA URBANA,3,420,COLÉGIO DOM BOSCO,TOTAL VOTOS NOMINAIS - VEREADOR,269,380,,-2.5001707,-44.287017,TSE - Votacao por secao 2024 MA e Eleitorado local votacao 2024
2024,1,Vereador,São Luís,RENASCENCA - ZONA URBANA,3,421,COLÉGIO DOM BOSCO,TOTAL VOTOS NOMINAIS - VEREADOR,242,378,,-2.5001707,-44.287017,TSE - Votacao por secao 2024 MA e Eleitorado local votacao 2024
2024,1,Vereador,São Luís,RENASCENCA - ZONA URBANA,3,422,UNIDADE UNICEUMA RENASCENÇA II,TOTAL VOTOS NOMINAIS - VEREADOR,251,343,,-2.5040072,-44.2848946,TSE - Votacao por secao 2024 MA e Eleitorado local votacao 2024
2024,1,Vereador,São Luís,RENASCENCA - ZONA URBANA,3,423,UNIDADE UNICEUMA RENASCENÇA II,TOTAL VOTOS NOMINAIS - VEREADOR,249,348,,-2.5040072,-44.2848946,TSE - Votacao por secao 2024 MA e Eleitorado local votacao 2024
2024,1,Vereador,São Luís,RENASCENCA - ZONA URBANA,3,424,UNIDADE UNICEUMA RENASCENÇA II,TOTAL VOTOS NOMINAIS - VEREADOR,246,342,,-2.5040072,-44.2848946,TSE - Votacao por secao 2024 MA e Eleitorado local votacao 2024
2024,1,Vereador,São Luís,RENASCENCA - ZONA URBANA,3,425,UNIDADE UNICEUMA RENASCENÇA II,TOTAL VOTOS NOMINAIS - VEREADOR,251,344,,-2.5040072,-44.2848946,TSE - Votacao por secao 2024 MA e Eleitorado local votacao 2024
2024,1,Vereador,São Luís,RENASCENCA - ZONA URBANA,3,426,UNIDADE UNICEUMA RENASCENÇA II,TOTAL VOTOS NOMINAIS - VEREADOR,243,339,,-2.5040072,-44.2848946,TSE - Votacao por secao 2024 MA e Eleitorado local votacao 2024
2024,1,Vereador,São Luís,RENASCENCA - ZONA URBANA,3,427,UNIDADE UNICEUMA RENASCENÇA II,TOTAL VOTOS NOMINAIS - VEREADOR,250,341,,-2.5040072,-44.2848946,TSE - Votacao por secao 2024 MA e Eleitorado local votacao 2024
2024,1,Vereador,São Luís,RENASCENCA - ZONA URBANA,3,428,UNIDADE UNICEUMA RENASCENÇA II,TOTAL VOTOS NOMINAIS - VEREADOR,259,343,,-2.5040072,-44.2848946,TSE - Votacao por secao 2024 MA e Eleitorado local votacao 2024
2024,1,Vereador,São Luís,RENASCENCA - ZONA URBANA,3,429,UNIDADE UNICEUMA RENASCENÇA II,TOTAL VOTOS NOMINAIS - VEREADOR,243,341,,-2.5040072,-44.2848946,TSE - Votacao por secao 2024 MA e Eleitorado local votacao 2024
2024,1,Vereador,São Luís,RENASCENCA - ZONA URBANA,3,430,UNIDADE UNICEUMA RENASCENÇA II,TOTAL VOTOS NOMINAIS - VEREADOR,242,341,,-2.5040072,-44.2848946,TSE - Votacao por secao 2024 MA e Eleitorado local votacao 2024
2024,1,Vereador,São Luís,SAO FRANCISCO - ZONA URBANA,3,431,UEB MONSENHOR FREDERICO CHAVES,TOTAL VOTOS NOMINAIS - VEREADOR,255,335,,-2.5217482,-44.2501858,TSE - Votacao por secao 2024 MA e Eleitorado local votacao 2024
2024,1,Vereador,São Luís,SAO FRANCISCO - ZONA URBANA,3,432,UEB MONSENHOR FREDERICO CHAVES,TOTAL VOTOS NOMINAIS - VEREADOR,250,324,,-2.5217482,-44.2501858,TSE - Votacao por secao 2024 MA e Eleitorado local votacao 2024
2024,1,Vereador,São Luís,SAO FRANCISCO - ZONA URBANA,3,433,UEB MONSENHOR FREDERICO CHAVES,TOTAL VOTOS NOMINAIS - VEREADOR,251,331,,-2.5217482,-44.2501858,TSE - Votacao por secao 2024 MA e Eleitorado local votacao 2024
2024,1,Vereador,São Luís,SAO FRANCISCO - ZONA URBANA,3,434,UEB MONSENHOR FREDERICO CHAVES,TOTAL VOTOS NOMINAIS - VEREADOR,248,320,,-2.5217482,-44.2501858,TSE - Votacao por secao 2024 MA e Eleitorado local votacao 2024
2024,1,Vereador,São Luís,SAO FRANCISCO - ZONA URBANA,3,435,UEB MONSENHOR FREDERICO CHAVES,TOTAL VOTOS NOMINAIS - VEREADOR,254,326,,-2.5217482,-44.2501858,TSE - Votacao por secao 2024 MA e Eleitorado local votacao 2024
2024,1,Vereador,São Luís,SAO FRANCISCO - ZONA URBANA,3,436,UEB MONSENHOR FREDERICO CHAVES,TOTAL VOTOS NOMINAIS - VEREADOR,256,334,,-2.5217482,-44.2501858,TSE - Votacao por secao 2024 MA e Eleitorado local votacao 2024
2024,1,Vereador,São Luís,SAO FRANCISCO - ZONA URBANA,3,437,UEB MONSENHOR FREDERICO CHAVES,TOTAL VOTOS NOMINAIS - VEREADOR,250,333,,-2.5217482,-44.2501858,TSE - Votacao por secao 2024 MA e Eleitorado local votacao 2024
2024,1,Vereador,São Luís,SAO FRANCISCO - ZONA URBANA,3,438,UEB MONSENHOR FREDERICO CHAVES,TOTAL VOTOS NOMINAIS - VEREADOR,255,330,,-2.5217482,-44.2501858,TSE - Votacao por secao 2024 MA e Eleitorado local votacao 2024
2024,1,Vereador,São Luís,SAO FRANCISCO - ZONA URBANA,3,439,UEB MONSENHOR FREDERICO CHAVES,TOTAL VOTOS NOMINAIS - VEREADOR,257,332,,-2.5217482,-44.2501858,TSE - Votacao por secao 2024 MA e Eleitorado local votacao 2024
2024,1,Vereador,São Luís,SAO FRANCISCO - ZONA URBANA,3,440,UEB MONSENHOR FREDERICO CHAVES,TOTAL VOTOS NOMINAIS - VEREADOR,277,332,,-2.5217482,-44.2501858,TSE - Votacao por secao 2024 MA e Eleitorado local votacao 2024
2024,1,Vereador,São Luís,SAO FRANCISCO - ZONA URBANA,3,441,UEB MONSENHOR FREDERICO CHAVES,TOTAL VOTOS NOMINAIS - VEREADOR,264,334,,-2.5217482,-44.2501858,TSE - Votacao por secao 2024 MA e Eleitorado local votacao 2024
2024,1,Vereador,São Luís,SAO FRANCISCO - ZONA URBANA,3,442,UEB MONSENHOR FREDERICO CHAVES,TOTAL VOTOS NOMINAIS - VEREADOR,265,334,,-2.5217482,-44.2501858,TSE - Votacao por secao 2024 MA e Eleitorado local votacao 2024
2024,1,Vereador,São Luís,SAO FRANCISCO - ZONA URBANA,3,443,UEB MONSENHOR FREDERICO CHAVES,TOTAL VOTOS NOMINAIS - VEREADOR,269,333,,-2.5217482,-44.2501858,TSE - Votacao por secao 2024 MA e Eleitorado local votacao 2024
2024,1,Vereador,São Luís,SAO FRANCISCO - ZONA URBANA,3,444,UEB MONSENHOR FREDERICO CHAVES,TOTAL VOTOS NOMINAIS - VEREADOR,268,329,,-2.5217482,-44.2501858,TSE - Votacao por secao 2024 MA e Eleitorado local votacao 2024
2024,1,Vereador,São Luís,RENASCENCA - ZONA URBANA,3,445,UNIDADE UNICEUMA RENASCENÇA II,TOTAL VOTOS NOMINAIS - VEREADOR,238,343,,-2.5040072,-44.2848946,TSE - Votacao por secao 2024 MA e Eleitorado local votacao 2024
2024,1,Vereador,São Luís,RENASCENCA - ZONA URBANA,3,446,UNIDADE UNICEUMA RENASCENÇA II,TOTAL VOTOS NOMINAIS - VEREADOR,212,345,,-2.5040072,-44.2848946,TSE - Votacao por secao 2024 MA e Eleitorado local votacao 2024
2024,1,Vereador,São Luís,RENASCENCA - ZONA URBANA,3,447,UNIDADE UNICEUMA RENASCENÇA II,TOTAL VOTOS NOMINAIS - VEREADOR,233,341,,-2.5040072,-44.2848946,TSE - Votacao por secao 2024 MA e Eleitorado local votacao 2024
2024,1,Vereador,São Luís,RENASCENCA - ZONA URBANA,3,448,UNIDADE UNICEUMA RENASCENÇA II,TOTAL VOTOS NOMINAIS - VEREADOR,184,340,,-2.5040072,-44.2848946,TSE - Votacao por secao 2024 MA e Eleitorado local votacao 2024
2024,1,Vereador,São Luís,SAO FRANCISCO - ZONA URBANA,3,449,U. E. CRIANÇA FELIZ,TOTAL VOTOS NOMINAIS - VEREADOR,238,304,,-2.5217633,-44.2502037,TSE - Votacao por secao 2024 MA e Eleitorado local votacao 2024
2024,1,Vereador,São Luís,SAO FRANCISCO - ZONA URBANA,3,450,U. E. CRIANÇA FELIZ,TOTAL VOTOS NOMINAIS - VEREADOR,254,306,,-2.5217633,-44.2502037,TSE - Votacao por secao 2024 MA e Eleitorado local votacao 2024
2024,1,Vereador,São Luís,SAO FRANCISCO - ZONA URBANA,3,451,U. E. CRIANÇA FELIZ,TOTAL VOTOS NOMINAIS - VEREADOR,237,302,,-2.5217633,-44.2502037,TSE - Votacao por secao 2024 MA e Eleitorado local votacao 2024
2024,1,Vereador,São Luís,SAO FRANCISCO - ZONA URBANA,3,452,U. E. CRIANÇA FELIZ,TOTAL VOTOS NOMINAIS - VEREADOR,241,303,,-2.5217633,-44.2502037,TSE - Votacao por secao 2024 MA e Eleitorado local votacao 2024
2024,1,Vereador,São Luís,SAO FRANCISCO - ZONA URBANA,3,453,U. E. CRIANÇA FELIZ,TOTAL VOTOS NOMINAIS - VEREADOR,229,299,,-2.5217633,-44.2502037,TSE - Votacao por secao 2024 MA e Eleitorado local votacao 2024
2024,1,Vereador,São Luís,SAO FRANCISCO - ZONA URBANA,3,454,U. E. CRIANÇA FELIZ,TOTAL VOTOS NOMINAIS - VEREADOR,233,303,,-2.5217633,-44.2502037,TSE - Votacao por secao 2024 MA e Eleitorado local votacao 2024
2024,1,Vereador,São Luís,SAO FRANCISCO - ZONA URBANA,3,455,U. E. CRIANÇA FELIZ,TOTAL VOTOS NOMINAIS - VEREADOR,230,303,,-2.5217633,-44.2502037,TSE - Votacao por secao 2024 MA e Eleitorado local votacao 2024
2024,1,Vereador,São Luís,VINHAIS-ZONA URBANA,3,456,COMPLEXO EDUCACIONAL MARIA MÔNICA VALE,TOTAL VOTOS NOMINAIS - VEREADOR,233,304,,,,TSE - Votacao por secao 2024 MA e Eleitorado local votacao 2024
2024,1,Vereador,São Luís,VINHAIS-ZONA URBANA,3,457,COMPLEXO EDUCACIONAL MARIA MÔNICA VALE,TOTAL VOTOS NOMINAIS - VEREADOR,255,307,,,,TSE - Votacao por secao 2024 MA e Eleitorado local votacao 2024
2024,1,Vereador,São Luís,VINHAIS-ZONA URBANA,3,458,COMPLEXO EDUCACIONAL MARIA MÔNICA VALE,TOTAL VOTOS NOMINAIS - VEREADOR,231,298,,,,TSE - Votacao por secao 2024 MA e Eleitorado local votacao 2024
2024,1,Vereador,São Luís,VINHAIS-ZONA URBANA,3,459,COMPLEXO EDUCACIONAL MARIA MÔNICA VALE,TOTAL VOTOS NOMINAIS - VEREADOR,228,314,,,,TSE - Votacao por secao 2024 MA e Eleitorado local votacao 2024
2024,1,Vereador,São Luís,VINHAIS-ZONA URBANA,3,460,COMPLEXO EDUCACIONAL MARIA MÔNICA VALE,TOTAL VOTOS NOMINAIS - VEREADOR,233,298,,,,TSE - Votacao por secao 2024 MA e Eleitorado local votacao 2024
2024,1,Vereador,São Luís,VINHAIS-ZONA URBANA,3,461,COMPLEXO EDUCACIONAL MARIA MÔNICA VALE,TOTAL VOTOS NOMINAIS - VEREADOR,237,314,,,,TSE - Votacao por secao 2024 MA e Eleitorado local votacao 2024
2024,1,Vereador,São Luís,VINHAIS-ZONA URBANA,3,462,COMPLEXO EDUCACIONAL MARIA MÔNICA VALE,TOTAL VOTOS NOMINAIS - VEREADOR,232,300,,,,TSE - Votacao por secao 2024 MA e Eleitorado local votacao 2024
2024,1,Vereador,São Luís,VINHAIS-ZONA URBANA,3,463,COMPLEXO EDUCACIONAL MARIA MÔNICA VALE,TOTAL VOTOS NOMINAIS - VEREADOR,221,308,,,,TSE - Votacao por secao 2024 MA e Eleitorado local votacao 2024
2024,1,Vereador,São Luís,VINHAIS-ZONA URBANA,3,464,COMPLEXO EDUCACIONAL MARIA MÔNICA VALE,TOTAL VOTOS NOMINAIS - VEREADOR,241,307,,,,TSE - Votacao por secao 2024 MA e Eleitorado local votacao 2024
2024,1,Vereador,São Luís,VINHAIS-ZONA URBANA,3,465,COMPLEXO EDUCACIONAL MARIA MÔNICA VALE,TOTAL VOTOS NOMINAIS - VEREADOR,223,296,,,,TSE - Votacao por secao 2024 MA e Eleitorado local votacao 2024
2024,1,Vereador,São Luís,VINHAIS-ZONA URBANA,3,466,COMPLEXO EDUCACIONAL MARIA MÔNICA VALE,TOTAL VOTOS NOMINAIS - VEREADOR,213,297,,,,TSE - Votacao por secao 2024 MA e Eleitorado local votacao 2024
2024,1,Vereador,São Luís,VINHAIS-ZONA URBANA,3,467,COMPLEXO EDUCACIONAL MARIA MÔNICA VALE,TOTAL VOTOS NOMINAIS - VEREADOR,226,301,,,,TSE - Votacao por secao 2024 MA e Eleitorado local votacao 2024
2024,1,Vereador,São Luís,VINHAIS-ZONA URBANA,3,468,COMPLEXO EDUCACIONAL MARIA MÔNICA VALE,TOTAL VOTOS NOMINAIS - VEREADOR,249,301,,,,TSE - Votacao por secao 2024 MA e Eleitorado local votacao 2024
2024,1,Vereador,São Luís,VINHAIS-ZONA URBANA,3,469,COMPLEXO EDUCACIONAL MARIA MÔNICA VALE,TOTAL VOTOS NOMINAIS - VEREADOR,210,298,,,,TSE - Votacao por secao 2024 MA e Eleitorado local votacao 2024
2024,1,Vereador,São Luís,VINHAIS-ZONA URBANA,3,470,COMPLEXO EDUCACIONAL MARIA MÔNICA VALE,TOTAL VOTOS NOMINAIS - VEREADOR,215,299,,,,TSE - Votacao por secao 2024 MA e Eleitorado local votacao 2024
2024,1,Vereador,São Luís,VINHAIS-ZONA URBANA,3,471,COMPLEXO EDUCACIONAL MARIA MÔNICA VALE,TOTAL VOTOS NOMINAIS - VEREADOR,219,299,,,,TSE - Votacao por secao 2024 MA e Eleitorado local votacao 2024
2024,1,Vereador,São Luís,VINHAIS-ZONA URBANA,3,472,COMPLEXO EDUCACIONAL MARIA MÔNICA VALE,TOTAL VOTOS NOMINAIS - VEREADOR,225,298,,,,TSE - Votacao por secao 2024 MA e Eleitorado local votacao 2024
2024,1,Vereador,São Luís,VINHAIS-ZONA URBANA,3,473,COMPLEXO EDUCACIONAL MARIA MÔNICA VALE,TOTAL VOTOS NOMINAIS - VEREADOR,212,295,,,,TSE - Votacao por secao 2024 MA e Eleitorado local votacao 2024
2024,1,Vereador,São Luís,VINHAIS-ZONA URBANA,3,474,COMPLEXO EDUCACIONAL MARIA MÔNICA VALE,TOTAL VOTOS NOMINAIS - VEREADOR,206,300,,,,TSE - Votacao por secao 2024 MA e Eleitorado local votacao 2024
2024,1,Vereador,São Luís,VINHAIS-ZONA URBANA,3,475,COMPLEXO EDUCACIONAL MARIA MÔNICA VALE,TOTAL VOTOS NOMINAIS - VEREADOR,226,294,,,,TSE - Votacao por secao 2024 MA e Eleitorado local votacao 2024
2024,1,Vereador,São Luís,VINHAIS-ZONA URBANA,3,476,COMPLEXO EDUCACIONAL MARIA MÔNICA VALE,TOTAL VOTOS NOMINAIS - VEREADOR,224,301,,,,TSE - Votacao por secao 2024 MA e Eleitorado local votacao 2024
2024,1,Vereador,São Luís,VINHAIS-ZONA URBANA,3,477,COMPLEXO EDUCACIONAL MARIA MÔNICA VALE,TOTAL VOTOS NOMINAIS - VEREADOR,208,295,,,,TSE - Votacao por secao 2024 MA e Eleitorado local votacao 2024
2024,1,Vereador,São Luís,VINHAIS-ZONA URBANA,3,478,COMPLEXO EDUCACIONAL MARIA MÔNICA VALE,TOTAL VOTOS NOMINAIS - VEREADOR,214,295,,,,TSE - Votacao por secao 2024 MA e Eleitorado local votacao 2024
2024,1,Vereador,São Luís,VINHAIS-ZONA URBANA,3,479,COMPLEXO EDUCACIONAL MARIA MÔNICA VALE,TOTAL VOTOS NOMINAIS - VEREADOR,225,300,,,,TSE - Votacao por secao 2024 MA e Eleitorado local votacao 2024
2024,1,Vereador,São Luís,COHAFUMA - ZONA URBANA,3,480,UNIDADE ESCOLAR GOVERNADOR JOSE MURAD,TOTAL VOTOS NOMINAIS - VEREADOR,306,394,,-2.5093309,-44.2694918,TSE - Votacao por secao 2024 MA e Eleitorado local votacao 2024
2024,1,Vereador,São Luís,COHAFUMA - ZONA URBANA,3,481,UNIDADE ESCOLAR GOVERNADOR JOSE MURAD,TOTAL VOTOS NOMINAIS - VEREADOR,277,390,,-2.5093309,-44.2694918,TSE - Votacao por secao 2024 MA e Eleitorado local votacao 2024
2024,1,Vereador,São Luís,COHAFUMA - ZONA URBANA,3,482,UNIDADE ESCOLAR GOVERNADOR JOSE MURAD,TOTAL VOTOS NOMINAIS - VEREADOR,290,386,,-2.5093309,-44.2694918,TSE - Votacao por secao 2024 MA e Eleitorado local votacao 2024
2024,1,Vereador,São Luís,COHAFUMA - ZONA URBANA,3,483,UNIDADE ESCOLAR GOVERNADOR JOSE MURAD,TOTAL VOTOS NOMINAIS - VEREADOR,286,387,,-2.5093309,-44.2694918,TSE - Votacao por secao 2024 MA e Eleitorado local votacao 2024
2024,1,Vereador,São Luís,COHAFUMA - ZONA URBANA,3,484,UNIDADE ESCOLAR GOVERNADOR JOSE MURAD,TOTAL VOTOS NOMINAIS - VEREADOR,272,382,,-2.5093309,-44.2694918,TSE - Votacao por secao 2024 MA e Eleitorado local votacao 2024
2024,1,Vereador,São Luís,COHAFUMA - ZONA URBANA,3,485,UNIDADE ESCOLAR GOVERNADOR JOSE MURAD,TOTAL VOTOS NOMINAIS - VEREADOR,273,385,,-2.5093309,-44.2694918,TSE - Votacao por secao 2024 MA e Eleitorado local votacao 2024
2024,1,Vereador,São Luís,COHAFUMA - ZONA URBANA,3,486,UNIDADE ESCOLAR GOVERNADOR JOSE MURAD,TOTAL VOTOS NOMINAIS - VEREADOR,288,384,,-2.5093309,-44.2694918,TSE - Votacao por secao 2024 MA e Eleitorado local votacao 2024
2024,1,Vereador,São Luís,RENASCENCA - ZONA URBANA,3,487,UNIDADE INTEGRADA RENASCENÇA - CE,TOTAL VOTOS NOMINAIS - VEREADOR,264,375,,-2.5222623,-44.2476211,TSE - Votacao por secao 2024 MA e Eleitorado local votacao 2024
2024,1,Vereador,São Luís,RENASCENCA - ZONA URBANA,3,488,UNIDADE INTEGRADA RENASCENÇA - CE,TOTAL VOTOS NOMINAIS - VEREADOR,261,367,,-2.5222623,-44.2476211,TSE - Votacao por secao 2024 MA e Eleitorado local votacao 2024
2024,1,Vereador,São Luís,RENASCENCA - ZONA URBANA,3,489,UNIDADE INTEGRADA RENASCENÇA - CE,TOTAL VOTOS NOMINAIS - VEREADOR,257,369,,-2.5222623,-44.2476211,TSE - Votacao por secao 2024 MA e Eleitorado local votacao 2024
2024,1,Vereador,São Luís,RENASCENCA - ZONA URBANA,3,490,UNIDADE INTEGRADA RENASCENÇA - CE,TOTAL VOTOS NOMINAIS - VEREADOR,254,366,,-2.5222623,-44.2476211,TSE - Votacao por secao 2024 MA e Eleitorado local votacao 2024
2024,1,Vereador,São Luís,RENASCENCA - ZONA URBANA,3,491,UNIDADE INTEGRADA RENASCENÇA - CE,TOTAL VOTOS NOMINAIS - VEREADOR,253,364,,-2.5222623,-44.2476211,TSE - Votacao por secao 2024 MA e Eleitorado local votacao 2024
2024,1,Vereador,São Luís,RENASCENCA - ZONA URBANA,3,492,UNIDADE INTEGRADA RENASCENÇA - CE,TOTAL VOTOS NOMINAIS - VEREADOR,263,365,,-2.5222623,-44.2476211,TSE - Votacao por secao 2024 MA e Eleitorado local votacao 2024
2024,1,Vereador,São Luís,RENASCENCA - ZONA URBANA,3,493,UNIDADE INTEGRADA RENASCENÇA - CE,TOTAL VOTOS NOMINAIS - VEREADOR,247,362,,-2.5222623,-44.2476211,TSE - Votacao por secao 2024 MA e Eleitorado local votacao 2024
2024,1,Vereador,São Luís,JARDIM RENASCENCA- Z URBANA,3,494,ESCOLA CRESCIMENTO,TOTAL VOTOS NOMINAIS - VEREADOR,188,257,,-2.5095931,-44.269644,TSE - Votacao por secao 2024 MA e Eleitorado local votacao 2024
2024,1,Vereador,São Luís,JARDIM RENASCENCA- Z URBANA,3,495,ESCOLA CRESCIMENTO,TOTAL VOTOS NOMINAIS - VEREADOR,168,255,,-2.5095931,-44.269644,TSE - Votacao por secao 2024 MA e Eleitorado local votacao 2024
2024,1,Vereador,São Luís,JARDIM RENASCENCA- Z URBANA,3,496,ESCOLA CRESCIMENTO,TOTAL VOTOS NOMINAIS - VEREADOR,169,253,,-2.5095931,-44.269644,TSE - Votacao por secao 2024 MA e Eleitorado local votacao 2024
2024,1,Vereador,São Luís,JARDIM RENASCENCA- Z URBANA,3,497,ESCOLA CRESCIMENTO,TOTAL VOTOS NOMINAIS - VEREADOR,186,262,,-2.5095931,-44.269644,TSE - Votacao por secao 2024 MA e Eleitorado local votacao 2024
2024,1,Vereador,São Luís,JARDIM RENASCENCA- Z URBANA,3,498,ESCOLA CRESCIMENTO,TOTAL VOTOS NOMINAIS - VEREADOR,168,251,,-2.5095931,-44.269644,TSE - Votacao por secao 2024 MA e Eleitorado local votacao 2024
2024,1,Vereador,São Luís,JARDIM RENASCENCA- Z URBANA,3,499,ESCOLA CRESCIMENTO,TOTAL VOTOS NOMINAIS - VEREADOR,164,254,,-2.5095931,-44.269644,TSE - Votacao por secao 2024 MA e Eleitorado local votacao 2024
2024,1,Vereador,São Luís,JARDIM RENASCENCA- Z URBANA,3,500,ESCOLA CRESCIMENTO,TOTAL VOTOS NOMINAIS - VEREADOR,179,257,,-2.5095931,-44.269644,TSE - Votacao por secao 2024 MA e Eleitorado local votacao 2024
2024,1,Vereador,São Luís,JARDIM RENASCENCA- Z URBANA,3,501,ESCOLA CRESCIMENTO,TOTAL VOTOS NOMINAIS - VEREADOR,185,256,,-2.5095931,-44.269644,TSE - Votacao por secao 2024 MA e Eleitorado local votacao 2024
2024,1,Vereador,São Luís,JARDIM RENASCENCA- Z URBANA,3,502,ESCOLA CRESCIMENTO,TOTAL VOTOS NOMINAIS - VEREADOR,166,251,,-2.5095931,-44.269644,TSE - Votacao por secao 2024 MA e Eleitorado local votacao 2024
2024,1,Vereador,São Luís,JARDIM RENASCENCA- Z URBANA,3,503,ESCOLA CRESCIMENTO,TOTAL VOTOS NOMINAIS - VEREADOR,298,249,,-2.5095931,-44.269644,TSE - Votacao por secao 2024 MA e Eleitorado local votacao 2024
2024,1,Vereador,São Luís,JARDIM RENASCENCA- Z URBANA,3,504,ESCOLA CRESCIMENTO,TOTAL VOTOS NOMINAIS - VEREADOR,166,248,,-2.5095931,-44.269644,TSE - Votacao por secao 2024 MA e Eleitorado local votacao 2024
2024,1,Vereador,São Luís,SAO FRANCISCO - ZONA URBANA,3,505,CE JOAO EVANGELISTA SERRA DOS SANTOS (ROSEANA SARNEY),TOTAL VOTOS NOMINAIS - VEREADOR,255,312,,-2.5091548,-44.3077274,TSE - Votacao por secao 2024 MA e Eleitorado local votacao 2024
2024,1,Vereador,São Luís,SAO FRANCISCO - ZONA URBANA,3,506,CE JOAO EVANGELISTA SERRA DOS SANTOS (ROSEANA SARNEY),TOTAL VOTOS NOMINAIS - VEREADOR,243,314,,-2.5091548,-44.3077274,TSE - Votacao por secao 2024 MA e Eleitorado local votacao 2024
2024,1,Vereador,São Luís,SAO FRANCISCO - ZONA URBANA,3,507,CE JOAO EVANGELISTA SERRA DOS SANTOS (ROSEANA SARNEY),TOTAL VOTOS NOMINAIS - VEREADOR,245,314,,-2.5091548,-44.3077274,TSE - Votacao por secao 2024 MA e Eleitorado local votacao 2024
2024,1,Vereador,São Luís,SAO FRANCISCO - ZONA URBANA,3,508,CE JOAO EVANGELISTA SERRA DOS SANTOS (ROSEANA SARNEY),TOTAL VOTOS NOMINAIS - VEREADOR,247,313,,-2.5091548,-44.3077274,TSE - Votacao por secao 2024 MA e Eleitorado local votacao 2024
2024,1,Vereador,São Luís,SAO FRANCISCO - ZONA URBANA,3,509,CE JOAO EVANGELISTA SERRA DOS SANTOS (ROSEANA SARNEY),TOTAL VOTOS NOMINAIS - VEREADOR,255,314,,-2.5091548,-44.3077274,TSE - Votacao por secao 2024 MA e Eleitorado local votacao 2024
2024,1,Vereador,São Luís,SAO FRANCISCO - ZONA URBANA,3,510,CE JOAO EVANGELISTA SERRA DOS SANTOS (ROSEANA SARNEY),TOTAL VOTOS NOMINAIS - VEREADOR,249,314,,-2.5091548,-44.3077274,TSE - Votacao por secao 2024 MA e Eleitorado local votacao 2024
2024,1,Vereador,São Luís,SAO FRANCISCO - ZONA URBANA,3,511,CE JOAO EVANGELISTA SERRA DOS SANTOS (ROSEANA SARNEY),TOTAL VOTOS NOMINAIS - VEREADOR,244,314,,-2.5091548,-44.3077274,TSE - Votacao por secao 2024 MA e Eleitorado local votacao 2024
2024,1,Vereador,São Luís,SAO FRANCISCO - ZONA URBANA,3,512,CE JOAO EVANGELISTA SERRA DOS SANTOS (ROSEANA SARNEY),TOTAL VOTOS NOMINAIS - VEREADOR,250,312,,-2.5091548,-44.3077274,TSE - Votacao por secao 2024 MA e Eleitorado local votacao 2024
2024,1,Vereador,São Luís,SAO FRANCISCO - ZONA URBANA,3,513,CE JOAO EVANGELISTA SERRA DOS SANTOS (ROSEANA SARNEY),TOTAL VOTOS NOMINAIS - VEREADOR,255,314,,-2.5091548,-44.3077274,TSE - Votacao por secao 2024 MA e Eleitorado local votacao 2024
2024,1,Vereador,São Luís,SAO FRANCISCO - ZONA URBANA,3,514,CE JOAO EVANGELISTA SERRA DOS SANTOS (ROSEANA SARNEY),TOTAL VOTOS NOMINAIS - VEREADOR,253,314,,-2.5091548,-44.3077274,TSE - Votacao por secao 2024 MA e Eleitorado local votacao 2024
2024,1,Vereador,São Luís,SAO FRANCISCO - ZONA URBANA,3,515,CE JOAO EVANGELISTA SERRA DOS SANTOS (ROSEANA SARNEY),TOTAL VOTOS NOMINAIS - VEREADOR,242,310,,-2.5091548,-44.3077274,TSE - Votacao por secao 2024 MA e Eleitorado local votacao 2024
2024,1,Vereador,São Luís,SAO FRANCISCO - ZONA URBANA,3,516,CE JOAO EVANGELISTA SERRA DOS SANTOS (ROSEANA SARNEY),TOTAL VOTOS NOMINAIS - VEREADOR,249,307,,-2.5091548,-44.3077274,TSE - Votacao por secao 2024 MA e Eleitorado local votacao 2024
2024,1,Vereador,São Luís,SAO FRANCISCO - ZONA URBANA,3,517,CE JOAO EVANGELISTA SERRA DOS SANTOS (ROSEANA SARNEY),TOTAL VOTOS NOMINAIS - VEREADOR,251,309,,-2.5091548,-44.3077274,TSE - Votacao por secao 2024 MA e Eleitorado local votacao 2024
2024,1,Vereador,São Luís,SAO FRANCISCO - ZONA URBANA,3,518,CE JOAO EVANGELISTA SERRA DOS SANTOS (ROSEANA SARNEY),TOTAL VOTOS NOMINAIS - VEREADOR,233,308,,-2.5091548,-44.3077274,TSE - Votacao por secao 2024 MA e Eleitorado local votacao 2024
2024,1,Vereador,São Luís,SAO FRANCISCO - ZONA URBANA,3,519,CE JOAO EVANGELISTA SERRA DOS SANTOS (ROSEANA SARNEY),TOTAL VOTOS NOMINAIS - VEREADOR,241,309,,-2.5091548,-44.3077274,TSE - Votacao por secao 2024 MA e Eleitorado local votacao 2024
2024,1,Vereador,São Luís,RECANTO VINHAIS - ZONA URBANA,3,520,U.E.B DOUTOR OLIVEIRA ROMA,TOTAL VOTOS NOMINAIS - VEREADOR,286,394,,-2.5217587,-44.2501657,TSE - Votacao por secao 2024 MA e Eleitorado local votacao 2024
2024,1,Vereador,São Luís,RECANTO VINHAIS - ZONA URBANA,3,521,U.E.B DOUTOR OLIVEIRA ROMA,TOTAL VOTOS NOMINAIS - VEREADOR,296,392,,-2.5217587,-44.2501657,TSE - Votacao por secao 2024 MA e Eleitorado local votacao 2024
2024,1,Vereador,São Luís,RECANTO VINHAIS - ZONA URBANA,3,522,U.E.B DOUTOR OLIVEIRA ROMA,TOTAL VOTOS NOMINAIS - VEREADOR,301,394,,-2.5217587,-44.2501657,TSE - Votacao por secao 2024 MA e Eleitorado local votacao 2024
2024,1,Vereador,São Luís,RECANTO VINHAIS - ZONA URBANA,3,523,U.E.B DOUTOR OLIVEIRA ROMA,TOTAL VOTOS NOMINAIS - VEREADOR,292,393,,-2.5217587,-44.2501657,TSE - Votacao por secao 2024 MA e Eleitorado local votacao 2024
2024,1,Vereador,São Luís,RECANTO VINHAIS - ZONA URBANA,3,524,U.E.B DOUTOR OLIVEIRA ROMA,TOTAL VOTOS NOMINAIS - VEREADOR,274,389,,-2.5217587,-44.2501657,TSE - Votacao por secao 2024 MA e Eleitorado local votacao 2024
2024,1,Vereador,São Luís,RECANTO VINHAIS - ZONA URBANA,3,525,U.E.B DOUTOR OLIVEIRA ROMA,TOTAL VOTOS NOMINAIS - VEREADOR,263,387,,-2.5217587,-44.2501657,TSE - Votacao por secao 2024 MA e Eleitorado local votacao 2024
2024,1,Vereador,São Luís,RECANTO VINHAIS - ZONA URBANA,3,526,U.E.B DOUTOR OLIVEIRA ROMA,TOTAL VOTOS NOMINAIS - VEREADOR,282,390,,-2.5217587,-44.2501657,TSE - Votacao por secao 2024 MA e Eleitorado local votacao 2024
2024,1,Vereador,São Luís,BEQUIMAO - ZONA URBANA,3,527,UNIVERSIDADE FACAM - FACULDADE DO MARANHÃO,TOTAL VOTOS NOMINAIS - VEREADOR,236,322,,,,TSE - Votacao por secao 2024 MA e Eleitorado local votacao 2024
2024,1,Vereador,São Luís,BEQUIMAO - ZONA URBANA,3,528,UNIVERSIDADE FACAM - FACULDADE DO MARANHÃO,TOTAL VOTOS NOMINAIS - VEREADOR,244,319,,,,TSE - Votacao por secao 2024 MA e Eleitorado local votacao 2024
2024,1,Vereador,São Luís,BEQUIMAO - ZONA URBANA,3,529,UNIVERSIDADE FACAM - FACULDADE DO MARANHÃO,TOTAL VOTOS NOMINAIS - VEREADOR,216,309,,,,TSE - Votacao por secao 2024 MA e Eleitorado local votacao 2024
2024,1,Vereador,São Luís,BEQUIMAO - ZONA URBANA,3,530,UNIVERSIDADE FACAM - FACULDADE DO MARANHÃO,TOTAL VOTOS NOMINAIS - VEREADOR,226,309,,,,TSE - Votacao por secao 2024 MA e Eleitorado local votacao 2024
2024,1,Vereador,São Luís,BEQUIMAO - ZONA URBANA,3,531,UNIVERSIDADE FACAM - FACULDADE DO MARANHÃO,TOTAL VOTOS NOMINAIS - VEREADOR,241,319,,,,TSE - Votacao por secao 2024 MA e Eleitorado local votacao 2024
2024,1,Vereador,São Luís,BEQUIMAO - ZONA URBANA,3,532,UNIVERSIDADE FACAM - FACULDADE DO MARANHÃO,TOTAL VOTOS NOMINAIS - VEREADOR,242,317,,,,TSE - Votacao por secao 2024 MA e Eleitorado local votacao 2024
2024,1,Vereador,São Luís,BEQUIMAO - ZONA URBANA,3,533,UNIVERSIDADE FACAM - FACULDADE DO MARANHÃO,TOTAL VOTOS NOMINAIS - VEREADOR,247,310,,,,TSE - Votacao por secao 2024 MA e Eleitorado local votacao 2024
2024,1,Vereador,São Luís,BEQUIMAO - ZONA URBANA,3,534,UNIVERSIDADE FACAM - FACULDADE DO MARANHÃO,TOTAL VOTOS NOMINAIS - VEREADOR,238,307,,,,TSE - Votacao por secao 2024 MA e Eleitorado local votacao 2024
2024,1,Vereador,São Luís,BEQUIMAO - ZONA URBANA,3,535,UNIVERSIDADE FACAM - FACULDADE DO MARANHÃO,TOTAL VOTOS NOMINAIS - VEREADOR,243,304,,,,TSE - Votacao por secao 2024 MA e Eleitorado local votacao 2024
2024,1,Vereador,São Luís,BEQUIMAO - ZONA URBANA,3,536,UNIVERSIDADE FACAM - FACULDADE DO MARANHÃO,TOTAL VOTOS NOMINAIS - VEREADOR,216,307,,,,TSE - Votacao por secao 2024 MA e Eleitorado local votacao 2024
2024,1,Vereador,São Luís,SAO FRANCISCO - ZONA URBANA,3,537,UNIDADE  INTEGRADA DES.  SARNEY,TOTAL VOTOS NOMINAIS - VEREADOR,287,382,,-2.5217917,-44.2501648,TSE - Votacao por secao 2024 MA e Eleitorado local votacao 2024
2024,1,Vereador,São Luís,SAO FRANCISCO - ZONA URBANA,3,538,UNIDADE  INTEGRADA DES.  SARNEY,TOTAL VOTOS NOMINAIS - VEREADOR,278,377,,-2.5217917,-44.2501648,TSE - Votacao por secao 2024 MA e Eleitorado local votacao 2024
2024,1,Vereador,São Luís,SAO FRANCISCO - ZONA URBANA,3,539,UNIDADE  INTEGRADA DES.  SARNEY,TOTAL VOTOS NOMINAIS - VEREADOR,272,379,,-2.5217917,-44.2501648,TSE - Votacao por secao 2024 MA e Eleitorado local votacao 2024
2024,1,Vereador,São Luís,SAO FRANCISCO - ZONA URBANA,3,540,UNIDADE  INTEGRADA DES.  SARNEY,TOTAL VOTOS NOMINAIS - VEREADOR,274,383,,-2.5217917,-44.2501648,TSE - Votacao por secao 2024 MA e Eleitorado local votacao 2024
2024,1,Vereador,São Luís,SAO FRANCISCO - ZONA URBANA,3,541,UNIDADE  INTEGRADA DES.  SARNEY,TOTAL VOTOS NOMINAIS - VEREADOR,267,373,,-2.5217917,-44.2501648,TSE - Votacao por secao 2024 MA e Eleitorado local votacao 2024
2024,1,Vereador,São Luís,SAO FRANCISCO - ZONA URBANA,3,542,UNIDADE  INTEGRADA DES.  SARNEY,TOTAL VOTOS NOMINAIS - VEREADOR,275,376,,-2.5217917,-44.2501648,TSE - Votacao por secao 2024 MA e Eleitorado local votacao 2024
2024,1,Vereador,São Luís,SAO FRANCISCO - ZONA URBANA,3,543,UNIDADE  INTEGRADA DES.  SARNEY,TOTAL VOTOS NOMINAIS - VEREADOR,282,383,,-2.5217917,-44.2501648,TSE - Votacao por secao 2024 MA e Eleitorado local votacao 2024
2024,1,Vereador,São Luís,SAO FRANCISCO - ZONA URBANA,3,544,UNIDADE  INTEGRADA DES.  SARNEY,TOTAL VOTOS NOMINAIS - VEREADOR,279,377,,-2.5217917,-44.2501648,TSE - Votacao por secao 2024 MA e Eleitorado local votacao 2024
2024,1,Vereador,São Luís,SAO FRANCISCO - ZONA URBANA,3,545,UNIDADE  INTEGRADA DES.  SARNEY,TOTAL VOTOS NOMINAIS - VEREADOR,303,388,,-2.5217917,-44.2501648,TSE - Votacao por secao 2024 MA e Eleitorado local votacao 2024
2024,1,Vereador,São Luís,SAO FRANCISCO - ZONA URBANA,3,546,UNIDADE  INTEGRADA DES.  SARNEY,TOTAL VOTOS NOMINAIS - VEREADOR,297,377,,-2.5217917,-44.2501648,TSE - Votacao por secao 2024 MA e Eleitorado local votacao 2024
2024,1,Vereador,São Luís,SAO FRANCISCO - ZONA URBANA,3,547,UNIDADE  INTEGRADA DES.  SARNEY,TOTAL VOTOS NOMINAIS - VEREADOR,294,377,,-2.5217917,-44.2501648,TSE - Votacao por secao 2024 MA e Eleitorado local votacao 2024
2024,1,Vereador,São Luís,SAO FRANCISCO - ZONA URBANA,3,548,UNIDADE  INTEGRADA DES.  SARNEY,TOTAL VOTOS NOMINAIS - VEREADOR,291,380,,-2.5217917,-44.2501648,TSE - Votacao por secao 2024 MA e Eleitorado local votacao 2024
2024,1,Vereador,São Luís,SAO FRANCISCO - ZONA URBANA,3,549,UNIDADE  INTEGRADA DES.  SARNEY,TOTAL VOTOS NOMINAIS - VEREADOR,295,377,,-2.5217917,-44.2501648,TSE - Votacao por secao 2024 MA e Eleitorado local votacao 2024
2024,1,Vereador,São Luís,SAO FRANCISCO - ZONA URBANA,3,550,UNIDADE  INTEGRADA DES.  SARNEY,TOTAL VOTOS NOMINAIS - VEREADOR,292,371,,-2.5217917,-44.2501648,TSE - Votacao por secao 2024 MA e Eleitorado local votacao 2024
2024,1,Vereador,São Luís,RENASCENCA - ZONA URBANA,3,551,UNIDADE UNICEUMA RENASCENÇA II,TOTAL VOTOS NOMINAIS - VEREADOR,212,342,,-2.5040072,-44.2848946,TSE - Votacao por secao 2024 MA e Eleitorado local votacao 2024
2024,1,Vereador,São Luís,MARANHAO NOVO - ZONA URBANA,3,552,COLÉGIO ADVENTISTA DE SÃO LUÍS,TOTAL VOTOS NOMINAIS - VEREADOR,230,339,,,,TSE - Votacao por secao 2024 MA e Eleitorado local votacao 2024
2024,1,Vereador,São Luís,SANTO ANTONIO - ZONA URBANA,3,553,LARA RIBAS,TOTAL VOTOS NOMINAIS - VEREADOR,291,376,,-2.5217327,-44.250203,TSE - Votacao por secao 2024 MA e Eleitorado local votacao 2024
2024,1,Vereador,São Luís,RENASCENCA - ZONA URBANA,3,554,UNIDADE UNICEUMA RENASCENÇA II,TOTAL VOTOS NOMINAIS - VEREADOR,230,344,,-2.5040072,-44.2848946,TSE - Votacao por secao 2024 MA e Eleitorado local votacao 2024
2024,1,Vereador,São Luís,RECANTO VINHAIS - ZONA URBANA,3,555,U.E.B DOUTOR OLIVEIRA ROMA,TOTAL VOTOS NOMINAIS - VEREADOR,265,388,,-2.5217587,-44.2501657,TSE - Votacao por secao 2024 MA e Eleitorado local votacao 2024
2024,1,Vereador,São Luís,ANGELIM VELHO - ZONA URBANA,3,556,UNIDADE ESCOLAR DOUTOR NETO GUTERRES,TOTAL VOTOS NOMINAIS - VEREADOR,276,368,,-2.5217503,-44.2501768,TSE - Votacao por secao 2024 MA e Eleitorado local votacao 2024
2024,1,Vereador,São Luís,RENASCENCA - ZONA URBANA,3,557,UNIDADE UNICEUMA RENASCENÇA II,TOTAL VOTOS NOMINAIS - VEREADOR,219,346,,-2.5040072,-44.2848946,TSE - Votacao por secao 2024 MA e Eleitorado local votacao 2024
2024,1,Vereador,São Luís,SANTA CRUZ - ZONA URBANA,3,558,U. E. BÁSICO JOSÉ ASSUB,TOTAL VOTOS NOMINAIS - VEREADOR,237,283,,-2.5217648,-44.2501903,TSE - Votacao por secao 2024 MA e Eleitorado local votacao 2024
2024,1,Vereador,São Luís,RADIONAL - ZONA URBANA,3,559,C.E. ESTADO DO RIO GRANDE DO NORTE,TOTAL VOTOS NOMINAIS - VEREADOR,297,388,,-2.5217451,-44.2501912,TSE - Votacao por secao 2024 MA e Eleitorado local votacao 2024
2024,1,Vereador,São Luís,MARANHAO NOVO - ZONA URBANA,3,560,COLÉGIO ADVENTISTA DE SÃO LUÍS,TOTAL VOTOS NOMINAIS - VEREADOR,207,339,,,,TSE - Votacao por secao 2024 MA e Eleitorado local votacao 2024
2024,1,Vereador,São Luís,SANTO ANTONIO - ZONA URBANA,3,561,LARA RIBAS,TOTAL VOTOS NOMINAIS - VEREADOR,287,376,,-2.5217327,-44.250203,TSE - Votacao por secao 2024 MA e Eleitorado local votacao 2024
2024,1,Vereador,São Luís,RENASCENCA - ZONA URBANA,3,562,UNIDADE UNICEUMA RENASCENÇA II,TOTAL VOTOS NOMINAIS - VEREADOR,223,341,,-2.5040072,-44.2848946,TSE - Votacao por secao 2024 MA e Eleitorado local votacao 2024
2024,1,Vereador,São Luís,RIO ANIL - ZONA URBANA,3,563,IEMA INTEGRAL BILINGUE- RIO ANIL (ESC MARIA HELENA DUARTE),TOTAL VOTOS NOMINAIS - VEREADOR,235,314,,-2.521769,-44.2501922,TSE - Votacao por secao 2024 MA e Eleitorado local votacao 2024
2024,1,Vereador,São Luís,MARANHAO NOVO - ZONA URBANA,3,564,COLÉGIO ADVENTISTA DE SÃO LUÍS,TOTAL VOTOS NOMINAIS - VEREADOR,224,340,,,,TSE - Votacao por secao 2024 MA e Eleitorado local votacao 2024
2024,1,Vereador,São Luís,MARANHAO NOVO - ZONA URBANA,3,565,COLÉGIO ADVENTISTA DE SÃO LUÍS,TOTAL VOTOS NOMINAIS - VEREADOR,242,346,,,,TSE - Votacao por secao 2024 MA e Eleitorado local votacao 2024
2024,1,Vereador,São Luís,BEQUIMAO - ZONA URBANA,3,566,UNIVERSIDADE FACAM - FACULDADE DO MARANHÃO,TOTAL VOTOS NOMINAIS - VEREADOR,149,188,,,,TSE - Votacao por secao 2024 MA e Eleitorado local votacao 2024
2024,1,Vereador,São Luís,JARACATI,3,567,U. E. B. PEDRO MARCOSINI BERTOL,TOTAL VOTOS NOMINAIS - VEREADOR,130,154,,-2.511177,-44.2900697,TSE - Votacao por secao 2024 MA e Eleitorado local votacao 2024
2024,1,Vereador,São Luís,JARDIM RENASCENCA- Z URBANA,3,568,ESCOLA CRESCIMENTO,TOTAL VOTOS NOMINAIS - VEREADOR,253,146,,-2.5095931,-44.269644,TSE - Votacao por secao 2024 MA e Eleitorado local votacao 2024
2024,1,Vereador,São Luís,ANIL- ZONA URBANA,10,1,INSTITUTO DIVINA PASTORA,TOTAL VOTOS NOMINAIS - VEREADOR,219,280,,-2.5498282,-44.2392388,TSE - Votacao por secao 2024 MA e Eleitorado local votacao 2024
2024,1,Vereador,São Luís,ANIL- ZONA URBANA,10,2,INSTITUTO DIVINA PASTORA,TOTAL VOTOS NOMINAIS - VEREADOR,216,278,,-2.5498282,-44.2392388,TSE - Votacao por secao 2024 MA e Eleitorado local votacao 2024
2024,1,Vereador,São Luís,ANIL- ZONA URBANA,10,3,INSTITUTO DIVINA PASTORA,TOTAL VOTOS NOMINAIS - VEREADOR,220,277,,-2.5498282,-44.2392388,TSE - Votacao por secao 2024 MA e Eleitorado local votacao 2024
2024,1,Vereador,São Luís,ANIL- ZONA URBANA,10,4,INSTITUTO DIVINA PASTORA,TOTAL VOTOS NOMINAIS - VEREADOR,223,280,,-2.5498282,-44.2392388,TSE - Votacao por secao 2024 MA e Eleitorado local votacao 2024
2024,1,Vereador,São Luís,ANIL- ZONA URBANA,10,5,INSTITUTO DIVINA PASTORA,TOTAL VOTOS NOMINAIS - VEREADOR,219,277,,-2.5498282,-44.2392388,TSE - Votacao por secao 2024 MA e Eleitorado local votacao 2024
2024,1,Vereador,São Luís,ANIL- ZONA URBANA,10,6,INSTITUTO DIVINA PASTORA,TOTAL VOTOS NOMINAIS - VEREADOR,228,281,,-2.5498282,-44.2392388,TSE - Votacao por secao 2024 MA e Eleitorado local votacao 2024
2024,1,Vereador,São Luís,ANIL- ZONA URBANA,10,7,INSTITUTO DIVINA PASTORA,TOTAL VOTOS NOMINAIS - VEREADOR,215,279,,-2.5498282,-44.2392388,TSE - Votacao por secao 2024 MA e Eleitorado local votacao 2024
2024,1,Vereador,São Luís,ANIL- ZONA URBANA,10,8,INSTITUTO DIVINA PASTORA,TOTAL VOTOS NOMINAIS - VEREADOR,227,282,,-2.5498282,-44.2392388,TSE - Votacao por secao 2024 MA e Eleitorado local votacao 2024
2024,1,Vereador,São Luís,ANIL- ZONA URBANA,10,9,INSTITUTO DIVINA PASTORA,TOTAL VOTOS NOMINAIS - VEREADOR,216,280,,-2.5498282,-44.2392388,TSE - Votacao por secao 2024 MA e Eleitorado local votacao 2024
2024,1,Vereador,São Luís,ANIL- ZONA URBANA,10,10,INSTITUTO DIVINA PASTORA,TOTAL VOTOS NOMINAIS - VEREADOR,211,280,,-2.5498282,-44.2392388,TSE - Votacao por secao 2024 MA e Eleitorado local votacao 2024
2024,1,Vereador,São Luís,ANIL- ZONA URBANA,10,11,INSTITUTO DIVINA PASTORA,TOTAL VOTOS NOMINAIS - VEREADOR,222,281,,-2.5498282,-44.2392388,TSE - Votacao por secao 2024 MA e Eleitorado local votacao 2024
2024,1,Vereador,São Luís,ANIL- ZONA URBANA,10,12,CENTRO ESPÍRITA JARDIM DA ALMA,TOTAL VOTOS NOMINAIS - VEREADOR,175,240,,-2.550904,-44.2415963,TSE - Votacao por secao 2024 MA e Eleitorado local votacao 2024
2024,1,Vereador,São Luís,ANIL- ZONA URBANA,10,14,CENTRO ESPÍRITA JARDIM DA ALMA,TOTAL VOTOS NOMINAIS - VEREADOR,279,378,,-2.550904,-44.2415963,TSE - Votacao por secao 2024 MA e Eleitorado local votacao 2024
2024,1,Vereador,São Luís,JOAO DE DEUS - ZONA URBANA,10,16,ESCOLA COMUNITARIA JOAO DE DEUS,TOTAL VOTOS NOMINAIS - VEREADOR,256,327,,-2.5607802,-44.2289552,TSE - Votacao por secao 2024 MA e Eleitorado local votacao 2024
2024,1,Vereador,São Luís,JOAO DE DEUS - ZONA URBANA,10,17,ESCOLA COMUNITARIA JOAO DE DEUS,TOTAL VOTOS NOMINAIS - VEREADOR,263,324,,-2.5607802,-44.2289552,TSE - Votacao por secao 2024 MA e Eleitorado local votacao 2024
2024,1,Vereador,São Luís,JOAO DE DEUS - ZONA URBANA,10,18,ESCOLA COMUNITARIA JOAO DE DEUS,TOTAL VOTOS NOMINAIS - VEREADOR,264,330,,-2.5607802,-44.2289552,TSE - Votacao por secao 2024 MA e Eleitorado local votacao 2024
2024,1,Vereador,São Luís,JOAO DE DEUS - ZONA URBANA,10,19,ESCOLA COMUNITARIA JOAO DE DEUS,TOTAL VOTOS NOMINAIS - VEREADOR,254,327,,-2.5607802,-44.2289552,TSE - Votacao por secao 2024 MA e Eleitorado local votacao 2024
2024,1,Vereador,São Luís,ANIL- ZONA URBANA,10,20,U. I. PADRE ANTONIO VIEIRA,TOTAL VOTOS NOMINAIS - VEREADOR,200,276,,-2.5462606,-44.2408548,TSE - Votacao por secao 2024 MA e Eleitorado local votacao 2024
2024,1,Vereador,São Luís,ANIL- ZONA URBANA,10,21,U. I. PADRE ANTONIO VIEIRA,TOTAL VOTOS NOMINAIS - VEREADOR,214,279,,-2.5462606,-44.2408548,TSE - Votacao por secao 2024 MA e Eleitorado local votacao 2024
2024,1,Vereador,São Luís,ANIL- ZONA URBANA,10,22,U. I. PADRE ANTONIO VIEIRA,TOTAL VOTOS NOMINAIS - VEREADOR,214,275,,-2.5462606,-44.2408548,TSE - Votacao por secao 2024 MA e Eleitorado local votacao 2024
2024,1,Vereador,São Luís,ANIL- ZONA URBANA,10,23,U.E.B. PROFESSOR SA VALLE,TOTAL VOTOS NOMINAIS - VEREADOR,205,255,,-2.5447448,-44.2391226,TSE - Votacao por secao 2024 MA e Eleitorado local votacao 2024
2024,1,Vereador,São Luís,ANIL- ZONA URBANA,10,24,U.E.B. PROFESSOR SA VALLE,TOTAL VOTOS NOMINAIS - VEREADOR,202,252,,-2.5447448,-44.2391226,TSE - Votacao por secao 2024 MA e Eleitorado local votacao 2024
2024,1,Vereador,São Luís,ANIL- ZONA URBANA,10,25,U.E.B. PROFESSOR SA VALLE,TOTAL VOTOS NOMINAIS - VEREADOR,199,253,,-2.5447448,-44.2391226,TSE - Votacao por secao 2024 MA e Eleitorado local votacao 2024
2024,1,Vereador,São Luís,ANIL- ZONA URBANA,10,26,U.E.B. PROFESSOR SA VALLE,TOTAL VOTOS NOMINAIS - VEREADOR,199,254,,-2.5447448,-44.2391226,TSE - Votacao por secao 2024 MA e Eleitorado local votacao 2024
2024,1,Vereador,São Luís,ANIL- ZONA URBANA,10,27,CEST CENTRO UNIVERSITÁRIO SANTA TERESINHA,TOTAL VOTOS NOMINAIS - VEREADOR,276,378,,-2.5504644,-44.2408171,TSE - Votacao por secao 2024 MA e Eleitorado local votacao 2024
2024,1,Vereador,São Luís,ANIL- ZONA URBANA,10,28,CEST CENTRO UNIVERSITÁRIO SANTA TERESINHA,TOTAL VOTOS NOMINAIS - VEREADOR,276,378,,-2.5504644,-44.2408171,TSE - Votacao por secao 2024 MA e Eleitorado local votacao 2024
2024,1,Vereador,São Luís,ANIL- ZONA URBANA,10,29,CEST CENTRO UNIVERSITÁRIO SANTA TERESINHA,TOTAL VOTOS NOMINAIS - VEREADOR,299,385,,-2.5504644,-44.2408171,TSE - Votacao por secao 2024 MA e Eleitorado local votacao 2024
2024,1,Vereador,São Luís,AURORA - ZONA URBANA,10,39,SEMINARIO CRISTAO EVANGELICO DO NORTE,TOTAL VOTOS NOMINAIS - VEREADOR,244,313,,-2.5524297,-44.2240091,TSE - Votacao por secao 2024 MA e Eleitorado local votacao 2024
2024,1,Vereador,São Luís,AURORA - ZONA URBANA,10,40,SEMINARIO CRISTAO EVANGELICO DO NORTE,TOTAL VOTOS NOMINAIS - VEREADOR,236,312,,-2.5524297,-44.2240091,TSE - Votacao por secao 2024 MA e Eleitorado local votacao 2024
2024,1,Vereador,São Luís,AURORA - ZONA URBANA,10,41,SEMINARIO CRISTAO EVANGELICO DO NORTE,TOTAL VOTOS NOMINAIS - VEREADOR,230,306,,-2.5524297,-44.2240091,TSE - Votacao por secao 2024 MA e Eleitorado local votacao 2024
2024,1,Vereador,São Luís,AURORA - ZONA URBANA,10,42,SEMINARIO CRISTAO EVANGELICO DO NORTE,TOTAL VOTOS NOMINAIS - VEREADOR,235,307,,-2.5524297,-44.2240091,TSE - Votacao por secao 2024 MA e Eleitorado local votacao 2024
2024,1,Vereador,São Luís,AURORA - ZONA URBANA,10,43,SEMINARIO CRISTAO EVANGELICO DO NORTE,TOTAL VOTOS NOMINAIS - VEREADOR,227,308,,-2.5524297,-44.2240091,TSE - Votacao por secao 2024 MA e Eleitorado local votacao 2024
2024,1,Vereador,São Luís,AURORA - ZONA URBANA,10,44,SEMINARIO CRISTAO EVANGELICO DO NORTE,TOTAL VOTOS NOMINAIS - VEREADOR,246,310,,-2.5524297,-44.2240091,TSE - Votacao por secao 2024 MA e Eleitorado local votacao 2024
2024,1,Vereador,São Luís,COHAB ANIL III (POP CENTER)- ZONA URBANA,10,62,NÚCLEO DE ATIVIDADES DE ALTAS HABILIDADES/SUPERDOTAÇÃO JOAZINHO TRINTA,TOTAL VOTOS NOMINAIS - VEREADOR,224,285,,-2.5389692,-44.2213943,TSE - Votacao por secao 2024 MA e Eleitorado local votacao 2024
2024,1,Vereador,São Luís,COHAB ANIL III (POP CENTER)- ZONA URBANA,10,63,NÚCLEO DE ATIVIDADES DE ALTAS HABILIDADES/SUPERDOTAÇÃO JOAZINHO TRINTA,TOTAL VOTOS NOMINAIS - VEREADOR,198,284,,-2.5389692,-44.2213943,TSE - Votacao por secao 2024 MA e Eleitorado local votacao 2024
2024,1,Vereador,São Luís,COHAB ANIL III (POP CENTER)- ZONA URBANA,10,64,NÚCLEO DE ATIVIDADES DE ALTAS HABILIDADES/SUPERDOTAÇÃO JOAZINHO TRINTA,TOTAL VOTOS NOMINAIS - VEREADOR,214,285,,-2.5389692,-44.2213943,TSE - Votacao por secao 2024 MA e Eleitorado local votacao 2024
2024,1,Vereador,São Luís,COHAB ANIL III (POP CENTER)- ZONA URBANA,10,65,NÚCLEO DE ATIVIDADES DE ALTAS HABILIDADES/SUPERDOTAÇÃO JOAZINHO TRINTA,TOTAL VOTOS NOMINAIS - VEREADOR,201,288,,-2.5389692,-44.2213943,TSE - Votacao por secao 2024 MA e Eleitorado local votacao 2024
2024,1,Vereador,São Luís,COHAB ANIL III (POP CENTER)- ZONA URBANA,10,66,NÚCLEO DE ATIVIDADES DE ALTAS HABILIDADES/SUPERDOTAÇÃO JOAZINHO TRINTA,TOTAL VOTOS NOMINAIS - VEREADOR,209,283,,-2.5389692,-44.2213943,TSE - Votacao por secao 2024 MA e Eleitorado local votacao 2024
2024,1,Vereador,São Luís,COHAB ANIL III (POP CENTER)- ZONA URBANA,10,67,NÚCLEO DE ATIVIDADES DE ALTAS HABILIDADES/SUPERDOTAÇÃO JOAZINHO TRINTA,TOTAL VOTOS NOMINAIS - VEREADOR,216,283,,-2.5389692,-44.2213943,TSE - Votacao por secao 2024 MA e Eleitorado local votacao 2024
2024,1,Vereador,São Luís,COHAB ANIL III (POP CENTER)- ZONA URBANA,10,68,U. I. JOAQUIM GOMES,TOTAL VOTOS NOMINAIS - VEREADOR,197,254,,-2.5421756,-44.2195141,TSE - Votacao por secao 2024 MA e Eleitorado local votacao 2024
2024,1,Vereador,São Luís,COHAB ANIL III (POP CENTER)- ZONA URBANA,10,69,U. I. JOAQUIM GOMES,TOTAL VOTOS NOMINAIS - VEREADOR,190,253,,-2.5421756,-44.2195141,TSE - Votacao por secao 2024 MA e Eleitorado local votacao 2024
2024,1,Vereador,São Luís,COHAB ANIL III (POP CENTER)- ZONA URBANA,10,70,U. I. JOAQUIM GOMES,TOTAL VOTOS NOMINAIS - VEREADOR,188,253,,-2.5421756,-44.2195141,TSE - Votacao por secao 2024 MA e Eleitorado local votacao 2024
2024,1,Vereador,São Luís,COHAB ANIL III (POP CENTER)- ZONA URBANA,10,71,U. I. JOAQUIM GOMES,TOTAL VOTOS NOMINAIS - VEREADOR,205,257,,-2.5421756,-44.2195141,TSE - Votacao por secao 2024 MA e Eleitorado local votacao 2024
2024,1,Vereador,São Luís,COHAB ANIL III (POP CENTER)- ZONA URBANA,10,72,U. I. JOAQUIM GOMES,TOTAL VOTOS NOMINAIS - VEREADOR,191,253,,-2.5421756,-44.2195141,TSE - Votacao por secao 2024 MA e Eleitorado local votacao 2024
2024,1,Vereador,São Luís,COHAB ANIL III (POP CENTER)- ZONA URBANA,10,73,U. I. JOAQUIM GOMES,TOTAL VOTOS NOMINAIS - VEREADOR,211,255,,-2.5421756,-44.2195141,TSE - Votacao por secao 2024 MA e Eleitorado local votacao 2024
2024,1,Vereador,São Luís,COHAB ANIL III (POP CENTER)- ZONA URBANA,10,74,U. I. JOAQUIM GOMES,TOTAL VOTOS NOMINAIS - VEREADOR,196,252,,-2.5421756,-44.2195141,TSE - Votacao por secao 2024 MA e Eleitorado local votacao 2024
2024,1,Vereador,São Luís,CRUZEIRO DO ANIL - ZONA URBANA,10,268,ESCOLA EXPERTISE (ANTIGO COLEGIO BRASIL),TOTAL VOTOS NOMINAIS - VEREADOR,222,271,,-2.5414526,-44.231708,TSE - Votacao por secao 2024 MA e Eleitorado local votacao 2024
2024,1,Vereador,São Luís,AURORA - ZONA URBANA,10,279,SEMINARIO CRISTAO EVANGELICO DO NORTE,TOTAL VOTOS NOMINAIS - VEREADOR,255,312,,-2.5524297,-44.2240091,TSE - Votacao por secao 2024 MA e Eleitorado local votacao 2024
2024,1,Vereador,São Luís,JOAO DE DEUS - ZONA URBANA,10,281,U.E.B. MARIA JOSE VAZ DOS SANTOS,TOTAL VOTOS NOMINAIS - VEREADOR,288,348,,-2.5594301,-44.2300586,TSE - Votacao por secao 2024 MA e Eleitorado local votacao 2024
2024,1,Vereador,São Luís,COHAB ANIL III (POP CENTER)- ZONA URBANA,10,282,U. I. JOAQUIM GOMES,TOTAL VOTOS NOMINAIS - VEREADOR,208,256,,-2.5421756,-44.2195141,TSE - Votacao por secao 2024 MA e Eleitorado local votacao 2024
2024,1,Vereador,São Luís,COHAB ANIL III (POP CENTER)- ZONA URBANA,10,308,NÚCLEO DE ATIVIDADES DE ALTAS HABILIDADES/SUPERDOTAÇÃO JOAZINHO TRINTA,TOTAL VOTOS NOMINAIS - VEREADOR,228,285,,-2.5389692,-44.2213943,TSE - Votacao por secao 2024 MA e Eleitorado local votacao 2024
2024,1,Vereador,São Luís,CRUZEIRO DO ANIL - ZONA URBANA,10,310,ESCOLA EXPERTISE (ANTIGO COLEGIO BRASIL),TOTAL VOTOS NOMINAIS - VEREADOR,263,325,,-2.5414526,-44.231708,TSE - Votacao por secao 2024 MA e Eleitorado local votacao 2024
2024,1,Vereador,São Luís,JOAO DE DEUS - ZONA URBANA,10,319,U.E.B. MARIA JOSE VAZ DOS SANTOS,TOTAL VOTOS NOMINAIS - VEREADOR,297,351,,-2.5594301,-44.2300586,TSE - Votacao por secao 2024 MA e Eleitorado local votacao 2024
2024,1,Vereador,São Luís,ANIL- ZONA URBANA,10,320,CENTRO ESPÍRITA JARDIM DA ALMA,TOTAL VOTOS NOMINAIS - VEREADOR,304,391,,-2.550904,-44.2415963,TSE - Votacao por secao 2024 MA e Eleitorado local votacao 2024
2024,1,Vereador,São Luís,COHAB ANIL III (POP CENTER)- ZONA URBANA,10,321,U. I. JOAQUIM GOMES,TOTAL VOTOS NOMINAIS - VEREADOR,189,249,,-2.5421756,-44.2195141,TSE - Votacao por secao 2024 MA e Eleitorado local votacao 2024
2024,1,Vereador,São Luís,AURORA - ZONA URBANA,10,339,SEMINARIO CRISTAO EVANGELICO DO NORTE,TOTAL VOTOS NOMINAIS - VEREADOR,257,310,,-2.5524297,-44.2240091,TSE - Votacao por secao 2024 MA e Eleitorado local votacao 2024
2024,1,Vereador,São Luís,COHAB ANIL III (POP CENTER)- ZONA URBANA,10,362,NÚCLEO DE ATIVIDADES DE ALTAS HABILIDADES/SUPERDOTAÇÃO JOAZINHO TRINTA,TOTAL VOTOS NOMINAIS - VEREADOR,212,279,,-2.5389692,-44.2213943,TSE - Votacao por secao 2024 MA e Eleitorado local votacao 2024
2024,1,Vereador,São Luís,AURORA - ZONA URBANA,10,364,SEMINARIO CRISTAO EVANGELICO DO NORTE,TOTAL VOTOS NOMINAIS - VEREADOR,248,312,,-2.5524297,-44.2240091,TSE - Votacao por secao 2024 MA e Eleitorado local votacao 2024
2024,1,Vereador,São Luís,CRUZEIRO DO ANIL - ZONA URBANA,10,379,ESCOLA EXPERTISE (ANTIGO COLEGIO BRASIL),TOTAL VOTOS NOMINAIS - VEREADOR,263,328,,-2.5414526,-44.231708,TSE - Votacao por secao 2024 MA e Eleitorado local votacao 2024
2024,1,Vereador,São Luís,ANIL- ZONA URBANA,10,399,U.E.B. PROFESSOR SA VALLE,TOTAL VOTOS NOMINAIS - VEREADOR,203,252,,-2.5447448,-44.2391226,TSE - Votacao por secao 2024 MA e Eleitorado local votacao 2024
2024,1,Vereador,São Luís,ANIL- ZONA URBANA,10,400,U.E.B. PROFESSOR SA VALLE,TOTAL VOTOS NOMINAIS - VEREADOR,203,253,,-2.5447448,-44.2391226,TSE - Votacao por secao 2024 MA e Eleitorado local votacao 2024
2024,1,Vereador,São Luís,ANIL- ZONA URBANA,10,401,U.E.B. PROFESSOR SA VALLE,TOTAL VOTOS NOMINAIS - VEREADOR,207,251,,-2.5447448,-44.2391226,TSE - Votacao por secao 2024 MA e Eleitorado local votacao 2024
2024,1,Vereador,São Luís,ANIL- ZONA URBANA,10,402,U.E.B. PROFESSOR SA VALLE,TOTAL VOTOS NOMINAIS - VEREADOR,199,251,,-2.5447448,-44.2391226,TSE - Votacao por secao 2024 MA e Eleitorado local votacao 2024
2024,1,Vereador,São Luís,ANIL- ZONA URBANA,10,403,U.E.B. PROFESSOR SA VALLE,TOTAL VOTOS NOMINAIS - VEREADOR,213,255,,-2.5447448,-44.2391226,TSE - Votacao por secao 2024 MA e Eleitorado local votacao 2024
2024,1,Vereador,São Luís,ANIL- ZONA URBANA,10,404,U.E.B. PROFESSOR SA VALLE,TOTAL VOTOS NOMINAIS - VEREADOR,198,250,,-2.5447448,-44.2391226,TSE - Votacao por secao 2024 MA e Eleitorado local votacao 2024
2024,1,Vereador,São Luís,ANIL- ZONA URBANA,10,405,U.E.B. PROFESSOR SA VALLE,TOTAL VOTOS NOMINAIS - VEREADOR,199,253,,-2.5447448,-44.2391226,TSE - Votacao por secao 2024 MA e Eleitorado local votacao 2024
2024,1,Vereador,São Luís,ANIL- ZONA URBANA,10,406,U.E.B. PROFESSOR SA VALLE,TOTAL VOTOS NOMINAIS - VEREADOR,202,253,,-2.5447448,-44.2391226,TSE - Votacao por secao 2024 MA e Eleitorado local votacao 2024
2024,1,Vereador,São Luís,ANIL- ZONA URBANA,10,407,U.E.B. PROFESSOR SA VALLE,TOTAL VOTOS NOMINAIS - VEREADOR,203,253,,-2.5447448,-44.2391226,TSE - Votacao por secao 2024 MA e Eleitorado local votacao 2024
2024,1,Vereador,São Luís,ANIL- ZONA URBANA,10,408,U.E.B. PROFESSOR SA VALLE,TOTAL VOTOS NOMINAIS - VEREADOR,218,256,,-2.5447448,-44.2391226,TSE - Votacao por secao 2024 MA e Eleitorado local votacao 2024
2024,1,Vereador,São Luís,ANIL- ZONA URBANA,10,409,U.E.B. PROFESSOR SA VALLE,TOTAL VOTOS NOMINAIS - VEREADOR,209,255,,-2.5447448,-44.2391226,TSE - Votacao por secao 2024 MA e Eleitorado local votacao 2024
2024,1,Vereador,São Luís,ANIL- ZONA URBANA,10,410,U.E.B. PROFESSOR SA VALLE,TOTAL VOTOS NOMINAIS - VEREADOR,226,257,,-2.5447448,-44.2391226,TSE - Votacao por secao 2024 MA e Eleitorado local votacao 2024
2024,1,Vereador,São Luís,CRUZEIRO DO ANIL - ZONA URBANA,10,429,U. I.  MARIA DO CARMO ABREU DA SILVEIRA,TOTAL VOTOS NOMINAIS - VEREADOR,286,354,,-2.5388339,-44.2296694,TSE - Votacao por secao 2024 MA e Eleitorado local votacao 2024
2024,1,Vereador,São Luís,CRUZEIRO DO ANIL - ZONA URBANA,10,430,U. I.  MARIA DO CARMO ABREU DA SILVEIRA,TOTAL VOTOS NOMINAIS - VEREADOR,278,356,,-2.5388339,-44.2296694,TSE - Votacao por secao 2024 MA e Eleitorado local votacao 2024
2024,1,Vereador,São Luís,CRUZEIRO DO ANIL - ZONA URBANA,10,431,U. I.  MARIA DO CARMO ABREU DA SILVEIRA,TOTAL VOTOS NOMINAIS - VEREADOR,288,360,,-2.5388339,-44.2296694,TSE - Votacao por secao 2024 MA e Eleitorado local votacao 2024
2024,1,Vereador,São Luís,CRUZEIRO DO ANIL - ZONA URBANA,10,432,U. I.  MARIA DO CARMO ABREU DA SILVEIRA,TOTAL VOTOS NOMINAIS - VEREADOR,273,347,,-2.5388339,-44.2296694,TSE - Votacao por secao 2024 MA e Eleitorado local votacao 2024
2024,1,Vereador,São Luís,CRUZEIRO DO ANIL - ZONA URBANA,10,433,U. I.  MARIA DO CARMO ABREU DA SILVEIRA,TOTAL VOTOS NOMINAIS - VEREADOR,262,357,,-2.5388339,-44.2296694,TSE - Votacao por secao 2024 MA e Eleitorado local votacao 2024
2024,1,Vereador,São Luís,CRUZEIRO DO ANIL - ZONA URBANA,10,434,U. I.  MARIA DO CARMO ABREU DA SILVEIRA,TOTAL VOTOS NOMINAIS - VEREADOR,288,356,,-2.5388339,-44.2296694,TSE - Votacao por secao 2024 MA e Eleitorado local votacao 2024
2024,1,Vereador,São Luís,CRUZEIRO DO ANIL - ZONA URBANA,10,435,U. I. VIRIATO CORREA,TOTAL VOTOS NOMINAIS - VEREADOR,280,352,,-2.538211,-44.2348284,TSE - Votacao por secao 2024 MA e Eleitorado local votacao 2024
2024,1,Vereador,São Luís,CRUZEIRO DO ANIL - ZONA URBANA,10,436,U. I. VIRIATO CORREA,TOTAL VOTOS NOMINAIS - VEREADOR,277,346,,-2.538211,-44.2348284,TSE - Votacao por secao 2024 MA e Eleitorado local votacao 2024
2024,1,Vereador,São Luís,CRUZEIRO DO ANIL - ZONA URBANA,10,437,U. I. VIRIATO CORREA,TOTAL VOTOS NOMINAIS - VEREADOR,301,351,,-2.538211,-44.2348284,TSE - Votacao por secao 2024 MA e Eleitorado local votacao 2024
2024,1,Vereador,São Luís,CRUZEIRO DO ANIL - ZONA URBANA,10,438,U. I. VIRIATO CORREA,TOTAL VOTOS NOMINAIS - VEREADOR,292,350,,-2.538211,-44.2348284,TSE - Votacao por secao 2024 MA e Eleitorado local votacao 2024
2024,1,Vereador,São Luís,CRUZEIRO DO ANIL - ZONA URBANA,10,439,U. I. VIRIATO CORREA,TOTAL VOTOS NOMINAIS - VEREADOR,299,351,,-2.538211,-44.2348284,TSE - Votacao por secao 2024 MA e Eleitorado local votacao 2024
2024,1,Vereador,São Luís,JOAO DE DEUS - ZONA URBANA,10,444,U.E.B. MARIA JOSE VAZ DOS SANTOS,TOTAL VOTOS NOMINAIS - VEREADOR,292,353,,-2.5594301,-44.2300586,TSE - Votacao por secao 2024 MA e Eleitorado local votacao 2024
2024,1,Vereador,São Luís,COHAB ANIL III (POP CENTER)- ZONA URBANA,10,445,NÚCLEO DE ATIVIDADES DE ALTAS HABILIDADES/SUPERDOTAÇÃO JOAZINHO TRINTA,TOTAL VOTOS NOMINAIS - VEREADOR,228,286,,-2.5389692,-44.2213943,TSE - Votacao por secao 2024 MA e Eleitorado local votacao 2024
2024,1,Vereador,São Luís,COHAB ANIL III (POP CENTER)- ZONA URBANA,10,448,U I CONEGO RIBAMAR CARVALHO,TOTAL VOTOS NOMINAIS - VEREADOR,273,357,,-2.5476242,-44.221984,TSE - Votacao por secao 2024 MA e Eleitorado local votacao 2024
2024,1,Vereador,São Luís,JOAO DE DEUS - ZONA URBANA,10,449,U.E.B. MARIA JOSE VAZ DOS SANTOS,TOTAL VOTOS NOMINAIS - VEREADOR,296,350,,-2.5594301,-44.2300586,TSE - Votacao por secao 2024 MA e Eleitorado local votacao 2024
2024,1,Vereador,São Luís,SAO CRISTOVAO - ZONA URBANA,10,450,CEM- SÃO CRISTOVÃO,TOTAL VOTOS NOMINAIS - VEREADOR,290,362,,-2.5772224,-44.2405902,TSE - Votacao por secao 2024 MA e Eleitorado local votacao 2024
2024,1,Vereador,São Luís,AURORA - ZONA URBANA,10,451,SEMINARIO CRISTAO EVANGELICO DO NORTE,TOTAL VOTOS NOMINAIS - VEREADOR,252,314,,-2.5524297,-44.2240091,TSE - Votacao por secao 2024 MA e Eleitorado local votacao 2024
2024,1,Vereador,São Luís,ANIL- ZONA URBANA,10,453,U.E.B. PROFESSOR SA VALLE,TOTAL VOTOS NOMINAIS - VEREADOR,225,253,,-2.5447448,-44.2391226,TSE - Votacao por secao 2024 MA e Eleitorado local votacao 2024
2024,1,Vereador,São Luís,JOAO DE DEUS - ZONA URBANA,10,457,U.E.B. MARIA JOSE VAZ DOS SANTOS,TOTAL VOTOS NOMINAIS - VEREADOR,282,353,,-2.5594301,-44.2300586,TSE - Votacao por secao 2024 MA e Eleitorado local votacao 2024
2024,1,Vereador,São Luís,COHAB ANIL III (POP CENTER)- ZONA URBANA,10,462,U I CONEGO RIBAMAR CARVALHO,TOTAL VOTOS NOMINAIS - VEREADOR,280,354,,-2.5476242,-44.221984,TSE - Votacao por secao 2024 MA e Eleitorado local votacao 2024
2024,1,Vereador,São Luís,JOAO DE DEUS - ZONA URBANA,10,466,U.E.B. MARIA JOSE VAZ DOS SANTOS,TOTAL VOTOS NOMINAIS - VEREADOR,279,349,,-2.5594301,-44.2300586,TSE - Votacao por secao 2024 MA e Eleitorado local votacao 2024
2024,1,Vereador,São Luís,COHAB ANIL III (POP CENTER)- ZONA URBANA,10,467,U I CONEGO RIBAMAR CARVALHO,TOTAL VOTOS NOMINAIS - VEREADOR,290,360,,-2.5476242,-44.221984,TSE - Votacao por secao 2024 MA e Eleitorado local votacao 2024
2024,1,Vereador,São Luís,AURORA - ZONA URBANA,10,468,SEMINARIO CRISTAO EVANGELICO DO NORTE,TOTAL VOTOS NOMINAIS - VEREADOR,246,306,,-2.5524297,-44.2240091,TSE - Votacao por secao 2024 MA e Eleitorado local votacao 2024
2024,1,Vereador,São Luís,CRUZEIRO DO ANIL - ZONA URBANA,10,470,ESCOLA EXPERTISE (ANTIGO COLEGIO BRASIL),TOTAL VOTOS NOMINAIS - VEREADOR,276,334,,-2.5414526,-44.231708,TSE - Votacao por secao 2024 MA e Eleitorado local votacao 2024
2024,1,Vereador,São Luís,JOAO DE DEUS - ZONA URBANA,10,471,U.E.B. MARIA JOSE VAZ DOS SANTOS,TOTAL VOTOS NOMINAIS - VEREADOR,287,351,,-2.5594301,-44.2300586,TSE - Votacao por secao 2024 MA e Eleitorado local votacao 2024
2024,1,Vereador,São Luís,JOAO DE DEUS - ZONA URBANA,10,474,ESCOLA COMUNITARIA JOAO DE DEUS,TOTAL VOTOS NOMINAIS - VEREADOR,260,330,,-2.5607802,-44.2289552,TSE - Votacao por secao 2024 MA e Eleitorado local votacao 2024
2024,1,Vereador,São Luís,CRUZEIRO DO ANIL - ZONA URBANA,10,476,U. I.  MARIA DO CARMO ABREU DA SILVEIRA,TOTAL VOTOS NOMINAIS - VEREADOR,294,351,,-2.5388339,-44.2296694,TSE - Votacao por secao 2024 MA e Eleitorado local votacao 2024
2024,1,Vereador,São Luís,COHAB ANIL III (POP CENTER)- ZONA URBANA,10,477,U I CONEGO RIBAMAR CARVALHO,TOTAL VOTOS NOMINAIS - VEREADOR,293,360,,-2.5476242,-44.221984,TSE - Votacao por secao 2024 MA e Eleitorado local votacao 2024
2024,1,Vereador,São Luís,JOAO DE DEUS - ZONA URBANA,10,478,U.E.B. MARIA JOSE VAZ DOS SANTOS,TOTAL VOTOS NOMINAIS - VEREADOR,281,344,,-2.5594301,-44.2300586,TSE - Votacao por secao 2024 MA e Eleitorado local votacao 2024
2024,1,Vereador,São Luís,JOAO DE DEUS - ZONA URBANA,10,479,U.E.B. MARIA JOSE VAZ DOS SANTOS,TOTAL VOTOS NOMINAIS - VEREADOR,291,354,,-2.5594301,-44.2300586,TSE - Votacao por secao 2024 MA e Eleitorado local votacao 2024
2024,1,Vereador,São Luís,ANIL- ZONA URBANA,10,480,U.E.B. PROFESSOR SA VALLE,TOTAL VOTOS NOMINAIS - VEREADOR,208,248,,-2.5447448,-44.2391226,TSE - Votacao por secao 2024 MA e Eleitorado local votacao 2024
2024,1,Vereador,São Luís,COHAB ANIL III (POP CENTER)- ZONA URBANA,10,481,NÚCLEO DE ATIVIDADES DE ALTAS HABILIDADES/SUPERDOTAÇÃO JOAZINHO TRINTA,TOTAL VOTOS NOMINAIS - VEREADOR,219,282,,-2.5389692,-44.2213943,TSE - Votacao por secao 2024 MA e Eleitorado local votacao 2024
2024,1,Vereador,São Luís,JOAO DE DEUS - ZONA URBANA,10,485,ESCOLA COMUNITARIA JOAO DE DEUS,TOTAL VOTOS NOMINAIS - VEREADOR,258,329,,-2.5607802,-44.2289552,TSE - Votacao por secao 2024 MA e Eleitorado local votacao 2024
2024,1,Vereador,São Luís,COHAB ANIL III (POP CENTER)- ZONA URBANA,10,486,NÚCLEO DE ATIVIDADES DE ALTAS HABILIDADES/SUPERDOTAÇÃO JOAZINHO TRINTA,TOTAL VOTOS NOMINAIS - VEREADOR,228,284,,-2.5389692,-44.2213943,TSE - Votacao por secao 2024 MA e Eleitorado local votacao 2024
2024,1,Vereador,São Luís,JOAO DE DEUS - ZONA URBANA,10,487,U.E.B. MARIA JOSE VAZ DOS SANTOS,TOTAL VOTOS NOMINAIS - VEREADOR,277,348,,-2.5594301,-44.2300586,TSE - Votacao por secao 2024 MA e Eleitorado local votacao 2024
2024,1,Vereador,São Luís,ANIL- ZONA URBANA,10,490,INSTITUTO DIVINA PASTORA,TOTAL VOTOS NOMINAIS - VEREADOR,223,281,,-2.5498282,-44.2392388,TSE - Votacao por secao 2024 MA e Eleitorado local votacao 2024
2024,1,Vereador,São Luís,CRUZEIRO DO ANIL - ZONA URBANA,10,494,U. I. VIRIATO CORREA,TOTAL VOTOS NOMINAIS - VEREADOR,285,343,,-2.538211,-44.2348284,TSE - Votacao por secao 2024 MA e Eleitorado local votacao 2024
2024,1,Vereador,São Luís,COHAB ANIL III (POP CENTER)- ZONA URBANA,10,495,U. I. JOAQUIM GOMES,TOTAL VOTOS NOMINAIS - VEREADOR,197,251,,-2.5421756,-44.2195141,TSE - Votacao por secao 2024 MA e Eleitorado local votacao 2024
2024,1,Vereador,São Luís,ANIL- ZONA URBANA,10,496,CENTRO INTEGRADO DO RIO ANIL - CINTRA,TOTAL VOTOS NOMINAIS - VEREADOR,293,392,,-2.5458055,-44.2374954,TSE - Votacao por secao 2024 MA e Eleitorado local votacao 2024
2024,1,Vereador,São Luís,SAO CRISTOVAO - ZONA URBANA,10,497,CEM- SÃO CRISTOVÃO,TOTAL VOTOS NOMINAIS - VEREADOR,286,369,,-2.5772224,-44.2405902,TSE - Votacao por secao 2024 MA e Eleitorado local votacao 2024
2024,1,Vereador,São Luís,COHAB ANIL III (POP CENTER)- ZONA URBANA,10,498,U I CONEGO RIBAMAR CARVALHO,TOTAL VOTOS NOMINAIS - VEREADOR,290,350,,-2.5476242,-44.221984,TSE - Votacao por secao 2024 MA e Eleitorado local votacao 2024
2024,1,Vereador,São Luís,ANIL- ZONA URBANA,10,501,U.E.B. PROFESSOR SA VALLE,TOTAL VOTOS NOMINAIS - VEREADOR,204,247,,-2.5447448,-44.2391226,TSE - Votacao por secao 2024 MA e Eleitorado local votacao 2024
2024,1,Vereador,São Luís,ANIL- ZONA URBANA,10,502,CENTRO INTEGRADO DO RIO ANIL - CINTRA,TOTAL VOTOS NOMINAIS - VEREADOR,276,380,,-2.5458055,-44.2374954,TSE - Votacao por secao 2024 MA e Eleitorado local votacao 2024
2024,1,Vereador,São Luís,ANIL- ZONA URBANA,10,504,CENTRO INTEGRADO DO RIO ANIL - CINTRA,TOTAL VOTOS NOMINAIS - VEREADOR,300,388,,-2.5458055,-44.2374954,TSE - Votacao por secao 2024 MA e Eleitorado local votacao 2024
2024,1,Vereador,São Luís,JOAO DE DEUS - ZONA URBANA,10,505,U.E.B. MARIA JOSE VAZ DOS SANTOS,TOTAL VOTOS NOMINAIS - VEREADOR,278,350,,-2.5594301,-44.2300586,TSE - Votacao por secao 2024 MA e Eleitorado local votacao 2024
2024,1,Vereador,São Luís,JOAO DE DEUS - ZONA URBANA,10,506,ESCOLA COMUNITARIA JOAO DE DEUS,TOTAL VOTOS NOMINAIS - VEREADOR,229,327,,-2.5607802,-44.2289552,TSE - Votacao por secao 2024 MA e Eleitorado local votacao 2024
2024,1,Vereador,São Luís,CRUZEIRO DO ANIL - ZONA URBANA,10,507,U. I.  MARIA DO CARMO ABREU DA SILVEIRA,TOTAL VOTOS NOMINAIS - VEREADOR,288,354,,-2.5388339,-44.2296694,TSE - Votacao por secao 2024 MA e Eleitorado local votacao 2024
2024,1,Vereador,São Luís,COHAB ANIL III (POP CENTER)- ZONA URBANA,10,508,U I CONEGO RIBAMAR CARVALHO,TOTAL VOTOS NOMINAIS - VEREADOR,272,358,,-2.5476242,-44.221984,TSE - Votacao por secao 2024 MA e Eleitorado local votacao 2024
2024,1,Vereador,São Luís,COHAB ANIL III (POP CENTER)- ZONA URBANA,10,510,U I CONEGO RIBAMAR CARVALHO,TOTAL VOTOS NOMINAIS - VEREADOR,273,357,,-2.5476242,-44.221984,TSE - Votacao por secao 2024 MA e Eleitorado local votacao 2024
2024,1,Vereador,São Luís,JOAO DE DEUS - ZONA URBANA,10,514,U.E.B. MARIA JOSE VAZ DOS SANTOS,TOTAL VOTOS NOMINAIS - VEREADOR,279,356,,-2.5594301,-44.2300586,TSE - Votacao por secao 2024 MA e Eleitorado local votacao 2024
2024,1,Vereador,São Luís,COHAB ANIL III (POP CENTER)- ZONA URBANA,10,515,NÚCLEO DE ATIVIDADES DE ALTAS HABILIDADES/SUPERDOTAÇÃO JOAZINHO TRINTA,TOTAL VOTOS NOMINAIS - VEREADOR,205,280,,-2.5389692,-44.2213943,TSE - Votacao por secao 2024 MA e Eleitorado local votacao 2024
2024,1,Vereador,São Luís,ANIL- ZONA URBANA,10,518,CENTRO INTEGRADO DO RIO ANIL - CINTRA,TOTAL VOTOS NOMINAIS - VEREADOR,278,385,,-2.5458055,-44.2374954,TSE - Votacao por secao 2024 MA e Eleitorado local votacao 2024
2024,1,Vereador,São Luís,CRUZEIRO DO ANIL - ZONA URBANA,10,519,U. I. VIRIATO CORREA,TOTAL VOTOS NOMINAIS - VEREADOR,274,343,,-2.538211,-44.2348284,TSE - Votacao por secao 2024 MA e Eleitorado local votacao 2024
2024,1,Vereador,São Luís,SAO CRISTOVAO - ZONA URBANA,10,522,CEM- SÃO CRISTOVÃO,TOTAL VOTOS NOMINAIS - VEREADOR,272,371,,-2.5772224,-44.2405902,TSE - Votacao por secao 2024 MA e Eleitorado local votacao 2024
2024,1,Vereador,São Luís,JOAO DE DEUS - ZONA URBANA,10,523,ESC. SONHO DE CRIANÇA E COLÉGIO ALFA  (ANTIGO ODYLO COSTA FILHO),TOTAL VOTOS NOMINAIS - VEREADOR,284,345,,-2.5571525,-44.231216,TSE - Votacao por secao 2024 MA e Eleitorado local votacao 2024
2024,1,Vereador,São Luís,ANIL- ZONA URBANA,10,524,CENTRO INTEGRADO DO RIO ANIL - CINTRA,TOTAL VOTOS NOMINAIS - VEREADOR,284,384,,-2.5458055,-44.2374954,TSE - Votacao por secao 2024 MA e Eleitorado local votacao 2024
2024,1,Vereador,São Luís,COHAB ANIL III (POP CENTER)- ZONA URBANA,10,526,U I CONEGO RIBAMAR CARVALHO,TOTAL VOTOS NOMINAIS - VEREADOR,284,355,,-2.5476242,-44.221984,TSE - Votacao por secao 2024 MA e Eleitorado local votacao 2024
2024,1,Vereador,São Luís,ANIL- ZONA URBANA,10,527,CENTRO INTEGRADO DO RIO ANIL - CINTRA,TOTAL VOTOS NOMINAIS - VEREADOR,318,388,,-2.5458055,-44.2374954,TSE - Votacao por secao 2024 MA e Eleitorado local votacao 2024
2024,1,Vereador,São Luís,COHAB ANIL III (POP CENTER)- ZONA URBANA,10,528,NÚCLEO DE ATIVIDADES DE ALTAS HABILIDADES/SUPERDOTAÇÃO JOAZINHO TRINTA,TOTAL VOTOS NOMINAIS - VEREADOR,214,283,,-2.5389692,-44.2213943,TSE - Votacao por secao 2024 MA e Eleitorado local votacao 2024
2024,1,Vereador,São Luís,JOAO DE DEUS - ZONA URBANA,10,530,ESCOLA COMUNITARIA JOAO DE DEUS,TOTAL VOTOS NOMINAIS - VEREADOR,262,324,,-2.5607802,-44.2289552,TSE - Votacao por secao 2024 MA e Eleitorado local votacao 2024
2024,1,Vereador,São Luís,ANIL- ZONA URBANA,10,535,CENTRO INTEGRADO DO RIO ANIL - CINTRA,TOTAL VOTOS NOMINAIS - VEREADOR,322,393,,-2.5458055,-44.2374954,TSE - Votacao por secao 2024 MA e Eleitorado local votacao 2024
2024,1,Vereador,São Luís,ANIL- ZONA URBANA,10,537,CENTRO INTEGRADO DO RIO ANIL - CINTRA,TOTAL VOTOS NOMINAIS - VEREADOR,305,380,,-2.5458055,-44.2374954,TSE - Votacao por secao 2024 MA e Eleitorado local votacao 2024
2024,1,Vereador,São Luís,COHAB ANIL III (POP CENTER)- ZONA URBANA,10,542,U.E.B. PROFº. RUBEM TEIXEIRA GOULART,TOTAL VOTOS NOMINAIS - VEREADOR,348,218,,-2.5504481,-44.2194836,TSE - Votacao por secao 2024 MA e Eleitorado local votacao 2024
2024,1,Vereador,São Luís,JOAO DE DEUS - ZONA URBANA,10,543,ESC. SONHO DE CRIANÇA E COLÉGIO ALFA  (ANTIGO ODYLO COSTA FILHO),TOTAL VOTOS NOMINAIS - VEREADOR,207,260,,-2.5571525,-44.231216,TSE - Votacao por secao 2024 MA e Eleitorado local votacao 2024
2024,1,Vereador,São Luís,COHAB ANIL III (POP CENTER)- ZONA URBANA,10,545,U I CONEGO RIBAMAR CARVALHO,TOTAL VOTOS NOMINAIS - VEREADOR,281,352,,-2.5476242,-44.221984,TSE - Votacao por secao 2024 MA e Eleitorado local votacao 2024
2024,1,Vereador,São Luís,JOAO DE DEUS - ZONA URBANA,10,550,ESC. SONHO DE CRIANÇA E COLÉGIO ALFA  (ANTIGO ODYLO COSTA FILHO),TOTAL VOTOS NOMINAIS - VEREADOR,251,330,,-2.5571525,-44.231216,TSE - Votacao por secao 2024 MA e Eleitorado local votacao 2024
2024,1,Vereador,São Luís,ANIL- ZONA URBANA,10,551,CENTRO INTEGRADO DO RIO ANIL - CINTRA,TOTAL VOTOS NOMINAIS - VEREADOR,297,380,,-2.5458055,-44.2374954,TSE - Votacao por secao 2024 MA e Eleitorado local votacao 2024
2024,1,Vereador,São Luís,ANIL- ZONA URBANA,10,554,CENTRO INTEGRADO DO RIO ANIL - CINTRA,TOTAL VOTOS NOMINAIS - VEREADOR,299,381,,-2.5458055,-44.2374954,TSE - Votacao por secao 2024 MA e Eleitorado local votacao 2024
2024,1,Vereador,São Luís,JOAO DE DEUS - ZONA URBANA,10,556,ESC. SONHO DE CRIANÇA E COLÉGIO ALFA  (ANTIGO ODYLO COSTA FILHO),TOTAL VOTOS NOMINAIS - VEREADOR,267,331,,-2.5571525,-44.231216,TSE - Votacao por secao 2024 MA e Eleitorado local votacao 2024
2024,1,Vereador,São Luís,COHAB ANIL III (POP CENTER)- ZONA URBANA,10,557,U I CONEGO RIBAMAR CARVALHO,TOTAL VOTOS NOMINAIS - VEREADOR,282,356,,-2.5476242,-44.221984,TSE - Votacao por secao 2024 MA e Eleitorado local votacao 2024
2024,1,Vereador,São Luís,ANIL- ZONA URBANA,10,559,CENTRO INTEGRADO DO RIO ANIL - CINTRA,TOTAL VOTOS NOMINAIS - VEREADOR,288,385,,-2.5458055,-44.2374954,TSE - Votacao por secao 2024 MA e Eleitorado local votacao 2024
2024,1,Vereador,São Luís,COHAB ANIL III (POP CENTER)- ZONA URBANA,10,560,U. I. JOAQUIM GOMES,TOTAL VOTOS NOMINAIS - VEREADOR,204,251,,-2.5421756,-44.2195141,TSE - Votacao por secao 2024 MA e Eleitorado local votacao 2024
2024,1,Vereador,São Luís,ANIL- ZONA URBANA,10,564,CENTRO INTEGRADO DO RIO ANIL - CINTRA,TOTAL VOTOS NOMINAIS - VEREADOR,311,385,,-2.5458055,-44.2374954,TSE - Votacao por secao 2024 MA e Eleitorado local votacao 2024
2024,1,Vereador,São Luís,AURORA - ZONA URBANA,10,568,UEB PEQUENO POLEGAR (ANT. UMBA),TOTAL VOTOS NOMINAIS - VEREADOR,299,367,,-2.5470325,-44.229855,TSE - Votacao por secao 2024 MA e Eleitorado local votacao 2024
2024,1,Vereador,São Luís,ANIL- ZONA URBANA,10,570,CENTRO INTEGRADO DO RIO ANIL - CINTRA,TOTAL VOTOS NOMINAIS - VEREADOR,289,381,,-2.5458055,-44.2374954,TSE - Votacao por secao 2024 MA e Eleitorado local votacao 2024
2024,1,Vereador,São Luís,JOAO DE DEUS - ZONA URBANA,10,571,ESC. SONHO DE CRIANÇA E COLÉGIO ALFA  (ANTIGO ODYLO COSTA FILHO),TOTAL VOTOS NOMINAIS - VEREADOR,231,262,,-2.5571525,-44.231216,TSE - Votacao por secao 2024 MA e Eleitorado local votacao 2024
2024,1,Vereador,São Luís,ANIL- ZONA URBANA,10,572,CEST CENTRO UNIVERSITÁRIO SANTA TERESINHA,TOTAL VOTOS NOMINAIS - VEREADOR,285,379,,-2.5504644,-44.2408171,TSE - Votacao por secao 2024 MA e Eleitorado local votacao 2024
2024,1,Vereador,São Luís,JOAO DE DEUS - ZONA URBANA,10,573,ESC. SONHO DE CRIANÇA E COLÉGIO ALFA  (ANTIGO ODYLO COSTA FILHO),TOTAL VOTOS NOMINAIS - VEREADOR,261,338,,-2.5571525,-44.231216,TSE - Votacao por secao 2024 MA e Eleitorado local votacao 2024
2024,1,Vereador,São Luís,ANIL- ZONA URBANA,10,574,CENTRO INTEGRADO DO RIO ANIL - CINTRA,TOTAL VOTOS NOMINAIS - VEREADOR,310,386,,-2.5458055,-44.2374954,TSE - Votacao por secao 2024 MA e Eleitorado local votacao 2024
2024,1,Vereador,São Luís,SAO CRISTOVAO - ZONA URBANA,10,575,CEM- SÃO CRISTOVÃO,TOTAL VOTOS NOMINAIS - VEREADOR,281,372,,-2.5772224,-44.2405902,TSE - Votacao por secao 2024 MA e Eleitorado local votacao 2024
2024,1,Vereador,São Luís,ANIL- ZONA URBANA,10,578,CENTRO INTEGRADO DO RIO ANIL - CINTRA,TOTAL VOTOS NOMINAIS - VEREADOR,308,388,,-2.5458055,-44.2374954,TSE - Votacao por secao 2024 MA e Eleitorado local votacao 2024
2024,1,Vereador,São Luís,ANIL- ZONA URBANA,10,579,CEST CENTRO UNIVERSITÁRIO SANTA TERESINHA,TOTAL VOTOS NOMINAIS - VEREADOR,298,382,,-2.5504644,-44.2408171,TSE - Votacao por secao 2024 MA e Eleitorado local votacao 2024
2024,1,Vereador,São Luís,COHAB ANIL III (POP CENTER)- ZONA URBANA,10,581,U. I. JOAQUIM GOMES,TOTAL VOTOS NOMINAIS - VEREADOR,190,252,,-2.5421756,-44.2195141,TSE - Votacao por secao 2024 MA e Eleitorado local votacao 2024
2024,1,Vereador,São Luís,COHAB ANIL III (POP CENTER)- ZONA URBANA,10,583,U.E.B. PROFº. RUBEM TEIXEIRA GOULART,TOTAL VOTOS NOMINAIS - VEREADOR,249,317,,-2.5504481,-44.2194836,TSE - Votacao por secao 2024 MA e Eleitorado local votacao 2024
2024,1,Vereador,São Luís,ANIL- ZONA URBANA,10,585,CEST CENTRO UNIVERSITÁRIO SANTA TERESINHA,TOTAL VOTOS NOMINAIS - VEREADOR,299,380,,-2.5504644,-44.2408171,TSE - Votacao por secao 2024 MA e Eleitorado local votacao 2024
2024,1,Vereador,São Luís,COHAB ANIL III (POP CENTER)- ZONA URBANA,10,587,U I CONEGO RIBAMAR CARVALHO,TOTAL VOTOS NOMINAIS - VEREADOR,284,359,,-2.5476242,-44.221984,TSE - Votacao por secao 2024 MA e Eleitorado local votacao 2024
2024,1,Vereador,São Luís,COHAB ANIL III (POP CENTER)- ZONA URBANA,10,590,U.E.B. PROFº. RUBEM TEIXEIRA GOULART,TOTAL VOTOS NOMINAIS - VEREADOR,345,218,,-2.5504481,-44.2194836,TSE - Votacao por secao 2024 MA e Eleitorado local votacao 2024
2024,1,Vereador,São Luís,SAO CRISTOVAO - ZONA URBANA,10,591,CEM- SÃO CRISTOVÃO,TOTAL VOTOS NOMINAIS - VEREADOR,272,368,,-2.5772224,-44.2405902,TSE - Votacao por secao 2024 MA e Eleitorado local votacao 2024
2024,1,Vereador,São Luís,AURORA - ZONA URBANA,10,592,UEB PEQUENO POLEGAR (ANT. UMBA),TOTAL VOTOS NOMINAIS - VEREADOR,292,369,,-2.5470325,-44.229855,TSE - Votacao por secao 2024 MA e Eleitorado local votacao 2024
2024,1,Vereador,São Luís,ANIL- ZONA URBANA,10,593,CEST CENTRO UNIVERSITÁRIO SANTA TERESINHA,TOTAL VOTOS NOMINAIS - VEREADOR,299,381,,-2.5504644,-44.2408171,TSE - Votacao por secao 2024 MA e Eleitorado local votacao 2024
2024,1,Vereador,São Luís,JOAO DE DEUS - ZONA URBANA,10,596,ESC. SONHO DE CRIANÇA E COLÉGIO ALFA  (ANTIGO ODYLO COSTA FILHO),TOTAL VOTOS NOMINAIS - VEREADOR,223,271,,-2.5571525,-44.231216,TSE - Votacao por secao 2024 MA e Eleitorado local votacao 2024
2024,1,Vereador,São Luís,COHAB ANIL III (POP CENTER)- ZONA URBANA,10,597,U I CONEGO RIBAMAR CARVALHO,TOTAL VOTOS NOMINAIS - VEREADOR,261,355,,-2.5476242,-44.221984,TSE - Votacao por secao 2024 MA e Eleitorado local votacao 2024
2024,1,Vereador,São Luís,SAO CRISTOVAO - ZONA URBANA,10,598,CEM- SÃO CRISTOVÃO,TOTAL VOTOS NOMINAIS - VEREADOR,245,366,,-2.5772224,-44.2405902,TSE - Votacao por secao 2024 MA e Eleitorado local votacao 2024
2024,1,Vereador,São Luís,JARDIM SAO CRISTOVAO-ZONA URBANA,10,608,U.E.B ANTONIO VIEIRA,TOTAL VOTOS NOMINAIS - VEREADOR,283,347,,-2.570166,-44.2241654,TSE - Votacao por secao 2024 MA e Eleitorado local votacao 2024
2024,1,Vereador,São Luís,JARDIM SAO CRISTOVAO-ZONA URBANA,10,609,U.E.B ANTONIO VIEIRA,TOTAL VOTOS NOMINAIS - VEREADOR,275,344,,-2.570166,-44.2241654,TSE - Votacao por secao 2024 MA e Eleitorado local votacao 2024
2024,1,Vereador,São Luís,JARDIM SAO CRISTOVAO-ZONA URBANA,10,610,U.E.B ANTONIO VIEIRA,TOTAL VOTOS NOMINAIS - VEREADOR,268,344,,-2.570166,-44.2241654,TSE - Votacao por secao 2024 MA e Eleitorado local votacao 2024
2024,1,Vereador,São Luís,JARDIM SAO CRISTOVAO-ZONA URBANA,10,611,U.E.B ANTONIO VIEIRA,TOTAL VOTOS NOMINAIS - VEREADOR,259,346,,-2.570166,-44.2241654,TSE - Votacao por secao 2024 MA e Eleitorado local votacao 2024
2024,1,Vereador,São Luís,JARDIM SAO CRISTOVAO-ZONA URBANA,10,612,U.E.B ANTONIO VIEIRA,TOTAL VOTOS NOMINAIS - VEREADOR,272,341,,-2.570166,-44.2241654,TSE - Votacao por secao 2024 MA e Eleitorado local votacao 2024
2024,1,Vereador,São Luís,JARDIM SAO CRISTOVAO-ZONA URBANA,10,613,U.E.B ANTONIO VIEIRA,TOTAL VOTOS NOMINAIS - VEREADOR,257,340,,-2.570166,-44.2241654,TSE - Votacao por secao 2024 MA e Eleitorado local votacao 2024
2024,1,Vereador,São Luís,JARDIM SAO CRISTOVAO-ZONA URBANA,10,614,U.E.B ANTONIO VIEIRA,TOTAL VOTOS NOMINAIS - VEREADOR,251,339,,-2.570166,-44.2241654,TSE - Votacao por secao 2024 MA e Eleitorado local votacao 2024
2024,1,Vereador,São Luís,JARDIM SAO CRISTOVAO-ZONA URBANA,10,615,U.E.B ANTONIO VIEIRA,TOTAL VOTOS NOMINAIS - VEREADOR,268,343,,-2.570166,-44.2241654,TSE - Votacao por secao 2024 MA e Eleitorado local votacao 2024
2024,1,Vereador,São Luís,JARDIM SAO CRISTOVAO-ZONA URBANA,10,616,U.E.B ANTONIO VIEIRA,TOTAL VOTOS NOMINAIS - VEREADOR,255,341,,-2.570166,-44.2241654,TSE - Votacao por secao 2024 MA e Eleitorado local votacao 2024
2024,1,Vereador,São Luís,JARDIM SAO CRISTOVAO-ZONA URBANA,10,617,U.E.B ANTONIO VIEIRA,TOTAL VOTOS NOMINAIS - VEREADOR,277,338,,-2.570166,-44.2241654,TSE - Votacao por secao 2024 MA e Eleitorado local votacao 2024
2024,1,Vereador,São Luís,JARDIM SAO CRISTOVAO-ZONA URBANA,10,618,U.E.B ANTONIO VIEIRA,TOTAL VOTOS NOMINAIS - VEREADOR,261,344,,-2.570166,-44.2241654,TSE - Votacao por secao 2024 MA e Eleitorado local votacao 2024
2024,1,Vereador,São Luís,JARDIM SAO CRISTOVAO-ZONA URBANA,10,619,U.E.B ANTONIO VIEIRA,TOTAL VOTOS NOMINAIS - VEREADOR,254,339,,-2.570166,-44.2241654,TSE - Votacao por secao 2024 MA e Eleitorado local votacao 2024
2024,1,Vereador,São Luís,JARDIM SAO CRISTOVAO-ZONA URBANA,10,620,U.E.B ANTONIO VIEIRA,TOTAL VOTOS NOMINAIS - VEREADOR,248,339,,-2.570166,-44.2241654,TSE - Votacao por secao 2024 MA e Eleitorado local votacao 2024
2024,1,Vereador,São Luís,JARDIM SAO CRISTOVAO-ZONA URBANA,10,621,U.E.B ANTONIO VIEIRA,TOTAL VOTOS NOMINAIS - VEREADOR,255,340,,-2.570166,-44.2241654,TSE - Votacao por secao 2024 MA e Eleitorado local votacao 2024
2024,1,Vereador,São Luís,JARDIM SAO CRISTOVAO-ZONA URBANA,10,622,U.E.B ANTONIO VIEIRA,TOTAL VOTOS NOMINAIS - VEREADOR,260,341,,-2.570166,-44.2241654,TSE - Votacao por secao 2024 MA e Eleitorado local votacao 2024
2024,1,Vereador,São Luís,JARDIM SAO CRISTOVAO-ZONA URBANA,10,623,U.E.B ANTONIO VIEIRA,TOTAL VOTOS NOMINAIS - VEREADOR,265,345,,-2.570166,-44.2241654,TSE - Votacao por secao 2024 MA e Eleitorado local votacao 2024
2024,1,Vereador,São Luís,JARDIM SAO CRISTOVAO-ZONA URBANA,10,624,C.E. DR. ANTÔNIO JORGE DINO (ANTIGO ANT. JARDIM SAO CRISTOVAO),TOTAL VOTOS NOMINAIS - VEREADOR,289,386,,-2.5716224,-44.2226677,TSE - Votacao por secao 2024 MA e Eleitorado local votacao 2024
2024,1,Vereador,São Luís,JARDIM SAO CRISTOVAO-ZONA URBANA,10,625,C.E. DR. ANTÔNIO JORGE DINO (ANTIGO ANT. JARDIM SAO CRISTOVAO),TOTAL VOTOS NOMINAIS - VEREADOR,293,386,,-2.5716224,-44.2226677,TSE - Votacao por secao 2024 MA e Eleitorado local votacao 2024
2024,1,Vereador,São Luís,JARDIM SAO CRISTOVAO-ZONA URBANA,10,626,C.E. DR. ANTÔNIO JORGE DINO (ANTIGO ANT. JARDIM SAO CRISTOVAO),TOTAL VOTOS NOMINAIS - VEREADOR,282,383,,-2.5716224,-44.2226677,TSE - Votacao por secao 2024 MA e Eleitorado local votacao 2024
2024,1,Vereador,São Luís,JARDIM SAO CRISTOVAO-ZONA URBANA,10,627,C.E. DR. ANTÔNIO JORGE DINO (ANTIGO ANT. JARDIM SAO CRISTOVAO),TOTAL VOTOS NOMINAIS - VEREADOR,286,383,,-2.5716224,-44.2226677,TSE - Votacao por secao 2024 MA e Eleitorado local votacao 2024
2024,1,Vereador,São Luís,JARDIM SAO CRISTOVAO-ZONA URBANA,10,628,C.E. DR. ANTÔNIO JORGE DINO (ANTIGO ANT. JARDIM SAO CRISTOVAO),TOTAL VOTOS NOMINAIS - VEREADOR,292,385,,-2.5716224,-44.2226677,TSE - Votacao por secao 2024 MA e Eleitorado local votacao 2024
2024,1,Vereador,São Luís,JARDIM SAO CRISTOVAO-ZONA URBANA,10,629,C.E. DR. ANTÔNIO JORGE DINO (ANTIGO ANT. JARDIM SAO CRISTOVAO),TOTAL VOTOS NOMINAIS - VEREADOR,280,380,,-2.5716224,-44.2226677,TSE - Votacao por secao 2024 MA e Eleitorado local votacao 2024
2024,1,Vereador,São Luís,SAO CRISTOVAO - ZONA URBANA,10,645,CENTRO EDUCA MAIS PROFESSORA MARIA DO SOCORRO ALMEIDA,TOTAL VOTOS NOMINAIS - VEREADOR,292,357,,-2.5754805,-44.2353643,TSE - Votacao por secao 2024 MA e Eleitorado local votacao 2024
2024,1,Vereador,São Luís,SAO CRISTOVAO - ZONA URBANA,10,647,CENTRO EDUCA MAIS PROFESSORA MARIA DO SOCORRO ALMEIDA,TOTAL VOTOS NOMINAIS - VEREADOR,267,358,,-2.5754805,-44.2353643,TSE - Votacao por secao 2024 MA e Eleitorado local votacao 2024
2024,1,Vereador,São Luís,SAO CRISTOVAO - ZONA URBANA,10,649,CENTRO EDUCA MAIS PROFESSORA MARIA DO SOCORRO ALMEIDA,TOTAL VOTOS NOMINAIS - VEREADOR,269,361,,-2.5754805,-44.2353643,TSE - Votacao por secao 2024 MA e Eleitorado local votacao 2024
2024,1,Vereador,São Luís,SAO CRISTOVAO - ZONA URBANA,10,651,CENTRO EDUCA MAIS PROFESSORA MARIA DO SOCORRO ALMEIDA,TOTAL VOTOS NOMINAIS - VEREADOR,278,357,,-2.5754805,-44.2353643,TSE - Votacao por secao 2024 MA e Eleitorado local votacao 2024
2024,1,Vereador,São Luís,SAO CRISTOVAO - ZONA URBANA,10,653,CENTRO EDUCA MAIS PROFESSORA MARIA DO SOCORRO ALMEIDA,TOTAL VOTOS NOMINAIS - VEREADOR,304,360,,-2.5754805,-44.2353643,TSE - Votacao por secao 2024 MA e Eleitorado local votacao 2024
2024,1,Vereador,São Luís,SAO CRISTOVAO - ZONA URBANA,10,655,CENTRO EDUCA MAIS PROFESSORA MARIA DO SOCORRO ALMEIDA,TOTAL VOTOS NOMINAIS - VEREADOR,293,357,,-2.5754805,-44.2353643,TSE - Votacao por secao 2024 MA e Eleitorado local votacao 2024
2024,1,Vereador,São Luís,SAO CRISTOVAO - ZONA URBANA,10,657,CENTRO EDUCA MAIS PROFESSORA MARIA DO SOCORRO ALMEIDA,TOTAL VOTOS NOMINAIS - VEREADOR,265,359,,-2.5754805,-44.2353643,TSE - Votacao por secao 2024 MA e Eleitorado local votacao 2024
2024,1,Vereador,São Luís,SAO CRISTOVAO - ZONA URBANA,10,658,CENTRO EDUCA MAIS PROFESSORA MARIA DO SOCORRO ALMEIDA,TOTAL VOTOS NOMINAIS - VEREADOR,242,315,,-2.5754805,-44.2353643,TSE - Votacao por secao 2024 MA e Eleitorado local votacao 2024
2024,1,Vereador,São Luís,SAO CRISTOVAO - ZONA URBANA,10,659,CENTRO EDUCA MAIS PROFESSORA MARIA DO SOCORRO ALMEIDA,TOTAL VOTOS NOMINAIS - VEREADOR,241,314,,-2.5754805,-44.2353643,TSE - Votacao por secao 2024 MA e Eleitorado local votacao 2024
2024,1,Vereador,São Luís,SAO CRISTOVAO - ZONA URBANA,10,660,CENTRO EDUCA MAIS PROFESSORA MARIA DO SOCORRO ALMEIDA,TOTAL VOTOS NOMINAIS - VEREADOR,245,320,,-2.5754805,-44.2353643,TSE - Votacao por secao 2024 MA e Eleitorado local votacao 2024
2024,1,Vereador,São Luís,SAO CRISTOVAO - ZONA URBANA,10,661,CENTRO EDUCA MAIS PROFESSORA MARIA DO SOCORRO ALMEIDA,TOTAL VOTOS NOMINAIS - VEREADOR,246,317,,-2.5754805,-44.2353643,TSE - Votacao por secao 2024 MA e Eleitorado local votacao 2024
2024,1,Vereador,São Luís,SAO CRISTOVAO - ZONA URBANA,10,662,CENTRO EDUCA MAIS PROFESSORA MARIA DO SOCORRO ALMEIDA,TOTAL VOTOS NOMINAIS - VEREADOR,231,312,,-2.5754805,-44.2353643,TSE - Votacao por secao 2024 MA e Eleitorado local votacao 2024
2024,1,Vereador,São Luís,SAO CRISTOVAO - ZONA URBANA,10,663,CENTRO EDUCA MAIS PROFESSORA MARIA DO SOCORRO ALMEIDA,TOTAL VOTOS NOMINAIS - VEREADOR,253,313,,-2.5754805,-44.2353643,TSE - Votacao por secao 2024 MA e Eleitorado local votacao 2024
2024,1,Vereador,São Luís,SAO CRISTOVAO - ZONA URBANA,10,664,CENTRO EDUCA MAIS PROFESSORA MARIA DO SOCORRO ALMEIDA,TOTAL VOTOS NOMINAIS - VEREADOR,258,314,,-2.5754805,-44.2353643,TSE - Votacao por secao 2024 MA e Eleitorado local votacao 2024
2024,1,Vereador,São Luís,SAO CRISTOVAO - ZONA URBANA,10,665,CENTRO EDUCA MAIS PROFESSORA MARIA DO SOCORRO ALMEIDA,TOTAL VOTOS NOMINAIS - VEREADOR,236,316,,-2.5754805,-44.2353643,TSE - Votacao por secao 2024 MA e Eleitorado local votacao 2024
2024,1,Vereador,São Luís,SAO CRISTOVAO - ZONA URBANA,10,666,CENTRO EDUCA MAIS PROFESSORA MARIA DO SOCORRO ALMEIDA,TOTAL VOTOS NOMINAIS - VEREADOR,244,316,,-2.5754805,-44.2353643,TSE - Votacao por secao 2024 MA e Eleitorado local votacao 2024
2024,1,Vereador,São Luís,SAO CRISTOVAO - ZONA URBANA,10,667,CENTRO EDUCA MAIS PROFESSORA MARIA DO SOCORRO ALMEIDA,TOTAL VOTOS NOMINAIS - VEREADOR,236,304,,-2.5754805,-44.2353643,TSE - Votacao por secao 2024 MA e Eleitorado local votacao 2024
2024,1,Vereador,São Luís,SAO CRISTOVAO - ZONA URBANA,10,668,U.I. FELIPE CONDURU,TOTAL VOTOS NOMINAIS - VEREADOR,167,217,,-2.5727391,-44.235361,TSE - Votacao por secao 2024 MA e Eleitorado local votacao 2024
2024,1,Vereador,São Luís,SAO CRISTOVAO - ZONA URBANA,10,669,U.I. FELIPE CONDURU,TOTAL VOTOS NOMINAIS - VEREADOR,340,222,,-2.5727391,-44.235361,TSE - Votacao por secao 2024 MA e Eleitorado local votacao 2024
2024,1,Vereador,São Luís,SAO CRISTOVAO - ZONA URBANA,10,671,U.I. FELIPE CONDURU,TOTAL VOTOS NOMINAIS - VEREADOR,325,214,,-2.5727391,-44.235361,TSE - Votacao por secao 2024 MA e Eleitorado local votacao 2024
2024,1,Vereador,São Luís,SAO CRISTOVAO - ZONA URBANA,10,673,U.I. FELIPE CONDURU,TOTAL VOTOS NOMINAIS - VEREADOR,341,217,,-2.5727391,-44.235361,TSE - Votacao por secao 2024 MA e Eleitorado local votacao 2024
2024,1,Vereador,São Luís,SAO CRISTOVAO - ZONA URBANA,10,675,U.I. FELIPE CONDURU,TOTAL VOTOS NOMINAIS - VEREADOR,335,219,,-2.5727391,-44.235361,TSE - Votacao por secao 2024 MA e Eleitorado local votacao 2024
2024,1,Vereador,São Luís,SAO CRISTOVAO - ZONA URBANA,10,683,U.I. PROF. CARLOS CUNHA,TOTAL VOTOS NOMINAIS - VEREADOR,248,333,,-2.5719898,-44.2304488,TSE - Votacao por secao 2024 MA e Eleitorado local votacao 2024
2024,1,Vereador,São Luís,SAO CRISTOVAO - ZONA URBANA,10,684,U.I. PROF. CARLOS CUNHA,TOTAL VOTOS NOMINAIS - VEREADOR,261,332,,-2.5719898,-44.2304488,TSE - Votacao por secao 2024 MA e Eleitorado local votacao 2024
2024,1,Vereador,São Luís,SAO CRISTOVAO - ZONA URBANA,10,685,U.I. PROF. CARLOS CUNHA,TOTAL VOTOS NOMINAIS - VEREADOR,273,329,,-2.5719898,-44.2304488,TSE - Votacao por secao 2024 MA e Eleitorado local votacao 2024
2024,1,Vereador,São Luís,SAO CRISTOVAO - ZONA URBANA,10,686,U.I. PROF. CARLOS CUNHA,TOTAL VOTOS NOMINAIS - VEREADOR,255,331,,-2.5719898,-44.2304488,TSE - Votacao por secao 2024 MA e Eleitorado local votacao 2024
2024,1,Vereador,São Luís,SAO CRISTOVAO - ZONA URBANA,10,687,U.I. PROF. CARLOS CUNHA,TOTAL VOTOS NOMINAIS - VEREADOR,248,335,,-2.5719898,-44.2304488,TSE - Votacao por secao 2024 MA e Eleitorado local votacao 2024
2024,1,Vereador,São Luís,SAO CRISTOVAO - ZONA URBANA,10,688,U.I. PROF. CARLOS CUNHA,TOTAL VOTOS NOMINAIS - VEREADOR,251,324,,-2.5719898,-44.2304488,TSE - Votacao por secao 2024 MA e Eleitorado local votacao 2024
2024,1,Vereador,São Luís,SAO CRISTOVAO - ZONA URBANA,10,695,CEM- SÃO CRISTOVÃO,TOTAL VOTOS NOMINAIS - VEREADOR,264,366,,-2.5772224,-44.2405902,TSE - Votacao por secao 2024 MA e Eleitorado local votacao 2024
2024,1,Vereador,São Luís,SAO CRISTOVAO - ZONA URBANA,10,696,CEM- SÃO CRISTOVÃO,TOTAL VOTOS NOMINAIS - VEREADOR,262,366,,-2.5772224,-44.2405902,TSE - Votacao por secao 2024 MA e Eleitorado local votacao 2024
2024,1,Vereador,São Luís,SAO CRISTOVAO - ZONA URBANA,10,697,CEM- SÃO CRISTOVÃO,TOTAL VOTOS NOMINAIS - VEREADOR,266,367,,-2.5772224,-44.2405902,TSE - Votacao por secao 2024 MA e Eleitorado local votacao 2024
2024,1,Vereador,São Luís,SAO CRISTOVAO - ZONA URBANA,10,698,CEM- SÃO CRISTOVÃO,TOTAL VOTOS NOMINAIS - VEREADOR,257,364,,-2.5772224,-44.2405902,TSE - Votacao por secao 2024 MA e Eleitorado local votacao 2024
2024,1,Vereador,São Luís,SAO CRISTOVAO - ZONA URBANA,10,699,CEM- SÃO CRISTOVÃO,TOTAL VOTOS NOMINAIS - VEREADOR,248,370,,-2.5772224,-44.2405902,TSE - Votacao por secao 2024 MA e Eleitorado local votacao 2024
2024,1,Vereador,São Luís,SAO CRISTOVAO - ZONA URBANA,10,700,CEM- SÃO CRISTOVÃO,TOTAL VOTOS NOMINAIS - VEREADOR,264,361,,-2.5772224,-44.2405902,TSE - Votacao por secao 2024 MA e Eleitorado local votacao 2024
2024,1,Vereador,São Luís,SAO CRISTOVAO - ZONA URBANA,10,701,CEM- SÃO CRISTOVÃO,TOTAL VOTOS NOMINAIS - VEREADOR,263,362,,-2.5772224,-44.2405902,TSE - Votacao por secao 2024 MA e Eleitorado local votacao 2024
2024,1,Vereador,São Luís,SAO CRISTOVAO - ZONA URBANA,10,702,CEM- SÃO CRISTOVÃO,TOTAL VOTOS NOMINAIS - VEREADOR,249,361,,-2.5772224,-44.2405902,TSE - Votacao por secao 2024 MA e Eleitorado local votacao 2024
2024,1,Vereador,São Luís,VILA ITAMAR ZONA URBANA,10,703,U.E.B PROFESSOR LUIS REGO,TOTAL VOTOS NOMINAIS - VEREADOR,296,372,,-2.5981273,-44.248808,TSE - Votacao por secao 2024 MA e Eleitorado local votacao 2024
2024,1,Vereador,São Luís,VILA ITAMAR ZONA URBANA,10,704,U.E.B PROFESSOR LUIS REGO,TOTAL VOTOS NOMINAIS - VEREADOR,292,366,,-2.5981273,-44.248808,TSE - Votacao por secao 2024 MA e Eleitorado local votacao 2024
2024,1,Vereador,São Luís,VILA ITAMAR ZONA URBANA,10,705,U.E.B PROFESSOR LUIS REGO,TOTAL VOTOS NOMINAIS - VEREADOR,285,365,,-2.5981273,-44.248808,TSE - Votacao por secao 2024 MA e Eleitorado local votacao 2024
2024,1,Vereador,São Luís,VILA ITAMAR ZONA URBANA,10,706,U.E.B PROFESSOR LUIS REGO,TOTAL VOTOS NOMINAIS - VEREADOR,283,358,,-2.5981273,-44.248808,TSE - Votacao por secao 2024 MA e Eleitorado local votacao 2024
2024,1,Vereador,São Luís,VILA ITAMAR ZONA URBANA,10,707,U.E.B PROFESSOR LUIS REGO,TOTAL VOTOS NOMINAIS - VEREADOR,285,362,,-2.5981273,-44.248808,TSE - Votacao por secao 2024 MA e Eleitorado local votacao 2024
2024,1,Vereador,São Luís,VILA ITAMAR ZONA URBANA,10,708,U.E.B PROFESSOR LUIS REGO,TOTAL VOTOS NOMINAIS - VEREADOR,303,367,,-2.5981273,-44.248808,TSE - Votacao por secao 2024 MA e Eleitorado local votacao 2024
2024,1,Vereador,São Luís,VILA ITAMAR ZONA URBANA,10,709,U.E.B PROFESSOR LUIS REGO,TOTAL VOTOS NOMINAIS - VEREADOR,303,365,,-2.5981273,-44.248808,TSE - Votacao por secao 2024 MA e Eleitorado local votacao 2024
2024,1,Vereador,São Luís,VILA ITAMAR ZONA URBANA,10,710,U.E.B PROFESSOR LUIS REGO,TOTAL VOTOS NOMINAIS - VEREADOR,296,363,,-2.5981273,-44.248808,TSE - Votacao por secao 2024 MA e Eleitorado local votacao 2024
2024,1,Vereador,São Luís,VILA ITAMAR ZONA URBANA,10,711,U.E.B PROFESSOR LUIS REGO,TOTAL VOTOS NOMINAIS - VEREADOR,290,364,,-2.5981273,-44.248808,TSE - Votacao por secao 2024 MA e Eleitorado local votacao 2024
2024,1,Vereador,São Luís,VILA ITAMAR ZONA URBANA,10,712,U.E.B PROFESSOR LUIS REGO,TOTAL VOTOS NOMINAIS - VEREADOR,284,358,,-2.5981273,-44.248808,TSE - Votacao por secao 2024 MA e Eleitorado local votacao 2024
2024,1,Vereador,São Luís,VILA ITAMAR ZONA URBANA,10,713,U.E.B PROFESSOR LUIS REGO,TOTAL VOTOS NOMINAIS - VEREADOR,286,361,,-2.5981273,-44.248808,TSE - Votacao por secao 2024 MA e Eleitorado local votacao 2024
2024,1,Vereador,São Luís,ESTIVA-ZONA RURAL,10,714,CENTRO DE ENSINO SALIM BRAIDE,TOTAL VOTOS NOMINAIS - VEREADOR,219,299,,-2.7577309,-44.3513908,TSE - Votacao por secao 2024 MA e Eleitorado local votacao 2024
2024,1,Vereador,São Luís,ESTIVA-ZONA RURAL,10,715,CENTRO DE ENSINO SALIM BRAIDE,TOTAL VOTOS NOMINAIS - VEREADOR,210,295,,-2.7577309,-44.3513908,TSE - Votacao por secao 2024 MA e Eleitorado local votacao 2024
2024,1,Vereador,São Luís,ESTIVA-ZONA RURAL,10,716,CENTRO DE ENSINO SALIM BRAIDE,TOTAL VOTOS NOMINAIS - VEREADOR,222,290,,-2.7577309,-44.3513908,TSE - Votacao por secao 2024 MA e Eleitorado local votacao 2024
2024,1,Vereador,São Luís,ESTIVA-ZONA RURAL,10,717,CENTRO DE ENSINO SALIM BRAIDE,TOTAL VOTOS NOMINAIS - VEREADOR,226,301,,-2.7577309,-44.3513908,TSE - Votacao por secao 2024 MA e Eleitorado local votacao 2024
2024,1,Vereador,São Luís,ESTIVA-ZONA RURAL,10,718,CENTRO DE ENSINO SALIM BRAIDE,TOTAL VOTOS NOMINAIS - VEREADOR,228,312,,-2.7577309,-44.3513908,TSE - Votacao por secao 2024 MA e Eleitorado local votacao 2024
2024,1,Vereador,São Luís,MARACANA ZONA RURAL,10,719,CENTRO DE ENSINO MÉDIO RENATO ARCHER (ANT. PROF RAIMUNDO LOPES),TOTAL VOTOS NOMINAIS - VEREADOR,302,388,,-2.6290423,-44.2874962,TSE - Votacao por secao 2024 MA e Eleitorado local votacao 2024
2024,1,Vereador,São Luís,MARACANA ZONA RURAL,10,720,CENTRO DE ENSINO MÉDIO RENATO ARCHER (ANT. PROF RAIMUNDO LOPES),TOTAL VOTOS NOMINAIS - VEREADOR,294,385,,-2.6290423,-44.2874962,TSE - Votacao por secao 2024 MA e Eleitorado local votacao 2024
2024,1,Vereador,São Luís,MARACANA ZONA RURAL,10,721,CENTRO DE ENSINO MÉDIO RENATO ARCHER (ANT. PROF RAIMUNDO LOPES),TOTAL VOTOS NOMINAIS - VEREADOR,280,382,,-2.6290423,-44.2874962,TSE - Votacao por secao 2024 MA e Eleitorado local votacao 2024
2024,1,Vereador,São Luís,MARACANA ZONA RURAL,10,722,CENTRO DE ENSINO MÉDIO RENATO ARCHER (ANT. PROF RAIMUNDO LOPES),TOTAL VOTOS NOMINAIS - VEREADOR,284,384,,-2.6290423,-44.2874962,TSE - Votacao por secao 2024 MA e Eleitorado local votacao 2024
2024,1,Vereador,São Luís,MARACANA ZONA RURAL,10,723,CENTRO DE ENSINO MÉDIO RENATO ARCHER (ANT. PROF RAIMUNDO LOPES),TOTAL VOTOS NOMINAIS - VEREADOR,270,382,,-2.6290423,-44.2874962,TSE - Votacao por secao 2024 MA e Eleitorado local votacao 2024
2024,1,Vereador,São Luís,MARACANA ZONA RURAL,10,724,UEB MINDINHO (ANT. VITORIA DE SOUSA),TOTAL VOTOS NOMINAIS - VEREADOR,260,371,,-2.6246236,-44.2954125,TSE - Votacao por secao 2024 MA e Eleitorado local votacao 2024
2024,1,Vereador,São Luís,MARACANA ZONA RURAL,10,725,UEB MINDINHO (ANT. VITORIA DE SOUSA),TOTAL VOTOS NOMINAIS - VEREADOR,275,359,,-2.6246236,-44.2954125,TSE - Votacao por secao 2024 MA e Eleitorado local votacao 2024
2024,1,Vereador,São Luís,MARACANA ZONA RURAL,10,726,UEB MINDINHO (ANT. VITORIA DE SOUSA),TOTAL VOTOS NOMINAIS - VEREADOR,270,360,,-2.6246236,-44.2954125,TSE - Votacao por secao 2024 MA e Eleitorado local votacao 2024
2024,1,Vereador,São Luís,MARACANA ZONA RURAL,10,727,UEB MINDINHO (ANT. VITORIA DE SOUSA),TOTAL VOTOS NOMINAIS - VEREADOR,280,349,,-2.6246236,-44.2954125,TSE - Votacao por secao 2024 MA e Eleitorado local votacao 2024
2024,1,Vereador,São Luís,MARACANA ZONA RURAL,10,728,UEB MINDINHO (ANT. VITORIA DE SOUSA),TOTAL VOTOS NOMINAIS - VEREADOR,269,354,,-2.6246236,-44.2954125,TSE - Votacao por secao 2024 MA e Eleitorado local votacao 2024
2024,1,Vereador,São Luís,PEDRINHAS ZONA URBANA,10,729,U.E.B. PROF. JOSÉ GONÇALVES DO AMARAL RAPOSO,TOTAL VOTOS NOMINAIS - VEREADOR,257,326,,-2.6934902,-44.3068876,TSE - Votacao por secao 2024 MA e Eleitorado local votacao 2024
2024,1,Vereador,São Luís,PEDRINHAS ZONA URBANA,10,730,U.E.B. PROF. JOSÉ GONÇALVES DO AMARAL RAPOSO,TOTAL VOTOS NOMINAIS - VEREADOR,243,325,,-2.6934902,-44.3068876,TSE - Votacao por secao 2024 MA e Eleitorado local votacao 2024
2024,1,Vereador,São Luís,PEDRINHAS ZONA URBANA,10,731,U.E.B. PROF. JOSÉ GONÇALVES DO AMARAL RAPOSO,TOTAL VOTOS NOMINAIS - VEREADOR,244,322,,-2.6934902,-44.3068876,TSE - Votacao por secao 2024 MA e Eleitorado local votacao 2024
2024,1,Vereador,São Luís,PEDRINHAS ZONA URBANA,10,732,U.E.B. PROF. JOSÉ GONÇALVES DO AMARAL RAPOSO,TOTAL VOTOS NOMINAIS - VEREADOR,268,328,,-2.6934902,-44.3068876,TSE - Votacao por secao 2024 MA e Eleitorado local votacao 2024
2024,1,Vereador,São Luís,PEDRINHAS ZONA URBANA,10,733,U.E.B. PROF. JOSÉ GONÇALVES DO AMARAL RAPOSO,TOTAL VOTOS NOMINAIS - VEREADOR,265,327,,-2.6934902,-44.3068876,TSE - Votacao por secao 2024 MA e Eleitorado local votacao 2024
2024,1,Vereador,São Luís,PEDRINHAS ZONA URBANA,10,734,U.E.B. PROF. JOSÉ GONÇALVES DO AMARAL RAPOSO,TOTAL VOTOS NOMINAIS - VEREADOR,260,328,,-2.6934902,-44.3068876,TSE - Votacao por secao 2024 MA e Eleitorado local votacao 2024
2024,1,Vereador,São Luís,PEDRINHAS ZONA URBANA,10,735,U.E.B. PROF. JOSÉ GONÇALVES DO AMARAL RAPOSO,TOTAL VOTOS NOMINAIS - VEREADOR,262,325,,-2.6934902,-44.3068876,TSE - Votacao por secao 2024 MA e Eleitorado local votacao 2024
2024,1,Vereador,São Luís,PEDRINHAS ZONA URBANA,10,736,U.E.B. PROF. JOSÉ GONÇALVES DO AMARAL RAPOSO,TOTAL VOTOS NOMINAIS - VEREADOR,257,324,,-2.6934902,-44.3068876,TSE - Votacao por secao 2024 MA e Eleitorado local votacao 2024
2024,1,Vereador,São Luís,PEDRINHAS ZONA URBANA,10,737,U.E.B. PROF. JOSÉ GONÇALVES DO AMARAL RAPOSO,TOTAL VOTOS NOMINAIS - VEREADOR,257,325,,-2.6934902,-44.3068876,TSE - Votacao por secao 2024 MA e Eleitorado local votacao 2024
2024,1,Vereador,São Luís,PEDRINHAS ZONA URBANA,10,738,U.E.B. PROF. JOSÉ GONÇALVES DO AMARAL RAPOSO,TOTAL VOTOS NOMINAIS - VEREADOR,242,324,,-2.6934902,-44.3068876,TSE - Votacao por secao 2024 MA e Eleitorado local votacao 2024
2024,1,Vereador,São Luís,PEDRINHAS ZONA URBANA,10,739,U.E.B. PROF. JOSÉ GONÇALVES DO AMARAL RAPOSO,TOTAL VOTOS NOMINAIS - VEREADOR,272,326,,-2.6934902,-44.3068876,TSE - Votacao por secao 2024 MA e Eleitorado local votacao 2024
2024,1,Vereador,São Luís,PEDRINHAS ZONA URBANA,10,740,U.E.B. PROF. JOSÉ GONÇALVES DO AMARAL RAPOSO,TOTAL VOTOS NOMINAIS - VEREADOR,256,325,,-2.6934902,-44.3068876,TSE - Votacao por secao 2024 MA e Eleitorado local votacao 2024
2024,1,Vereador,São Luís,PEDRINHAS ZONA URBANA,10,741,U.E.B. PROF. JOSÉ GONÇALVES DO AMARAL RAPOSO,TOTAL VOTOS NOMINAIS - VEREADOR,246,311,,-2.6934902,-44.3068876,TSE - Votacao por secao 2024 MA e Eleitorado local votacao 2024
2024,1,Vereador,São Luís,PEDRINHAS ZONA URBANA,10,742,U.E.B. PROF. JOSÉ GONÇALVES DO AMARAL RAPOSO,TOTAL VOTOS NOMINAIS - VEREADOR,247,321,,-2.6934902,-44.3068876,TSE - Votacao por secao 2024 MA e Eleitorado local votacao 2024
2024,1,Vereador,São Luís,PEDRINHAS ZONA URBANA,10,743,U.E.B. PROF. JOSÉ GONÇALVES DO AMARAL RAPOSO,TOTAL VOTOS NOMINAIS - VEREADOR,256,325,,-2.6934902,-44.3068876,TSE - Votacao por secao 2024 MA e Eleitorado local votacao 2024
2024,1,Vereador,São Luís,PEDRINHAS ZONA URBANA,10,744,U.E.B. PROF. JOSÉ GONÇALVES DO AMARAL RAPOSO,TOTAL VOTOS NOMINAIS - VEREADOR,252,318,,-2.6934902,-44.3068876,TSE - Votacao por secao 2024 MA e Eleitorado local votacao 2024
2024,1,Vereador,São Luís,MARACANA ZONA RURAL,10,745,U.E.B MAJOR JOSE AUGUSTO MOCHEL,TOTAL VOTOS NOMINAIS - VEREADOR,278,377,,-2.6288139,-44.2898787,TSE - Votacao por secao 2024 MA e Eleitorado local votacao 2024
2024,1,Vereador,São Luís,MARACANA ZONA RURAL,10,746,U.E.B MAJOR JOSE AUGUSTO MOCHEL,TOTAL VOTOS NOMINAIS - VEREADOR,295,378,,-2.6288139,-44.2898787,TSE - Votacao por secao 2024 MA e Eleitorado local votacao 2024
2024,1,Vereador,São Luís,MARACANA ZONA RURAL,10,747,U.E.B MAJOR JOSE AUGUSTO MOCHEL,TOTAL VOTOS NOMINAIS - VEREADOR,297,382,,-2.6288139,-44.2898787,TSE - Votacao por secao 2024 MA e Eleitorado local votacao 2024
2024,1,Vereador,São Luís,MARACANA ZONA RURAL,10,748,U.E.B MAJOR JOSE AUGUSTO MOCHEL,TOTAL VOTOS NOMINAIS - VEREADOR,303,381,,-2.6288139,-44.2898787,TSE - Votacao por secao 2024 MA e Eleitorado local votacao 2024
2024,1,Vereador,São Luís,MARACANA ZONA RURAL,10,749,U.E.B MAJOR JOSE AUGUSTO MOCHEL,TOTAL VOTOS NOMINAIS - VEREADOR,298,375,,-2.6288139,-44.2898787,TSE - Votacao por secao 2024 MA e Eleitorado local votacao 2024
2024,1,Vereador,São Luís,MARACANA ZONA RURAL,10,750,U.E.B MAJOR JOSE AUGUSTO MOCHEL,TOTAL VOTOS NOMINAIS - VEREADOR,292,377,,-2.6288139,-44.2898787,TSE - Votacao por secao 2024 MA e Eleitorado local votacao 2024
2024,1,Vereador,São Luís,MARACANA ZONA RURAL,10,751,U.E.B MAJOR JOSE AUGUSTO MOCHEL,TOTAL VOTOS NOMINAIS - VEREADOR,285,379,,-2.6288139,-44.2898787,TSE - Votacao por secao 2024 MA e Eleitorado local votacao 2024
2024,1,Vereador,São Luís,MARACANA ZONA RURAL,10,752,U.E.B MAJOR JOSE AUGUSTO MOCHEL,TOTAL VOTOS NOMINAIS - VEREADOR,314,378,,-2.6288139,-44.2898787,TSE - Votacao por secao 2024 MA e Eleitorado local votacao 2024
2024,1,Vereador,São Luís,MARACANA ZONA RURAL,10,753,U.E.B MAJOR JOSE AUGUSTO MOCHEL,TOTAL VOTOS NOMINAIS - VEREADOR,283,375,,-2.6288139,-44.2898787,TSE - Votacao por secao 2024 MA e Eleitorado local votacao 2024
2024,1,Vereador,São Luís,MARACANA ZONA RURAL,10,754,U.E.B MAJOR JOSE AUGUSTO MOCHEL,TOTAL VOTOS NOMINAIS - VEREADOR,285,377,,-2.6288139,-44.2898787,TSE - Votacao por secao 2024 MA e Eleitorado local votacao 2024
2024,1,Vereador,São Luís,MARACANA ZONA RURAL,10,755,U.E.B MAJOR JOSE AUGUSTO MOCHEL,TOTAL VOTOS NOMINAIS - VEREADOR,276,374,,-2.6288139,-44.2898787,TSE - Votacao por secao 2024 MA e Eleitorado local votacao 2024
2024,1,Vereador,São Luís,QUEBRA-POTE-ZONA RURAL,10,756,U.E.B. ROSILDA CORDEIRO,TOTAL VOTOS NOMINAIS - VEREADOR,264,337,,-2.6964342,-44.2178631,TSE - Votacao por secao 2024 MA e Eleitorado local votacao 2024
2024,1,Vereador,São Luís,QUEBRA-POTE-ZONA RURAL,10,757,U.E.B. ROSILDA CORDEIRO,TOTAL VOTOS NOMINAIS - VEREADOR,256,330,,-2.6964342,-44.2178631,TSE - Votacao por secao 2024 MA e Eleitorado local votacao 2024
2024,1,Vereador,São Luís,QUEBRA-POTE-ZONA RURAL,10,758,U.E.B. ROSILDA CORDEIRO,TOTAL VOTOS NOMINAIS - VEREADOR,269,329,,-2.6964342,-44.2178631,TSE - Votacao por secao 2024 MA e Eleitorado local votacao 2024
2024,1,Vereador,São Luís,QUEBRA-POTE-ZONA RURAL,10,759,U.E.B. ROSILDA CORDEIRO,TOTAL VOTOS NOMINAIS - VEREADOR,262,330,,-2.6964342,-44.2178631,TSE - Votacao por secao 2024 MA e Eleitorado local votacao 2024
2024,1,Vereador,São Luís,QUEBRA-POTE-ZONA RURAL,10,760,U.E.B. ROSILDA CORDEIRO,TOTAL VOTOS NOMINAIS - VEREADOR,272,329,,-2.6964342,-44.2178631,TSE - Votacao por secao 2024 MA e Eleitorado local votacao 2024
2024,1,Vereador,São Luís,QUEBRA-POTE-ZONA RURAL,10,761,U.E.B. ROSILDA CORDEIRO,TOTAL VOTOS NOMINAIS - VEREADOR,276,334,,-2.6964342,-44.2178631,TSE - Votacao por secao 2024 MA e Eleitorado local votacao 2024
2024,1,Vereador,São Luís,QUEBRA-POTE-ZONA RURAL,10,762,U.E.B. ROSILDA CORDEIRO,TOTAL VOTOS NOMINAIS - VEREADOR,259,328,,-2.6964342,-44.2178631,TSE - Votacao por secao 2024 MA e Eleitorado local votacao 2024
2024,1,Vereador,São Luís,ESTIVA-ZONA RURAL,10,764,UNIDADE DE EDUCAÇÃO BÁSICA 'EVANDRO BESSA',TOTAL VOTOS NOMINAIS - VEREADOR,172,240,,-2.7581894,-44.3539945,TSE - Votacao por secao 2024 MA e Eleitorado local votacao 2024
2024,1,Vereador,São Luís,ESTIVA-ZONA RURAL,10,765,UNIDADE DE EDUCAÇÃO BÁSICA 'EVANDRO BESSA',TOTAL VOTOS NOMINAIS - VEREADOR,183,241,,-2.7581894,-44.3539945,TSE - Votacao por secao 2024 MA e Eleitorado local votacao 2024
2024,1,Vereador,São Luís,ESTIVA-ZONA RURAL,10,766,UNIDADE DE EDUCAÇÃO BÁSICA 'EVANDRO BESSA',TOTAL VOTOS NOMINAIS - VEREADOR,194,240,,-2.7581894,-44.3539945,TSE - Votacao por secao 2024 MA e Eleitorado local votacao 2024
2024,1,Vereador,São Luís,RIO GRANDE ZONA URBANA,10,767,U.E.B. URUATI,TOTAL VOTOS NOMINAIS - VEREADOR,255,322,,-2.6632676,-44.2846379,TSE - Votacao por secao 2024 MA e Eleitorado local votacao 2024
2024,1,Vereador,São Luís,RIO GRANDE ZONA URBANA,10,768,U.E.B. URUATI,TOTAL VOTOS NOMINAIS - VEREADOR,263,321,,-2.6632676,-44.2846379,TSE - Votacao por secao 2024 MA e Eleitorado local votacao 2024
2024,1,Vereador,São Luís,RIO GRANDE ZONA URBANA,10,769,U.E.B. URUATI,TOTAL VOTOS NOMINAIS - VEREADOR,245,309,,-2.6632676,-44.2846379,TSE - Votacao por secao 2024 MA e Eleitorado local votacao 2024
2024,1,Vereador,São Luís,RIO GRANDE ZONA URBANA,10,770,UNIDADE INTEGRADA RIO GRANDE,TOTAL VOTOS NOMINAIS - VEREADOR,253,313,,-2.6594865,-44.2921404,TSE - Votacao por secao 2024 MA e Eleitorado local votacao 2024
2024,1,Vereador,São Luís,RIO GRANDE ZONA URBANA,10,771,UNIDADE INTEGRADA RIO GRANDE,TOTAL VOTOS NOMINAIS - VEREADOR,250,318,,-2.6594865,-44.2921404,TSE - Votacao por secao 2024 MA e Eleitorado local votacao 2024
2024,1,Vereador,São Luís,RIO GRANDE ZONA URBANA,10,772,UNIDADE INTEGRADA RIO GRANDE,TOTAL VOTOS NOMINAIS - VEREADOR,247,314,,-2.6594865,-44.2921404,TSE - Votacao por secao 2024 MA e Eleitorado local votacao 2024
2024,1,Vereador,São Luís,RIO GRANDE ZONA URBANA,10,773,UNIDADE INTEGRADA RIO GRANDE,TOTAL VOTOS NOMINAIS - VEREADOR,250,317,,-2.6594865,-44.2921404,TSE - Votacao por secao 2024 MA e Eleitorado local votacao 2024
2024,1,Vereador,São Luís,VILA SAMARA ZONA URBANA,10,774,ANEXO NOSSA SRA DE NAZARÉ (ANT. FERNÃO DE MAGALHÃES),TOTAL VOTOS NOMINAIS - VEREADOR,284,340,,-2.7414093,-44.3486646,TSE - Votacao por secao 2024 MA e Eleitorado local votacao 2024
2024,1,Vereador,São Luís,VILA SAMARA ZONA URBANA,10,775,ANEXO NOSSA SRA DE NAZARÉ (ANT. FERNÃO DE MAGALHÃES),TOTAL VOTOS NOMINAIS - VEREADOR,264,335,,-2.7414093,-44.3486646,TSE - Votacao por secao 2024 MA e Eleitorado local votacao 2024
2024,1,Vereador,São Luís,TAUA-MIRIM ZONA RURAL,10,777,U.E.B. NOSSA SENHORA DAS MERCES,TOTAL VOTOS NOMINAIS - VEREADOR,228,274,,-2.6977895,-44.3825145,TSE - Votacao por secao 2024 MA e Eleitorado local votacao 2024
2024,1,Vereador,São Luís,ESTIVA-ZONA RURAL,10,779,UNIDADE DE EDUCAÇÃO BÁSICA 'EVANDRO BESSA',TOTAL VOTOS NOMINAIS - VEREADOR,252,352,,-2.7581894,-44.3539945,TSE - Votacao por secao 2024 MA e Eleitorado local votacao 2024
2024,1,Vereador,São Luís,ESTIVA-ZONA RURAL,10,780,UNIDADE DE EDUCAÇÃO BÁSICA 'EVANDRO BESSA',TOTAL VOTOS NOMINAIS - VEREADOR,251,335,,-2.7581894,-44.3539945,TSE - Votacao por secao 2024 MA e Eleitorado local votacao 2024
2024,1,Vereador,São Luís,ESTIVA-ZONA RURAL,10,782,UNIDADE DE EDUCAÇÃO BÁSICA 'EVANDRO BESSA',TOTAL VOTOS NOMINAIS - VEREADOR,249,340,,-2.7581894,-44.3539945,TSE - Votacao por secao 2024 MA e Eleitorado local votacao 2024
2024,1,Vereador,São Luís,INHAUMA,10,783,UEB LUZ DIVINA,TOTAL VOTOS NOMINAIS - VEREADOR,304,321,,-2.7335157,-44.3399952,TSE - Votacao por secao 2024 MA e Eleitorado local votacao 2024
2024,1,Vereador,São Luís,VILA ESPERANCA-ZONA URBANA,10,784,IFMA- INSTITUTO FEDERAL DE EDUCAÇÃO E TEC DO MA (ANT. AGROTECNICA),TOTAL VOTOS NOMINAIS - VEREADOR,260,352,,-2.6085067,-44.2674908,TSE - Votacao por secao 2024 MA e Eleitorado local votacao 2024
2024,1,Vereador,São Luís,VILA ESPERANCA-ZONA URBANA,10,785,IFMA- INSTITUTO FEDERAL DE EDUCAÇÃO E TEC DO MA (ANT. AGROTECNICA),TOTAL VOTOS NOMINAIS - VEREADOR,258,345,,-2.6085067,-44.2674908,TSE - Votacao por secao 2024 MA e Eleitorado local votacao 2024
2024,1,Vereador,São Luís,VILA ESPERANCA-ZONA URBANA,10,786,IFMA- INSTITUTO FEDERAL DE EDUCAÇÃO E TEC DO MA (ANT. AGROTECNICA),TOTAL VOTOS NOMINAIS - VEREADOR,274,349,,-2.6085067,-44.2674908,TSE - Votacao por secao 2024 MA e Eleitorado local votacao 2024
2024,1,Vereador,São Luís,VILA ESPERANCA-ZONA URBANA,10,787,IFMA- INSTITUTO FEDERAL DE EDUCAÇÃO E TEC DO MA (ANT. AGROTECNICA),TOTAL VOTOS NOMINAIS - VEREADOR,274,348,,-2.6085067,-44.2674908,TSE - Votacao por secao 2024 MA e Eleitorado local votacao 2024
2024,1,Vereador,São Luís,VILA ESPERANCA-ZONA URBANA,10,788,IFMA- INSTITUTO FEDERAL DE EDUCAÇÃO E TEC DO MA (ANT. AGROTECNICA),TOTAL VOTOS NOMINAIS - VEREADOR,274,343,,-2.6085067,-44.2674908,TSE - Votacao por secao 2024 MA e Eleitorado local votacao 2024
2024,1,Vereador,São Luís,VILA ESPERANCA-ZONA URBANA,10,789,IFMA- INSTITUTO FEDERAL DE EDUCAÇÃO E TEC DO MA (ANT. AGROTECNICA),TOTAL VOTOS NOMINAIS - VEREADOR,269,346,,-2.6085067,-44.2674908,TSE - Votacao por secao 2024 MA e Eleitorado local votacao 2024
2024,1,Vereador,São Luís,VILA ESPERANCA-ZONA URBANA,10,790,IFMA- INSTITUTO FEDERAL DE EDUCAÇÃO E TEC DO MA (ANT. AGROTECNICA),TOTAL VOTOS NOMINAIS - VEREADOR,282,346,,-2.6085067,-44.2674908,TSE - Votacao por secao 2024 MA e Eleitorado local votacao 2024
2024,1,Vereador,São Luís,VILA ESPERANCA-ZONA URBANA,10,791,IFMA- INSTITUTO FEDERAL DE EDUCAÇÃO E TEC DO MA (ANT. AGROTECNICA),TOTAL VOTOS NOMINAIS - VEREADOR,276,359,,-2.6085067,-44.2674908,TSE - Votacao por secao 2024 MA e Eleitorado local votacao 2024
2024,1,Vereador,São Luís,VILA ESPERANCA-ZONA URBANA,10,792,IFMA- INSTITUTO FEDERAL DE EDUCAÇÃO E TEC DO MA (ANT. AGROTECNICA),TOTAL VOTOS NOMINAIS - VEREADOR,265,352,,-2.6085067,-44.2674908,TSE - Votacao por secao 2024 MA e Eleitorado local votacao 2024
2024,1,Vereador,São Luís,VILA ESPERANCA-ZONA URBANA,10,793,IFMA- INSTITUTO FEDERAL DE EDUCAÇÃO E TEC DO MA (ANT. AGROTECNICA),TOTAL VOTOS NOMINAIS - VEREADOR,271,355,,-2.6085067,-44.2674908,TSE - Votacao por secao 2024 MA e Eleitorado local votacao 2024
2024,1,Vereador,São Luís,VILA ESPERANCA-ZONA URBANA,10,794,IFMA- INSTITUTO FEDERAL DE EDUCAÇÃO E TEC DO MA (ANT. AGROTECNICA),TOTAL VOTOS NOMINAIS - VEREADOR,264,346,,-2.6085067,-44.2674908,TSE - Votacao por secao 2024 MA e Eleitorado local votacao 2024
2024,1,Vereador,São Luís,VILA ESPERANCA-ZONA URBANA,10,795,IFMA- INSTITUTO FEDERAL DE EDUCAÇÃO E TEC DO MA (ANT. AGROTECNICA),TOTAL VOTOS NOMINAIS - VEREADOR,251,339,,-2.6085067,-44.2674908,TSE - Votacao por secao 2024 MA e Eleitorado local votacao 2024
2024,1,Vereador,São Luís,COQUEIRO ZONA URBANA,10,796,U.E.B HORTENCIA PINHO,TOTAL VOTOS NOMINAIS - VEREADOR,272,325,,-2.7283686,-44.3592014,TSE - Votacao por secao 2024 MA e Eleitorado local votacao 2024
2024,1,Vereador,São Luís,COQUEIRO ZONA URBANA,10,797,U.E.B HORTENCIA PINHO,TOTAL VOTOS NOMINAIS - VEREADOR,281,328,,-2.7283686,-44.3592014,TSE - Votacao por secao 2024 MA e Eleitorado local votacao 2024
2024,1,Vereador,São Luís,COQUEIRO ZONA URBANA,10,798,U.E.B HORTENCIA PINHO,TOTAL VOTOS NOMINAIS - VEREADOR,260,319,,-2.7283686,-44.3592014,TSE - Votacao por secao 2024 MA e Eleitorado local votacao 2024
2024,1,Vereador,São Luís,COQUEIRO ZONA URBANA,10,799,U.E.B HORTENCIA PINHO,TOTAL VOTOS NOMINAIS - VEREADOR,255,320,,-2.7283686,-44.3592014,TSE - Votacao por secao 2024 MA e Eleitorado local votacao 2024
2024,1,Vereador,São Luís,VILA SARNEY ZONA URBANA,10,800,U.I. PROFESSOR EZELBERTO MARTINS,TOTAL VOTOS NOMINAIS - VEREADOR,297,363,,-2.6306331,-44.2672125,TSE - Votacao por secao 2024 MA e Eleitorado local votacao 2024
2024,1,Vereador,São Luís,VILA SARNEY ZONA URBANA,10,801,U.I. PROFESSOR EZELBERTO MARTINS,TOTAL VOTOS NOMINAIS - VEREADOR,297,374,,-2.6306331,-44.2672125,TSE - Votacao por secao 2024 MA e Eleitorado local votacao 2024
2024,1,Vereador,São Luís,VILA SARNEY ZONA URBANA,10,802,U.I. PROFESSOR EZELBERTO MARTINS,TOTAL VOTOS NOMINAIS - VEREADOR,284,357,,-2.6306331,-44.2672125,TSE - Votacao por secao 2024 MA e Eleitorado local votacao 2024
2024,1,Vereador,São Luís,VILA SARNEY ZONA URBANA,10,803,U.I. PROFESSOR EZELBERTO MARTINS,TOTAL VOTOS NOMINAIS - VEREADOR,307,379,,-2.6306331,-44.2672125,TSE - Votacao por secao 2024 MA e Eleitorado local votacao 2024
2024,1,Vereador,São Luís,VILA SARNEY ZONA URBANA,10,804,U.I. PROFESSOR EZELBERTO MARTINS,TOTAL VOTOS NOMINAIS - VEREADOR,275,365,,-2.6306331,-44.2672125,TSE - Votacao por secao 2024 MA e Eleitorado local votacao 2024
2024,1,Vereador,São Luís,VILA SARNEY ZONA URBANA,10,805,U.I. PROFESSOR EZELBERTO MARTINS,TOTAL VOTOS NOMINAIS - VEREADOR,283,368,,-2.6306331,-44.2672125,TSE - Votacao por secao 2024 MA e Eleitorado local votacao 2024
2024,1,Vereador,São Luís,VILA SARNEY ZONA URBANA,10,806,U.I. PROFESSOR EZELBERTO MARTINS,TOTAL VOTOS NOMINAIS - VEREADOR,287,370,,-2.6306331,-44.2672125,TSE - Votacao por secao 2024 MA e Eleitorado local votacao 2024
2024,1,Vereador,São Luís,VILA SARNEY ZONA URBANA,10,807,U.I. PROFESSOR EZELBERTO MARTINS,TOTAL VOTOS NOMINAIS - VEREADOR,272,361,,-2.6306331,-44.2672125,TSE - Votacao por secao 2024 MA e Eleitorado local votacao 2024
2024,1,Vereador,São Luís,PORTO GRANDE ZONA URBANA,10,808,U.E.B. PROF.ª JOSEFINA SERRAO,TOTAL VOTOS NOMINAIS - VEREADOR,206,247,,-2.6601397,-44.354895,TSE - Votacao por secao 2024 MA e Eleitorado local votacao 2024
2024,1,Vereador,São Luís,PORTO GRANDE ZONA URBANA,10,809,U.E.B. PROF.ª JOSEFINA SERRAO,TOTAL VOTOS NOMINAIS - VEREADOR,191,234,,-2.6601397,-44.354895,TSE - Votacao por secao 2024 MA e Eleitorado local votacao 2024
2024,1,Vereador,São Luís,VILA NOVA REPUBLICA ZONA URBANA,10,810,UEB PROFª LUZENIR MATA ROMA (ANTIGA UE NOVA REPÚBLICA),TOTAL VOTOS NOMINAIS - VEREADOR,299,376,,-2.6455754,-44.2769871,TSE - Votacao por secao 2024 MA e Eleitorado local votacao 2024
2024,1,Vereador,São Luís,VILA NOVA REPUBLICA ZONA URBANA,10,811,UEB PROFª LUZENIR MATA ROMA (ANTIGA UE NOVA REPÚBLICA),TOTAL VOTOS NOMINAIS - VEREADOR,288,376,,-2.6455754,-44.2769871,TSE - Votacao por secao 2024 MA e Eleitorado local votacao 2024
2024,1,Vereador,São Luís,VILA NOVA REPUBLICA ZONA URBANA,10,812,UEB PROFª LUZENIR MATA ROMA (ANTIGA UE NOVA REPÚBLICA),TOTAL VOTOS NOMINAIS - VEREADOR,296,378,,-2.6455754,-44.2769871,TSE - Votacao por secao 2024 MA e Eleitorado local votacao 2024
2024,1,Vereador,São Luís,VILA NOVA REPUBLICA ZONA URBANA,10,813,UEB PROFª LUZENIR MATA ROMA (ANTIGA UE NOVA REPÚBLICA),TOTAL VOTOS NOMINAIS - VEREADOR,287,364,,-2.6455754,-44.2769871,TSE - Votacao por secao 2024 MA e Eleitorado local votacao 2024
2024,1,Vereador,São Luís,VILA NOVA REPUBLICA ZONA URBANA,10,814,UEB PROFª LUZENIR MATA ROMA (ANTIGA UE NOVA REPÚBLICA),TOTAL VOTOS NOMINAIS - VEREADOR,288,363,,-2.6455754,-44.2769871,TSE - Votacao por secao 2024 MA e Eleitorado local votacao 2024
2024,1,Vereador,São Luís,VILA NOVA REPUBLICA ZONA URBANA,10,815,UEB PROFª LUZENIR MATA ROMA (ANTIGA UE NOVA REPÚBLICA),TOTAL VOTOS NOMINAIS - VEREADOR,289,368,,-2.6455754,-44.2769871,TSE - Votacao por secao 2024 MA e Eleitorado local votacao 2024
2024,1,Vereador,São Luís,VILA NOVA REPUBLICA ZONA URBANA,10,816,UEB PROFª LUZENIR MATA ROMA (ANTIGA UE NOVA REPÚBLICA),TOTAL VOTOS NOMINAIS - VEREADOR,269,363,,-2.6455754,-44.2769871,TSE - Votacao por secao 2024 MA e Eleitorado local votacao 2024
2024,1,Vereador,São Luís,RIO DOS CACHORROS ZONA URBANA,10,817,CENTRO DE LEITURA ESPAÇO DO SABER,TOTAL VOTOS NOMINAIS - VEREADOR,127,249,,-2.6644996,-44.3395421,TSE - Votacao por secao 2024 MA e Eleitorado local votacao 2024
2024,1,Vereador,São Luís,RIO DOS CACHORROS ZONA URBANA,10,818,CENTRO DE LEITURA ESPAÇO DO SABER,TOTAL VOTOS NOMINAIS - VEREADOR,129,246,,-2.6644996,-44.3395421,TSE - Votacao por secao 2024 MA e Eleitorado local votacao 2024
2024,1,Vereador,São Luís,VILA MARANHAO ZONA RURAL,10,819,U.E.B. GOMES DE SOUSA - ZONA URBANA,TOTAL VOTOS NOMINAIS - VEREADOR,263,349,,-2.6212116,-44.3173457,TSE - Votacao por secao 2024 MA e Eleitorado local votacao 2024
2024,1,Vereador,São Luís,VILA MARANHAO ZONA RURAL,10,820,U.E.B. GOMES DE SOUSA - ZONA URBANA,TOTAL VOTOS NOMINAIS - VEREADOR,263,344,,-2.6212116,-44.3173457,TSE - Votacao por secao 2024 MA e Eleitorado local votacao 2024
2024,1,Vereador,São Luís,VILA MARANHAO ZONA RURAL,10,821,U.E.B. GOMES DE SOUSA - ZONA URBANA,TOTAL VOTOS NOMINAIS - VEREADOR,282,343,,-2.6212116,-44.3173457,TSE - Votacao por secao 2024 MA e Eleitorado local votacao 2024
2024,1,Vereador,São Luís,VILA MARANHAO ZONA RURAL,10,822,U.E.B. GOMES DE SOUSA - ZONA URBANA,TOTAL VOTOS NOMINAIS - VEREADOR,257,339,,-2.6212116,-44.3173457,TSE - Votacao por secao 2024 MA e Eleitorado local votacao 2024
2024,1,Vereador,São Luís,VILA MARANHAO ZONA RURAL,10,823,U.E.B. GOMES DE SOUSA - ZONA URBANA,TOTAL VOTOS NOMINAIS - VEREADOR,283,347,,-2.6212116,-44.3173457,TSE - Votacao por secao 2024 MA e Eleitorado local votacao 2024
2024,1,Vereador,São Luís,VILA MARANHAO ZONA RURAL,10,824,U.E.B. GOMES DE SOUSA - ZONA URBANA,TOTAL VOTOS NOMINAIS - VEREADOR,291,349,,-2.6212116,-44.3173457,TSE - Votacao por secao 2024 MA e Eleitorado local votacao 2024
2024,1,Vereador,São Luís,VILA MARANHAO ZONA RURAL,10,825,U.E.B. GOMES DE SOUSA - ZONA URBANA,TOTAL VOTOS NOMINAIS - VEREADOR,266,351,,-2.6212116,-44.3173457,TSE - Votacao por secao 2024 MA e Eleitorado local votacao 2024
2024,1,Vereador,São Luís,VILA MARANHAO ZONA RURAL,10,826,U.E.B. GOMES DE SOUSA - ZONA URBANA,TOTAL VOTOS NOMINAIS - VEREADOR,267,341,,-2.6212116,-44.3173457,TSE - Votacao por secao 2024 MA e Eleitorado local votacao 2024
2024,1,Vereador,São Luís,VILA MARANHAO ZONA RURAL,10,827,U.E.B. GOMES DE SOUSA - ZONA URBANA,TOTAL VOTOS NOMINAIS - VEREADOR,278,347,,-2.6212116,-44.3173457,TSE - Votacao por secao 2024 MA e Eleitorado local votacao 2024
2024,1,Vereador,São Luís,VILA MARANHAO ZONA RURAL,10,828,U.E.B. GOMES DE SOUSA - ZONA URBANA,TOTAL VOTOS NOMINAIS - VEREADOR,260,344,,-2.6212116,-44.3173457,TSE - Votacao por secao 2024 MA e Eleitorado local votacao 2024
2024,1,Vereador,São Luís,VILA MARANHAO ZONA RURAL,10,829,U.E.B. GOMES DE SOUSA - ZONA URBANA,TOTAL VOTOS NOMINAIS - VEREADOR,246,330,,-2.6212116,-44.3173457,TSE - Votacao por secao 2024 MA e Eleitorado local votacao 2024
2024,1,Vereador,São Luís,VILA MARANHAO ZONA RURAL,10,830,U.E.B. GOMES DE SOUSA - ZONA URBANA,TOTAL VOTOS NOMINAIS - VEREADOR,238,335,,-2.6212116,-44.3173457,TSE - Votacao por secao 2024 MA e Eleitorado local votacao 2024
2024,1,Vereador,São Luís,ITAPERA-ZONA RURAL,10,831,U.E.B SAO JOSE DE ITAPERA,TOTAL VOTOS NOMINAIS - VEREADOR,276,333,,-2.6757507,-44.2720485,TSE - Votacao por secao 2024 MA e Eleitorado local votacao 2024
2024,1,Vereador,São Luís,ITAPERA-ZONA RURAL,10,832,U.E.B SAO JOSE DE ITAPERA,TOTAL VOTOS NOMINAIS - VEREADOR,261,332,,-2.6757507,-44.2720485,TSE - Votacao por secao 2024 MA e Eleitorado local votacao 2024
2024,1,Vereador,São Luís,ITAPERA-ZONA RURAL,10,833,U.E.B SAO JOSE DE ITAPERA,TOTAL VOTOS NOMINAIS - VEREADOR,273,333,,-2.6757507,-44.2720485,TSE - Votacao por secao 2024 MA e Eleitorado local votacao 2024
2024,1,Vereador,São Luís,ITAPERA-ZONA RURAL,10,834,U.E.B SAO JOSE DE ITAPERA,TOTAL VOTOS NOMINAIS - VEREADOR,265,335,,-2.6757507,-44.2720485,TSE - Votacao por secao 2024 MA e Eleitorado local votacao 2024
2024,1,Vereador,São Luís,ITAPERA-ZONA RURAL,10,835,U.E.B SAO JOSE DE ITAPERA,TOTAL VOTOS NOMINAIS - VEREADOR,251,316,,-2.6757507,-44.2720485,TSE - Votacao por secao 2024 MA e Eleitorado local votacao 2024
2024,1,Vereador,São Luís,VILA SAMARA ZONA URBANA,10,838,ANEXO NOSSA SRA DE NAZARÉ (ANT. FERNÃO DE MAGALHÃES),TOTAL VOTOS NOMINAIS - VEREADOR,281,334,,-2.7414093,-44.3486646,TSE - Votacao por secao 2024 MA e Eleitorado local votacao 2024
2024,1,Vereador,São Luís,ANIL- ZONA URBANA,10,839,CEST CENTRO UNIVERSITÁRIO SANTA TERESINHA,TOTAL VOTOS NOMINAIS - VEREADOR,266,376,,-2.5504644,-44.2408171,TSE - Votacao por secao 2024 MA e Eleitorado local votacao 2024
2024,1,Vereador,São Luís,VILA NOVA REPUBLICA ZONA URBANA,10,841,UEB PROFª LUZENIR MATA ROMA (ANTIGA UE NOVA REPÚBLICA),TOTAL VOTOS NOMINAIS - VEREADOR,288,355,,-2.6455754,-44.2769871,TSE - Votacao por secao 2024 MA e Eleitorado local votacao 2024
2024,1,Vereador,São Luís,ANIL- ZONA URBANA,10,842,CENTRO INTEGRADO DO RIO ANIL - CINTRA,TOTAL VOTOS NOMINAIS - VEREADOR,281,388,,-2.5458055,-44.2374954,TSE - Votacao por secao 2024 MA e Eleitorado local votacao 2024
2024,1,Vereador,São Luís,ESTIVA-ZONA RURAL,10,843,CENTRO DE ENSINO SALIM BRAIDE,TOTAL VOTOS NOMINAIS - VEREADOR,193,301,,-2.7577309,-44.3513908,TSE - Votacao por secao 2024 MA e Eleitorado local votacao 2024
2024,1,Vereador,São Luís,AURORA - ZONA URBANA,10,844,PENITENCIÁRIA DE PEDRINHAS - TRIAGEM (ANT. CCPJ ANIL),TOTAL VOTOS NOMINAIS - VEREADOR,66,0,,-2.6839789,-44.2963636,TSE - Votacao por secao 2024 MA e Eleitorado local votacao 2024
2024,1,Vereador,São Luís,PEDRINHAS - zona RURAL,10,845,COMPLEXO PENITENCIÁRIO DE PEDRINHAS - PORTARIA UNIFICADA,TOTAL VOTOS NOMINAIS - VEREADOR,61,0,,-2.6858264,-44.2982964,TSE - Votacao por secao 2024 MA e Eleitorado local votacao 2024
2024,1,Vereador,São Luís,VILA ESPERANCA-ZONA URBANA,10,847,IFMA- INSTITUTO FEDERAL DE EDUCAÇÃO E TEC DO MA (ANT. AGROTECNICA),TOTAL VOTOS NOMINAIS - VEREADOR,252,342,,-2.6085067,-44.2674908,TSE - Votacao por secao 2024 MA e Eleitorado local votacao 2024
2024,1,Vereador,São Luís,VILA ITAMAR ZONA URBANA,10,848,U.E.B PROFESSOR LUIS REGO,TOTAL VOTOS NOMINAIS - VEREADOR,287,360,,-2.5981273,-44.248808,TSE - Votacao por secao 2024 MA e Eleitorado local votacao 2024
2024,1,Vereador,São Luís,VILA NOVA REPUBLICA ZONA URBANA,10,849,UEB PROFª LUZENIR MATA ROMA (ANTIGA UE NOVA REPÚBLICA),TOTAL VOTOS NOMINAIS - VEREADOR,266,351,,-2.6455754,-44.2769871,TSE - Votacao por secao 2024 MA e Eleitorado local votacao 2024
2024,1,Vereador,São Luís,RIO GRANDE ZONA URBANA,10,850,UNIDADE INTEGRADA RIO GRANDE,TOTAL VOTOS NOMINAIS - VEREADOR,240,310,,-2.6594865,-44.2921404,TSE - Votacao por secao 2024 MA e Eleitorado local votacao 2024
2024,1,Vereador,São Luís,AURORA - ZONA URBANA,10,851,UEB PEQUENO POLEGAR (ANT. UMBA),TOTAL VOTOS NOMINAIS - VEREADOR,301,374,,-2.5470325,-44.229855,TSE - Votacao por secao 2024 MA e Eleitorado local votacao 2024
2024,1,Vereador,São Luís,QUEBRA-POTE-ZONA RURAL,10,852,U.E.B. ROSILDA CORDEIRO,TOTAL VOTOS NOMINAIS - VEREADOR,268,335,,-2.6964342,-44.2178631,TSE - Votacao por secao 2024 MA e Eleitorado local votacao 2024
2024,1,Vereador,São Luís,COQUEIRO ZONA URBANA,10,853,U.E.B HORTENCIA PINHO,TOTAL VOTOS NOMINAIS - VEREADOR,235,318,,-2.7283686,-44.3592014,TSE - Votacao por secao 2024 MA e Eleitorado local votacao 2024
2024,1,Vereador,São Luís,PEDRINHAS ZONA URBANA,10,854,U.E.B. PROF. JOSÉ GONÇALVES DO AMARAL RAPOSO,TOTAL VOTOS NOMINAIS - VEREADOR,238,323,,-2.6934902,-44.3068876,TSE - Votacao por secao 2024 MA e Eleitorado local votacao 2024
2024,1,Vereador,São Luís,ITAPERA-ZONA RURAL,10,855,U.E.B SAO JOSE DE ITAPERA,TOTAL VOTOS NOMINAIS - VEREADOR,248,316,,-2.6757507,-44.2720485,TSE - Votacao por secao 2024 MA e Eleitorado local votacao 2024
2024,1,Vereador,São Luís,RIO GRANDE ZONA URBANA,10,856,U.E.B. URUATI,TOTAL VOTOS NOMINAIS - VEREADOR,238,305,,-2.6632676,-44.2846379,TSE - Votacao por secao 2024 MA e Eleitorado local votacao 2024
2024,1,Vereador,São Luís,VILA MARANHAO ZONA RURAL,10,857,U.E.B. GOMES DE SOUSA - ZONA URBANA,TOTAL VOTOS NOMINAIS - VEREADOR,244,343,,-2.6212116,-44.3173457,TSE - Votacao por secao 2024 MA e Eleitorado local votacao 2024
2024,1,Vereador,São Luís,MARACANA ZONA RURAL,10,858,U.E.B MAJOR JOSE AUGUSTO MOCHEL,TOTAL VOTOS NOMINAIS - VEREADOR,266,376,,-2.6288139,-44.2898787,TSE - Votacao por secao 2024 MA e Eleitorado local votacao 2024
2024,1,Vereador,São Luís,MARACANA ZONA RURAL,10,859,CENTRO DE ENSINO MÉDIO RENATO ARCHER (ANT. PROF RAIMUNDO LOPES),TOTAL VOTOS NOMINAIS - VEREADOR,277,387,,-2.6290423,-44.2874962,TSE - Votacao por secao 2024 MA e Eleitorado local votacao 2024
2024,1,Vereador,São Luís,CRUZEIRO DO ANIL - ZONA URBANA,10,860,ESCOLA EXPERTISE (ANTIGO COLEGIO BRASIL),TOTAL VOTOS NOMINAIS - VEREADOR,207,272,,-2.5414526,-44.231708,TSE - Votacao por secao 2024 MA e Eleitorado local votacao 2024
2024,1,Vereador,São Luís,COHAB ANIL III (POP CENTER)- ZONA URBANA,10,861,U I CONEGO RIBAMAR CARVALHO,TOTAL VOTOS NOMINAIS - VEREADOR,269,357,,-2.5476242,-44.221984,TSE - Votacao por secao 2024 MA e Eleitorado local votacao 2024
2024,1,Vereador,São Luís,JOAO DE DEUS - ZONA URBANA,10,862,ESCOLA COMUNITARIA JOAO DE DEUS,TOTAL VOTOS NOMINAIS - VEREADOR,249,326,,-2.5607802,-44.2289552,TSE - Votacao por secao 2024 MA e Eleitorado local votacao 2024
2024,1,Vereador,São Luís,ANIL- ZONA URBANA,10,863,CENTRO INTEGRADO DO RIO ANIL - CINTRA,TOTAL VOTOS NOMINAIS - VEREADOR,276,386,,-2.5458055,-44.2374954,TSE - Votacao por secao 2024 MA e Eleitorado local votacao 2024
2024,1,Vereador,São Luís,ANIL- ZONA URBANA,10,864,CENTRO INTEGRADO DO RIO ANIL - CINTRA,TOTAL VOTOS NOMINAIS - VEREADOR,293,393,,-2.5458055,-44.2374954,TSE - Votacao por secao 2024 MA e Eleitorado local votacao 2024
2024,1,Vereador,São Luís,MARACANA ZONA RURAL,10,865,U.E.B MAJOR JOSE AUGUSTO MOCHEL,TOTAL VOTOS NOMINAIS - VEREADOR,265,369,,-2.6288139,-44.2898787,TSE - Votacao por secao 2024 MA e Eleitorado local votacao 2024
2024,1,Vereador,São Luís,VILA MARANHAO ZONA RURAL,10,866,U.E.B. GOMES DE SOUSA - ZONA URBANA,TOTAL VOTOS NOMINAIS - VEREADOR,280,345,,-2.6212116,-44.3173457,TSE - Votacao por secao 2024 MA e Eleitorado local votacao 2024
2024,1,Vereador,São Luís,ESTIVA-ZONA RURAL,10,867,CENTRO DE ENSINO SALIM BRAIDE,TOTAL VOTOS NOMINAIS - VEREADOR,208,261,,-2.7577309,-44.3513908,TSE - Votacao por secao 2024 MA e Eleitorado local votacao 2024
2024,1,Vereador,São Luís,RIO GRANDE ZONA URBANA,10,868,U.E.B. URUATI,TOTAL VOTOS NOMINAIS - VEREADOR,207,242,,-2.6632676,-44.2846379,TSE - Votacao por secao 2024 MA e Eleitorado local votacao 2024
2024,1,Vereador,São Luís,VILA ESPERANCA-ZONA URBANA,10,870,IFMA- INSTITUTO FEDERAL DE EDUCAÇÃO E TEC DO MA (ANT. AGROTECNICA),TOTAL VOTOS NOMINAIS - VEREADOR,292,348,,-2.6085067,-44.2674908,TSE - Votacao por secao 2024 MA e Eleitorado local votacao 2024
2024,1,Vereador,São Luís,MARACANA ZONA RURAL,10,871,U.E.B MAJOR JOSE AUGUSTO MOCHEL,TOTAL VOTOS NOMINAIS - VEREADOR,295,373,,-2.6288139,-44.2898787,TSE - Votacao por secao 2024 MA e Eleitorado local votacao 2024
2024,1,Vereador,São Luís,ITAPERA-ZONA RURAL,10,872,U.E.B SAO JOSE DE ITAPERA,TOTAL VOTOS NOMINAIS - VEREADOR,188,220,,-2.6757507,-44.2720485,TSE - Votacao por secao 2024 MA e Eleitorado local votacao 2024
2024,1,Vereador,São Luís,RIBEIRA - zona rural,10,873,ESCOLA COMUNITÁRIA BOM JESUS DOS MILAGRES,TOTAL VOTOS NOMINAIS - VEREADOR,282,334,,-2.637241,-44.2535057,TSE - Votacao por secao 2024 MA e Eleitorado local votacao 2024
2024,1,Vereador,São Luís,VILA ITAMAR ZONA URBANA,10,874,CENTRO EDUCACIONAL VITÓRIA (JARDIM DE INFÂNCIA VOVÔ BEBÉ),TOTAL VOTOS NOMINAIS - VEREADOR,158,171,,-2.5934806,-44.2459759,TSE - Votacao por secao 2024 MA e Eleitorado local votacao 2024
2024,1,Vereador,São Luís,QUEBRA-POTE-ZONA RURAL,10,875,U.E.B. ROSILDA CORDEIRO,TOTAL VOTOS NOMINAIS - VEREADOR,262,281,,-2.6964342,-44.2178631,TSE - Votacao por secao 2024 MA e Eleitorado local votacao 2024
2024,1,Vereador,São Luís,RIBEIRA - zona rural,10,876,ESCOLA COMUNITÁRIA BOM JESUS DOS MILAGRES,TOTAL VOTOS NOMINAIS - VEREADOR,252,332,,-2.637241,-44.2535057,TSE - Votacao por secao 2024 MA e Eleitorado local votacao 2024
2024,1,Vereador,São Luís,VILA MARANHAO ZONA RURAL,10,878,U.E.B. GOMES DE SOUSA - ZONA URBANA,TOTAL VOTOS NOMINAIS - VEREADOR,187,208,,-2.6212116,-44.3173457,TSE - Votacao por secao 2024 MA e Eleitorado local votacao 2024
2024,1,Vereador,São Luís,VILA INDUSTRIAL - ZONA RURAL,10,879,UEB ANEXO SANTA MARIA,TOTAL VOTOS NOMINAIS - VEREADOR,176,185,,-2.6232565,-44.2648375,TSE - Votacao por secao 2024 MA e Eleitorado local votacao 2024
2024,1,Vereador,São Luís,VILA SAMARA ZONA URBANA,10,881,ANEXO NOSSA SRA DE NAZARÉ (ANT. FERNÃO DE MAGALHÃES),TOTAL VOTOS NOMINAIS - VEREADOR,150,162,,-2.7414093,-44.3486646,TSE - Votacao por secao 2024 MA e Eleitorado local votacao 2024
2024,1,Vereador,São Luís,COHAMA,76,40,CE MARIA FIRMINA DOS REIS,TOTAL VOTOS NOMINAIS - VEREADOR,274,383,,-2.5121479,-44.2494206,TSE - Votacao por secao 2024 MA e Eleitorado local votacao 2024
2024,1,Vereador,São Luís,COHAMA,76,42,CE MARIA FIRMINA DOS REIS,TOTAL VOTOS NOMINAIS - VEREADOR,271,379,,-2.5121479,-44.2494206,TSE - Votacao por secao 2024 MA e Eleitorado local votacao 2024
2024,1,Vereador,São Luís,COHAMA,76,44,CE MARIA FIRMINA DOS REIS,TOTAL VOTOS NOMINAIS - VEREADOR,275,384,,-2.5121479,-44.2494206,TSE - Votacao por secao 2024 MA e Eleitorado local votacao 2024
2024,1,Vereador,São Luís,COHAMA,76,46,CE MARIA FIRMINA DOS REIS,TOTAL VOTOS NOMINAIS - VEREADOR,279,390,,-2.5121479,-44.2494206,TSE - Votacao por secao 2024 MA e Eleitorado local votacao 2024
2024,1,Vereador,São Luís,COHAMA,76,47,ESCOLA DOM PEDRO II/JARDIM DE INFÂNCIA - TIN TIN,TOTAL VOTOS NOMINAIS - VEREADOR,273,385,,-2.5117744,-44.2465527,TSE - Votacao por secao 2024 MA e Eleitorado local votacao 2024
2024,1,Vereador,São Luís,COHAMA,76,48,ESCOLA DOM PEDRO II/JARDIM DE INFÂNCIA - TIN TIN,TOTAL VOTOS NOMINAIS - VEREADOR,267,382,,-2.5117744,-44.2465527,TSE - Votacao por secao 2024 MA e Eleitorado local votacao 2024
2024,1,Vereador,São Luís,COHAMA,76,49,ESCOLA DOM PEDRO II/JARDIM DE INFÂNCIA - TIN TIN,TOTAL VOTOS NOMINAIS - VEREADOR,260,387,,-2.5117744,-44.2465527,TSE - Votacao por secao 2024 MA e Eleitorado local votacao 2024
2024,1,Vereador,São Luís,COHAMA,76,50,ESCOLA DOM PEDRO II/JARDIM DE INFÂNCIA - TIN TIN,TOTAL VOTOS NOMINAIS - VEREADOR,271,382,,-2.5117744,-44.2465527,TSE - Votacao por secao 2024 MA e Eleitorado local votacao 2024
2024,1,Vereador,São Luís,COHAMA,76,51,ESCOLA DOM PEDRO II/JARDIM DE INFÂNCIA - TIN TIN,TOTAL VOTOS NOMINAIS - VEREADOR,252,383,,-2.5117744,-44.2465527,TSE - Votacao por secao 2024 MA e Eleitorado local votacao 2024
2024,1,Vereador,São Luís,COHAMA,76,52,ESCOLA DOM PEDRO II/JARDIM DE INFÂNCIA - TIN TIN,TOTAL VOTOS NOMINAIS - VEREADOR,259,385,,-2.5117744,-44.2465527,TSE - Votacao por secao 2024 MA e Eleitorado local votacao 2024
2024,1,Vereador,São Luís,COHAMA,76,53,ESCOLA DOM PEDRO II/JARDIM DE INFÂNCIA - TIN TIN,TOTAL VOTOS NOMINAIS - VEREADOR,283,388,,-2.5117744,-44.2465527,TSE - Votacao por secao 2024 MA e Eleitorado local votacao 2024
2024,1,Vereador,São Luís,COHAMA,76,54,ESCOLA DOM PEDRO II/JARDIM DE INFÂNCIA - TIN TIN,TOTAL VOTOS NOMINAIS - VEREADOR,274,388,,-2.5117744,-44.2465527,TSE - Votacao por secao 2024 MA e Eleitorado local votacao 2024
2024,1,Vereador,São Luís,VINHAIS-ZONA URBANA,76,80,CENTRO DE ENSINO NASCIMENTO MORAES,TOTAL VOTOS NOMINAIS - VEREADOR,296,393,,-2.5133843,-44.2515292,TSE - Votacao por secao 2024 MA e Eleitorado local votacao 2024
2024,1,Vereador,São Luís,VINHAIS-ZONA URBANA,76,81,CENTRO DE ENSINO NASCIMENTO MORAES,TOTAL VOTOS NOMINAIS - VEREADOR,302,391,,-2.5133843,-44.2515292,TSE - Votacao por secao 2024 MA e Eleitorado local votacao 2024
2024,1,Vereador,São Luís,VINHAIS-ZONA URBANA,76,82,CENTRO DE ENSINO NASCIMENTO MORAES,TOTAL VOTOS NOMINAIS - VEREADOR,294,394,,-2.5133843,-44.2515292,TSE - Votacao por secao 2024 MA e Eleitorado local votacao 2024
2024,1,Vereador,São Luís,VINHAIS-ZONA URBANA,76,83,CENTRO DE ENSINO NASCIMENTO MORAES,TOTAL VOTOS NOMINAIS - VEREADOR,284,391,,-2.5133843,-44.2515292,TSE - Votacao por secao 2024 MA e Eleitorado local votacao 2024
2024,1,Vereador,São Luís,VINHAIS-ZONA URBANA,76,84,CENTRO DE ENSINO NASCIMENTO MORAES,TOTAL VOTOS NOMINAIS - VEREADOR,294,394,,-2.5133843,-44.2515292,TSE - Votacao por secao 2024 MA e Eleitorado local votacao 2024
2024,1,Vereador,São Luís,VINHAIS-ZONA URBANA,76,85,CENTRO DE ENSINO NASCIMENTO MORAES,TOTAL VOTOS NOMINAIS - VEREADOR,298,392,,-2.5133843,-44.2515292,TSE - Votacao por secao 2024 MA e Eleitorado local votacao 2024
2024,1,Vereador,São Luís,VINHAIS-ZONA URBANA,76,86,CENTRO DE ENSINO NASCIMENTO MORAES,TOTAL VOTOS NOMINAIS - VEREADOR,284,392,,-2.5133843,-44.2515292,TSE - Votacao por secao 2024 MA e Eleitorado local votacao 2024
2024,1,Vereador,São Luís,VINHAIS-ZONA URBANA,76,87,CENTRO DE ENSINO NASCIMENTO MORAES,TOTAL VOTOS NOMINAIS - VEREADOR,294,392,,-2.5133843,-44.2515292,TSE - Votacao por secao 2024 MA e Eleitorado local votacao 2024
2024,1,Vereador,São Luís,VINHAIS-ZONA URBANA,76,88,CENTRO DE ENSINO NASCIMENTO MORAES,TOTAL VOTOS NOMINAIS - VEREADOR,285,391,,-2.5133843,-44.2515292,TSE - Votacao por secao 2024 MA e Eleitorado local votacao 2024
2024,1,Vereador,São Luís,VINHAIS-ZONA URBANA,76,89,CENTRO DE ENSINO NASCIMENTO MORAES,TOTAL VOTOS NOMINAIS - VEREADOR,282,391,,-2.5133843,-44.2515292,TSE - Votacao por secao 2024 MA e Eleitorado local votacao 2024
2024,1,Vereador,São Luís,VINHAIS-ZONA URBANA,76,90,CENTRO DE ENSINO NASCIMENTO MORAES,TOTAL VOTOS NOMINAIS - VEREADOR,300,392,,-2.5133843,-44.2515292,TSE - Votacao por secao 2024 MA e Eleitorado local votacao 2024
2024,1,Vereador,São Luís,COHAMA,76,96,ESCOLA DOM PEDRO II/JARDIM DE INFÂNCIA - TIN TIN,TOTAL VOTOS NOMINAIS - VEREADOR,308,384,,-2.5117744,-44.2465527,TSE - Votacao por secao 2024 MA e Eleitorado local votacao 2024
2024,1,Vereador,São Luís,COHAMA,76,114,ESCOLA DOM PEDRO II/JARDIM DE INFÂNCIA - TIN TIN,TOTAL VOTOS NOMINAIS - VEREADOR,293,388,,-2.5117744,-44.2465527,TSE - Votacao por secao 2024 MA e Eleitorado local votacao 2024
2024,1,Vereador,São Luís,COHAMA,76,122,ESCOLA DOM PEDRO II/JARDIM DE INFÂNCIA - TIN TIN,TOTAL VOTOS NOMINAIS - VEREADOR,286,386,,-2.5117744,-44.2465527,TSE - Votacao por secao 2024 MA e Eleitorado local votacao 2024
2024,1,Vereador,São Luís,VILA VICENTE FIALHO,76,126,UNIDADE DE EDUCAÇÃO BÁSICA OLINDA DESTERRO,TOTAL VOTOS NOMINAIS - VEREADOR,288,375,,-2.5089406,-44.2411632,TSE - Votacao por secao 2024 MA e Eleitorado local votacao 2024
2024,1,Vereador,São Luís,VILA VICENTE FIALHO,76,136,UNIDADE DE EDUCAÇÃO BÁSICA OLINDA DESTERRO,TOTAL VOTOS NOMINAIS - VEREADOR,304,380,,-2.5089406,-44.2411632,TSE - Votacao por secao 2024 MA e Eleitorado local votacao 2024
2024,1,Vereador,São Luís,COHAMA,76,180,CE MARIA FIRMINA DOS REIS,TOTAL VOTOS NOMINAIS - VEREADOR,283,368,,-2.5121479,-44.2494206,TSE - Votacao por secao 2024 MA e Eleitorado local votacao 2024
2024,1,Vereador,São Luís,VILA VICENTE FIALHO,76,182,UNIDADE DE EDUCAÇÃO BÁSICA OLINDA DESTERRO,TOTAL VOTOS NOMINAIS - VEREADOR,304,377,,-2.5089406,-44.2411632,TSE - Votacao por secao 2024 MA e Eleitorado local votacao 2024
2024,1,Vereador,São Luís,COHAMA,76,186,ESCOLA DOM PEDRO II/JARDIM DE INFÂNCIA - TIN TIN,TOTAL VOTOS NOMINAIS - VEREADOR,298,390,,-2.5117744,-44.2465527,TSE - Votacao por secao 2024 MA e Eleitorado local votacao 2024
2024,1,Vereador,São Luís,VILA VICENTE FIALHO,76,187,UNIDADE DE EDUCAÇÃO BÁSICA OLINDA DESTERRO,TOTAL VOTOS NOMINAIS - VEREADOR,288,377,,-2.5089406,-44.2411632,TSE - Votacao por secao 2024 MA e Eleitorado local votacao 2024
2024,1,Vereador,São Luís,VINHAIS-ZONA URBANA,76,191,CENTRO DE ENSINO NASCIMENTO MORAES,TOTAL VOTOS NOMINAIS - VEREADOR,289,395,,-2.5133843,-44.2515292,TSE - Votacao por secao 2024 MA e Eleitorado local votacao 2024
2024,1,Vereador,São Luís,COHAMA,76,194,CE MARIA FIRMINA DOS REIS,TOTAL VOTOS NOMINAIS - VEREADOR,260,354,,-2.5121479,-44.2494206,TSE - Votacao por secao 2024 MA e Eleitorado local votacao 2024
2024,1,Vereador,São Luís,COHAMA,76,196,ESCOLA DOM PEDRO II/JARDIM DE INFÂNCIA - TIN TIN,TOTAL VOTOS NOMINAIS - VEREADOR,276,381,,-2.5117744,-44.2465527,TSE - Votacao por secao 2024 MA e Eleitorado local votacao 2024
2024,1,Vereador,São Luís,VINHAIS-ZONA URBANA,76,197,CENTRO DE ENSINO NASCIMENTO MORAES,TOTAL VOTOS NOMINAIS - VEREADOR,302,398,,-2.5133843,-44.2515292,TSE - Votacao por secao 2024 MA e Eleitorado local votacao 2024
2024,1,Vereador,São Luís,VILA VICENTE FIALHO,76,201,UNIDADE DE EDUCAÇÃO BÁSICA OLINDA DESTERRO,TOTAL VOTOS NOMINAIS - VEREADOR,311,383,,-2.5089406,-44.2411632,TSE - Votacao por secao 2024 MA e Eleitorado local votacao 2024
2024,1,Vereador,São Luís,VILA VICENTE FIALHO,76,208,UNIDADE DE EDUCAÇÃO BÁSICA OLINDA DESTERRO,TOTAL VOTOS NOMINAIS - VEREADOR,271,376,,-2.5089406,-44.2411632,TSE - Votacao por secao 2024 MA e Eleitorado local votacao 2024
2024,1,Vereador,São Luís,VILA VICENTE FIALHO,76,209,UNIDADE DE EDUCAÇÃO BÁSICA OLINDA DESTERRO,TOTAL VOTOS NOMINAIS - VEREADOR,312,378,,-2.5089406,-44.2411632,TSE - Votacao por secao 2024 MA e Eleitorado local votacao 2024
2024,1,Vereador,São Luís,VILA VICENTE FIALHO,76,210,UNIDADE DE EDUCAÇÃO BÁSICA OLINDA DESTERRO,TOTAL VOTOS NOMINAIS - VEREADOR,278,379,,-2.5089406,-44.2411632,TSE - Votacao por secao 2024 MA e Eleitorado local votacao 2024
2024,1,Vereador,São Luís,VILA VICENTE FIALHO,76,211,UNIDADE DE EDUCAÇÃO BÁSICA OLINDA DESTERRO,TOTAL VOTOS NOMINAIS - VEREADOR,277,377,,-2.5089406,-44.2411632,TSE - Votacao por secao 2024 MA e Eleitorado local votacao 2024
2024,1,Vereador,São Luís,COHAMA,76,227,CE MARIA FIRMINA DOS REIS,TOTAL VOTOS NOMINAIS - VEREADOR,249,356,,-2.5121479,-44.2494206,TSE - Votacao por secao 2024 MA e Eleitorado local votacao 2024
2024,1,Vereador,São Luís,COHAMA,76,228,ESCOLA DOM PEDRO II/JARDIM DE INFÂNCIA - TIN TIN,TOTAL VOTOS NOMINAIS - VEREADOR,270,380,,-2.5117744,-44.2465527,TSE - Votacao por secao 2024 MA e Eleitorado local votacao 2024
2024,1,Vereador,São Luís,VILA VICENTE FIALHO,76,237,UNIDADE DE EDUCAÇÃO BÁSICA OLINDA DESTERRO,TOTAL VOTOS NOMINAIS - VEREADOR,271,379,,-2.5089406,-44.2411632,TSE - Votacao por secao 2024 MA e Eleitorado local votacao 2024
2024,1,Vereador,São Luís,VILA VICENTE FIALHO,76,245,UNIDADE DE EDUCAÇÃO BÁSICA OLINDA DESTERRO,TOTAL VOTOS NOMINAIS - VEREADOR,280,378,,-2.5089406,-44.2411632,TSE - Votacao por secao 2024 MA e Eleitorado local votacao 2024
2024,1,Vereador,São Luís,VILA VICENTE FIALHO,76,251,INSTITUTO SÃO FRANCISCO,TOTAL VOTOS NOMINAIS - VEREADOR,187,227,,-2.5089211,-44.2393939,TSE - Votacao por secao 2024 MA e Eleitorado local votacao 2024
2024,1,Vereador,São Luís,TURU,76,255,FACULDADE ANHANGUERA - TURU(ANTIGA PITAGORAS - BLOCO B),TOTAL VOTOS NOMINAIS - VEREADOR,195,286,,-2.5309132,-44.2261463,TSE - Votacao por secao 2024 MA e Eleitorado local votacao 2024
2024,1,Vereador,São Luís,TURU,76,261,FACULDADE ANHANGUERA - TURU(ANTIGA PITAGORAS - BLOCO B),TOTAL VOTOS NOMINAIS - VEREADOR,172,285,,-2.5309132,-44.2261463,TSE - Votacao por secao 2024 MA e Eleitorado local votacao 2024
2024,1,Vereador,São Luís,VILA VICENTE FIALHO,76,264,INSTITUTO SÃO FRANCISCO,TOTAL VOTOS NOMINAIS - VEREADOR,237,313,,-2.5089211,-44.2393939,TSE - Votacao por secao 2024 MA e Eleitorado local votacao 2024
2024,1,Vereador,São Luís,TURU,76,267,FACULDADE ANHANGUERA - TURU(ANTIGA PITAGORAS - BLOCO B),TOTAL VOTOS NOMINAIS - VEREADOR,212,287,,-2.5309132,-44.2261463,TSE - Votacao por secao 2024 MA e Eleitorado local votacao 2024
2024,1,Vereador,São Luís,VILA VICENTE FIALHO,76,268,UNIDADE DE EDUCAÇÃO BÁSICA OLINDA DESTERRO,TOTAL VOTOS NOMINAIS - VEREADOR,291,378,,-2.5089406,-44.2411632,TSE - Votacao por secao 2024 MA e Eleitorado local votacao 2024
2024,1,Vereador,São Luís,VILA VICENTE FIALHO,76,269,ESCOLA COMUNITÁRIA SÃO CAMILO DE LELIS,TOTAL VOTOS NOMINAIS - VEREADOR,229,330,,-2.5087534,-44.2397953,TSE - Votacao por secao 2024 MA e Eleitorado local votacao 2024
2024,1,Vereador,São Luís,TURU,76,273,FACULDADE ANHANGUERA - TURU(ANTIGA PITAGORAS - BLOCO B),TOTAL VOTOS NOMINAIS - VEREADOR,229,318,,-2.5309132,-44.2261463,TSE - Votacao por secao 2024 MA e Eleitorado local votacao 2024
2024,1,Vereador,São Luís,VILA VICENTE FIALHO,76,274,UNIDADE ESCOLAR BÁSICA OLINDA DESTERRO INFANTIL,TOTAL VOTOS NOMINAIS - VEREADOR,197,251,,-2.5067887,-44.2375105,TSE - Votacao por secao 2024 MA e Eleitorado local votacao 2024
2024,1,Vereador,São Luís,PLANALTO VINHAIS - ZONA URBANA,76,275,UEB ENSINO FUNDAMENTAL MENINO JESUS DE PRAGA,TOTAL VOTOS NOMINAIS - VEREADOR,239,321,,-2.5047862,-44.2522709,TSE - Votacao por secao 2024 MA e Eleitorado local votacao 2024
2024,1,Vereador,São Luís,TURU,76,278,FACULDADE ANHANGUERA - TURU(ANTIGA PITAGORAS - BLOCO B),TOTAL VOTOS NOMINAIS - VEREADOR,235,323,,-2.5309132,-44.2261463,TSE - Votacao por secao 2024 MA e Eleitorado local votacao 2024
2024,1,Vereador,São Luís,TURU,76,282,FACULDADE ANHANGUERA - TURU(ANTIGA PITAGORAS - BLOCO B),TOTAL VOTOS NOMINAIS - VEREADOR,225,317,,-2.5309132,-44.2261463,TSE - Votacao por secao 2024 MA e Eleitorado local votacao 2024
2024,1,Vereador,São Luís,TURU,76,284,FACULDADE ANHANGUERA - TURU(ANTIGA PITAGORAS - BLOCO B),TOTAL VOTOS NOMINAIS - VEREADOR,201,307,,-2.5309132,-44.2261463,TSE - Votacao por secao 2024 MA e Eleitorado local votacao 2024
2024,1,Vereador,São Luís,PLANALTO VINHAIS - ZONA URBANA,76,288,UEB ENSINO FUNDAMENTAL MENINO JESUS DE PRAGA,TOTAL VOTOS NOMINAIS - VEREADOR,239,325,,-2.5047862,-44.2522709,TSE - Votacao por secao 2024 MA e Eleitorado local votacao 2024
2024,1,Vereador,São Luís,TURU,76,289,FACULDADE ANHANGUERA - TURU(ANTIGA PITAGORAS - BLOCO B),TOTAL VOTOS NOMINAIS - VEREADOR,243,324,,-2.5309132,-44.2261463,TSE - Votacao por secao 2024 MA e Eleitorado local votacao 2024
2024,1,Vereador,São Luís,TURU,76,290,U. E. B. DRA. MARIA ALICE COUTINHO,TOTAL VOTOS NOMINAIS - VEREADOR,238,329,,-2.5229116,-44.2261657,TSE - Votacao por secao 2024 MA e Eleitorado local votacao 2024
2024,1,Vereador,São Luís,TURU,76,295,U. E. B. DRA. MARIA ALICE COUTINHO,TOTAL VOTOS NOMINAIS - VEREADOR,254,328,,-2.5229116,-44.2261657,TSE - Votacao por secao 2024 MA e Eleitorado local votacao 2024
2024,1,Vereador,São Luís,VILA VICENTE FIALHO,76,296,UNIDADE ESCOLAR BÁSICA OLINDA DESTERRO INFANTIL,TOTAL VOTOS NOMINAIS - VEREADOR,230,289,,-2.5067887,-44.2375105,TSE - Votacao por secao 2024 MA e Eleitorado local votacao 2024
2024,1,Vereador,São Luís,TURU,76,297,FACULDADE ANHANGUERA - TURU(ANTIGA PITAGORAS - BLOCO B),TOTAL VOTOS NOMINAIS - VEREADOR,228,317,,-2.5309132,-44.2261463,TSE - Votacao por secao 2024 MA e Eleitorado local votacao 2024
2024,1,Vereador,São Luís,TURU,76,299,FACULDADE ANHANGUERA - TURU(ANTIGA PITAGORAS - BLOCO B),TOTAL VOTOS NOMINAIS - VEREADOR,218,307,,-2.5309132,-44.2261463,TSE - Votacao por secao 2024 MA e Eleitorado local votacao 2024
2024,1,Vereador,São Luís,PLANALTO VINHAIS - ZONA URBANA,76,300,UEB ENSINO FUNDAMENTAL MENINO JESUS DE PRAGA,TOTAL VOTOS NOMINAIS - VEREADOR,230,321,,-2.5047862,-44.2522709,TSE - Votacao por secao 2024 MA e Eleitorado local votacao 2024
2024,1,Vereador,São Luís,TURU,76,302,U. E. B. DRA. MARIA ALICE COUTINHO,TOTAL VOTOS NOMINAIS - VEREADOR,241,330,,-2.5229116,-44.2261657,TSE - Votacao por secao 2024 MA e Eleitorado local votacao 2024
2024,1,Vereador,São Luís,VILA VICENTE FIALHO,76,303,ESCOLA COMUNITÁRIA SÃO CAMILO DE LELIS,TOTAL VOTOS NOMINAIS - VEREADOR,258,325,,-2.5087534,-44.2397953,TSE - Votacao por secao 2024 MA e Eleitorado local votacao 2024
2024,1,Vereador,São Luís,TURU,76,304,FACULDADE ANHANGUERA - TURU(ANTIGA PITAGORAS - BLOCO B),TOTAL VOTOS NOMINAIS - VEREADOR,225,307,,-2.5309132,-44.2261463,TSE - Votacao por secao 2024 MA e Eleitorado local votacao 2024
2024,1,Vereador,São Luís,TURU,76,307,U. E. B. DRA. MARIA ALICE COUTINHO,TOTAL VOTOS NOMINAIS - VEREADOR,233,328,,-2.5229116,-44.2261657,TSE - Votacao por secao 2024 MA e Eleitorado local votacao 2024
2024,1,Vereador,São Luís,TURU,76,309,FACULDADE ANHANGUERA - TURU(ANTIGA PITAGORAS - BLOCO B),TOTAL VOTOS NOMINAIS - VEREADOR,210,310,,-2.5309132,-44.2261463,TSE - Votacao por secao 2024 MA e Eleitorado local votacao 2024
2024,1,Vereador,São Luís,PLANALTO VINHAIS - ZONA URBANA,76,311,UEB ENSINO FUNDAMENTAL MENINO JESUS DE PRAGA,TOTAL VOTOS NOMINAIS - VEREADOR,233,318,,-2.5047862,-44.2522709,TSE - Votacao por secao 2024 MA e Eleitorado local votacao 2024
2024,1,Vereador,São Luís,VILA VICENTE FIALHO,76,312,UNIDADE ESCOLAR BÁSICA OLINDA DESTERRO INFANTIL,TOTAL VOTOS NOMINAIS - VEREADOR,215,293,,-2.5067887,-44.2375105,TSE - Votacao por secao 2024 MA e Eleitorado local votacao 2024
2024,1,Vereador,São Luís,TURU,76,315,FACULDADE ANHANGUERA - TURU(ANTIGA PITAGORAS - BLOCO B),TOTAL VOTOS NOMINAIS - VEREADOR,208,310,,-2.5309132,-44.2261463,TSE - Votacao por secao 2024 MA e Eleitorado local votacao 2024
2024,1,Vereador,São Luís,TURU,76,316,U. E. B. DRA. MARIA ALICE COUTINHO,TOTAL VOTOS NOMINAIS - VEREADOR,233,325,,-2.5229116,-44.2261657,TSE - Votacao por secao 2024 MA e Eleitorado local votacao 2024
2024,1,Vereador,São Luís,PLANALTO VINHAIS - ZONA URBANA,76,318,UEB ENSINO FUNDAMENTAL MENINO JESUS DE PRAGA,TOTAL VOTOS NOMINAIS - VEREADOR,220,319,,-2.5047862,-44.2522709,TSE - Votacao por secao 2024 MA e Eleitorado local votacao 2024
2024,1,Vereador,São Luís,TURU,76,321,U. E. B. DRA. MARIA ALICE COUTINHO,TOTAL VOTOS NOMINAIS - VEREADOR,225,326,,-2.5229116,-44.2261657,TSE - Votacao por secao 2024 MA e Eleitorado local votacao 2024
2024,1,Vereador,São Luís,PLANALTO VINHAIS - ZONA URBANA,76,324,UEB ENSINO FUNDAMENTAL MENINO JESUS DE PRAGA,TOTAL VOTOS NOMINAIS - VEREADOR,216,320,,-2.5047862,-44.2522709,TSE - Votacao por secao 2024 MA e Eleitorado local votacao 2024
2024,1,Vereador,São Luís,VILA VICENTE FIALHO,76,325,UNIDADE ESCOLAR BÁSICA OLINDA DESTERRO INFANTIL,TOTAL VOTOS NOMINAIS - VEREADOR,172,247,,-2.5067887,-44.2375105,TSE - Votacao por secao 2024 MA e Eleitorado local votacao 2024
2024,1,Vereador,São Luís,DIVINEIA - ZONA URBANA,76,326,CE VINICIUS DE MORAES,TOTAL VOTOS NOMINAIS - VEREADOR,240,315,,-2.4909796,-44.2266333,TSE - Votacao por secao 2024 MA e Eleitorado local votacao 2024
2024,1,Vereador,São Luís,DIVINEIA - ZONA URBANA,76,327,CE VINICIUS DE MORAES,TOTAL VOTOS NOMINAIS - VEREADOR,254,321,,-2.4909796,-44.2266333,TSE - Votacao por secao 2024 MA e Eleitorado local votacao 2024
2024,1,Vereador,São Luís,DIVINEIA - ZONA URBANA,76,328,CE VINICIUS DE MORAES,TOTAL VOTOS NOMINAIS - VEREADOR,255,321,,-2.4909796,-44.2266333,TSE - Votacao por secao 2024 MA e Eleitorado local votacao 2024
2024,1,Vereador,São Luís,DIVINEIA - ZONA URBANA,76,329,CE VINICIUS DE MORAES,TOTAL VOTOS NOMINAIS - VEREADOR,257,322,,-2.4909796,-44.2266333,TSE - Votacao por secao 2024 MA e Eleitorado local votacao 2024
2024,1,Vereador,São Luís,DIVINEIA - ZONA URBANA,76,330,CE VINICIUS DE MORAES,TOTAL VOTOS NOMINAIS - VEREADOR,254,320,,-2.4909796,-44.2266333,TSE - Votacao por secao 2024 MA e Eleitorado local votacao 2024
2024,1,Vereador,São Luís,DIVINEIA - ZONA URBANA,76,331,CE VINICIUS DE MORAES,TOTAL VOTOS NOMINAIS - VEREADOR,250,321,,-2.4909796,-44.2266333,TSE - Votacao por secao 2024 MA e Eleitorado local votacao 2024
2024,1,Vereador,São Luís,DIVINEIA - ZONA URBANA,76,332,CE VINICIUS DE MORAES,TOTAL VOTOS NOMINAIS - VEREADOR,252,320,,-2.4909796,-44.2266333,TSE - Votacao por secao 2024 MA e Eleitorado local votacao 2024
2024,1,Vereador,São Luís,DIVINEIA - ZONA URBANA,76,333,CE VINICIUS DE MORAES,TOTAL VOTOS NOMINAIS - VEREADOR,240,318,,-2.4909796,-44.2266333,TSE - Votacao por secao 2024 MA e Eleitorado local votacao 2024
2024,1,Vereador,São Luís,DIVINEIA - ZONA URBANA,76,334,CE VINICIUS DE MORAES,TOTAL VOTOS NOMINAIS - VEREADOR,245,319,,-2.4909796,-44.2266333,TSE - Votacao por secao 2024 MA e Eleitorado local votacao 2024
2024,1,Vereador,São Luís,OLHO D'AGUA - ZONA URBANA,76,345,UNIDADE INTEGRADA DR CLARINDO SANTIAGO,TOTAL VOTOS NOMINAIS - VEREADOR,280,366,,-2.4830879,-44.2284423,TSE - Votacao por secao 2024 MA e Eleitorado local votacao 2024
2024,1,Vereador,São Luís,OLHO D'AGUA - ZONA URBANA,76,346,UNIDADE INTEGRADA DR CLARINDO SANTIAGO,TOTAL VOTOS NOMINAIS - VEREADOR,277,374,,-2.4830879,-44.2284423,TSE - Votacao por secao 2024 MA e Eleitorado local votacao 2024
2024,1,Vereador,São Luís,OLHO D'AGUA - ZONA URBANA,76,347,UNIDADE INTEGRADA DR CLARINDO SANTIAGO,TOTAL VOTOS NOMINAIS - VEREADOR,289,374,,-2.4830879,-44.2284423,TSE - Votacao por secao 2024 MA e Eleitorado local votacao 2024
2024,1,Vereador,São Luís,OLHO D'AGUA - ZONA URBANA,76,348,UNIDADE INTEGRADA DR CLARINDO SANTIAGO,TOTAL VOTOS NOMINAIS - VEREADOR,278,377,,-2.4830879,-44.2284423,TSE - Votacao por secao 2024 MA e Eleitorado local votacao 2024
2024,1,Vereador,São Luís,OLHO D'AGUA - ZONA URBANA,76,349,UNIDADE INTEGRADA DR CLARINDO SANTIAGO,TOTAL VOTOS NOMINAIS - VEREADOR,278,368,,-2.4830879,-44.2284423,TSE - Votacao por secao 2024 MA e Eleitorado local votacao 2024
2024,1,Vereador,São Luís,OLHO D'AGUA - ZONA URBANA,76,350,UNIDADE INTEGRADA DR CLARINDO SANTIAGO,TOTAL VOTOS NOMINAIS - VEREADOR,283,374,,-2.4830879,-44.2284423,TSE - Votacao por secao 2024 MA e Eleitorado local votacao 2024
2024,1,Vereador,São Luís,OLHO D'AGUA - ZONA URBANA,76,351,UNIDADE INTEGRADA DR CLARINDO SANTIAGO,TOTAL VOTOS NOMINAIS - VEREADOR,279,370,,-2.4830879,-44.2284423,TSE - Votacao por secao 2024 MA e Eleitorado local votacao 2024
2024,1,Vereador,São Luís,OLHO D'AGUA - ZONA URBANA,76,352,UNIDADE INTEGRADA DR CLARINDO SANTIAGO,TOTAL VOTOS NOMINAIS - VEREADOR,264,352,,-2.4830879,-44.2284423,TSE - Votacao por secao 2024 MA e Eleitorado local votacao 2024
2024,1,Vereador,São Luís,DIVINEIA - ZONA URBANA,76,354,CE VINICIUS DE MORAES,TOTAL VOTOS NOMINAIS - VEREADOR,231,322,,-2.4909796,-44.2266333,TSE - Votacao por secao 2024 MA e Eleitorado local votacao 2024
2024,1,Vereador,São Luís,TURU,76,357,FACULDADE ANHANGUERA - TURU(ANTIGA PITAGORAS - BLOCO B),TOTAL VOTOS NOMINAIS - VEREADOR,176,281,,-2.5309132,-44.2261463,TSE - Votacao por secao 2024 MA e Eleitorado local votacao 2024
2024,1,Vereador,São Luís,TURU,76,359,FACULDADE ANHANGUERA - TURU(ANTIGA PITAGORAS - BLOCO B),TOTAL VOTOS NOMINAIS - VEREADOR,195,299,,-2.5309132,-44.2261463,TSE - Votacao por secao 2024 MA e Eleitorado local votacao 2024
2024,1,Vereador,São Luís,PLANALTO VINHAIS - ZONA URBANA,76,361,UEB ENSINO FUNDAMENTAL MENINO JESUS DE PRAGA,TOTAL VOTOS NOMINAIS - VEREADOR,203,317,,-2.5047862,-44.2522709,TSE - Votacao por secao 2024 MA e Eleitorado local votacao 2024
2024,1,Vereador,São Luís,TURU,76,362,U. E. B. DRA. MARIA ALICE COUTINHO,TOTAL VOTOS NOMINAIS - VEREADOR,227,330,,-2.5229116,-44.2261657,TSE - Votacao por secao 2024 MA e Eleitorado local votacao 2024
2024,1,Vereador,São Luís,DIVINEIA - ZONA URBANA,76,364,CE VINICIUS DE MORAES,TOTAL VOTOS NOMINAIS - VEREADOR,250,324,,-2.4909796,-44.2266333,TSE - Votacao por secao 2024 MA e Eleitorado local votacao 2024
2024,1,Vereador,São Luís,TURU,76,365,FACULDADE ANHANGUERA - TURU(ANTIGA PITAGORAS - BLOCO B),TOTAL VOTOS NOMINAIS - VEREADOR,197,298,,-2.5309132,-44.2261463,TSE - Votacao por secao 2024 MA e Eleitorado local votacao 2024
2024,1,Vereador,São Luís,VILA VICENTE FIALHO,76,367,UNIDADE ESCOLAR BÁSICA OLINDA DESTERRO INFANTIL,TOTAL VOTOS NOMINAIS - VEREADOR,163,234,,-2.5067887,-44.2375105,TSE - Votacao por secao 2024 MA e Eleitorado local votacao 2024
2024,1,Vereador,São Luís,TURU,76,368,FACULDADE ANHANGUERA - TURU(ANTIGA PITAGORAS - BLOCO B),TOTAL VOTOS NOMINAIS - VEREADOR,175,313,,-2.5309132,-44.2261463,TSE - Votacao por secao 2024 MA e Eleitorado local votacao 2024
2024,1,Vereador,São Luís,PLANALTO VINHAIS - ZONA URBANA,76,369,UEB ENSINO FUNDAMENTAL MENINO JESUS DE PRAGA,TOTAL VOTOS NOMINAIS - VEREADOR,211,319,,-2.5047862,-44.2522709,TSE - Votacao por secao 2024 MA e Eleitorado local votacao 2024
2024,1,Vereador,São Luís,VILA VICENTE FIALHO,76,370,ESCOLA COMUNITÁRIA SÃO CAMILO DE LELIS,TOTAL VOTOS NOMINAIS - VEREADOR,242,328,,-2.5087534,-44.2397953,TSE - Votacao por secao 2024 MA e Eleitorado local votacao 2024
2024,1,Vereador,São Luís,DIVINEIA - ZONA URBANA,76,372,U.E.B. PROF. JOÃO DE SOUZA GUIMARAES,TOTAL VOTOS NOMINAIS - VEREADOR,304,385,,-2.4915529,-44.2175414,TSE - Votacao por secao 2024 MA e Eleitorado local votacao 2024
2024,1,Vereador,São Luís,DIVINEIA - ZONA URBANA,76,373,U.E.B. PROF. JOÃO DE SOUZA GUIMARAES,TOTAL VOTOS NOMINAIS - VEREADOR,314,387,,-2.4915529,-44.2175414,TSE - Votacao por secao 2024 MA e Eleitorado local votacao 2024
2024,1,Vereador,São Luís,DIVINEIA - ZONA URBANA,76,374,U.E.B. PROF. JOÃO DE SOUZA GUIMARAES,TOTAL VOTOS NOMINAIS - VEREADOR,279,382,,-2.4915529,-44.2175414,TSE - Votacao por secao 2024 MA e Eleitorado local votacao 2024
2024,1,Vereador,São Luís,RES PRIMAVERA(COHATRAC)-ZONA URBANA,76,375,UEB PRIMAVERA FUNDAMENTAL,TOTAL VOTOS NOMINAIS - VEREADOR,248,329,,-2.5395514,-44.1984019,TSE - Votacao por secao 2024 MA e Eleitorado local votacao 2024
2024,1,Vereador,São Luís,RES PRIMAVERA(COHATRAC)-ZONA URBANA,76,376,UEB PRIMAVERA FUNDAMENTAL,TOTAL VOTOS NOMINAIS - VEREADOR,245,322,,-2.5395514,-44.1984019,TSE - Votacao por secao 2024 MA e Eleitorado local votacao 2024
2024,1,Vereador,São Luís,RES PRIMAVERA(COHATRAC)-ZONA URBANA,76,377,UEB PRIMAVERA FUNDAMENTAL,TOTAL VOTOS NOMINAIS - VEREADOR,267,330,,-2.5395514,-44.1984019,TSE - Votacao por secao 2024 MA e Eleitorado local votacao 2024
2024,1,Vereador,São Luís,RES PRIMAVERA(COHATRAC)-ZONA URBANA,76,378,UEB PRIMAVERA FUNDAMENTAL,TOTAL VOTOS NOMINAIS - VEREADOR,258,325,,-2.5395514,-44.1984019,TSE - Votacao por secao 2024 MA e Eleitorado local votacao 2024
2024,1,Vereador,São Luís,RES PRIMAVERA(COHATRAC)-ZONA URBANA,76,379,UEB PRIMAVERA FUNDAMENTAL,TOTAL VOTOS NOMINAIS - VEREADOR,265,328,,-2.5395514,-44.1984019,TSE - Votacao por secao 2024 MA e Eleitorado local votacao 2024
2024,1,Vereador,São Luís,RES PRIMAVERA(COHATRAC)-ZONA URBANA,76,380,UEB PRIMAVERA FUNDAMENTAL,TOTAL VOTOS NOMINAIS - VEREADOR,258,330,,-2.5395514,-44.1984019,TSE - Votacao por secao 2024 MA e Eleitorado local votacao 2024
2024,1,Vereador,São Luís,RES PRIMAVERA(COHATRAC)-ZONA URBANA,76,381,UEB PRIMAVERA FUNDAMENTAL,TOTAL VOTOS NOMINAIS - VEREADOR,255,327,,-2.5395514,-44.1984019,TSE - Votacao por secao 2024 MA e Eleitorado local votacao 2024
2024,1,Vereador,São Luís,RES PRIMAVERA(COHATRAC)-ZONA URBANA,76,382,UEB PRIMAVERA FUNDAMENTAL,TOTAL VOTOS NOMINAIS - VEREADOR,258,326,,-2.5395514,-44.1984019,TSE - Votacao por secao 2024 MA e Eleitorado local votacao 2024
2024,1,Vereador,São Luís,RES PRIMAVERA(COHATRAC)-ZONA URBANA,76,383,UEB PRIMAVERA FUNDAMENTAL,TOTAL VOTOS NOMINAIS - VEREADOR,253,328,,-2.5395514,-44.1984019,TSE - Votacao por secao 2024 MA e Eleitorado local votacao 2024
2024,1,Vereador,São Luís,RES PRIMAVERA(COHATRAC)-ZONA URBANA,76,384,UEB PRIMAVERA FUNDAMENTAL,TOTAL VOTOS NOMINAIS - VEREADOR,244,328,,-2.5395514,-44.1984019,TSE - Votacao por secao 2024 MA e Eleitorado local votacao 2024
2024,1,Vereador,São Luís,RES PRIMAVERA(COHATRAC)-ZONA URBANA,76,385,UEB PRIMAVERA FUNDAMENTAL,TOTAL VOTOS NOMINAIS - VEREADOR,259,331,,-2.5395514,-44.1984019,TSE - Votacao por secao 2024 MA e Eleitorado local votacao 2024
2024,1,Vereador,São Luís,RES PRIMAVERA(COHATRAC)-ZONA URBANA,76,386,UEB PRIMAVERA FUNDAMENTAL,TOTAL VOTOS NOMINAIS - VEREADOR,245,328,,-2.5395514,-44.1984019,TSE - Votacao por secao 2024 MA e Eleitorado local votacao 2024
2024,1,Vereador,São Luís,RES PRIMAVERA(COHATRAC)-ZONA URBANA,76,387,UEB PRIMAVERA FUNDAMENTAL,TOTAL VOTOS NOMINAIS - VEREADOR,267,326,,-2.5395514,-44.1984019,TSE - Votacao por secao 2024 MA e Eleitorado local votacao 2024
2024,1,Vereador,São Luís,RES PRIMAVERA(COHATRAC)-ZONA URBANA,76,388,UEB PRIMAVERA FUNDAMENTAL,TOTAL VOTOS NOMINAIS - VEREADOR,253,326,,-2.5395514,-44.1984019,TSE - Votacao por secao 2024 MA e Eleitorado local votacao 2024
2024,1,Vereador,São Luís,RES PRIMAVERA(COHATRAC)-ZONA URBANA,76,389,UEB PRIMAVERA FUNDAMENTAL,TOTAL VOTOS NOMINAIS - VEREADOR,253,329,,-2.5395514,-44.1984019,TSE - Votacao por secao 2024 MA e Eleitorado local votacao 2024
2024,1,Vereador,São Luís,HABITACIONAL TURU - ZONA URBANA,76,390,CENTRO DE ENSINO MEDIO PAULO FREIRE,TOTAL VOTOS NOMINAIS - VEREADOR,289,366,,-2.5019957,-44.2234349,TSE - Votacao por secao 2024 MA e Eleitorado local votacao 2024
2024,1,Vereador,São Luís,HABITACIONAL TURU - ZONA URBANA,76,391,CENTRO DE ENSINO MEDIO PAULO FREIRE,TOTAL VOTOS NOMINAIS - VEREADOR,270,360,,-2.5019957,-44.2234349,TSE - Votacao por secao 2024 MA e Eleitorado local votacao 2024
2024,1,Vereador,São Luís,HABITACIONAL TURU - ZONA URBANA,76,392,CENTRO DE ENSINO MEDIO PAULO FREIRE,TOTAL VOTOS NOMINAIS - VEREADOR,252,349,,-2.5019957,-44.2234349,TSE - Votacao por secao 2024 MA e Eleitorado local votacao 2024
2024,1,Vereador,São Luís,HABITACIONAL TURU - ZONA URBANA,76,393,CENTRO DE ENSINO MEDIO PAULO FREIRE,TOTAL VOTOS NOMINAIS - VEREADOR,257,364,,-2.5019957,-44.2234349,TSE - Votacao por secao 2024 MA e Eleitorado local votacao 2024
2024,1,Vereador,São Luís,HABITACIONAL TURU - ZONA URBANA,76,394,CENTRO DE ENSINO MEDIO PAULO FREIRE,TOTAL VOTOS NOMINAIS - VEREADOR,280,355,,-2.5019957,-44.2234349,TSE - Votacao por secao 2024 MA e Eleitorado local votacao 2024
2024,1,Vereador,São Luís,HABITACIONAL TURU - ZONA URBANA,76,395,CENTRO DE ENSINO MEDIO PAULO FREIRE,TOTAL VOTOS NOMINAIS - VEREADOR,266,357,,-2.5019957,-44.2234349,TSE - Votacao por secao 2024 MA e Eleitorado local votacao 2024
2024,1,Vereador,São Luís,COHATRAC - ZONA URBANA,76,396,CENTRO EDUCA MAIS PROF MARIA PINHO,TOTAL VOTOS NOMINAIS - VEREADOR,270,358,,-2.5412279,-44.2067522,TSE - Votacao por secao 2024 MA e Eleitorado local votacao 2024
2024,1,Vereador,São Luís,COHATRAC - ZONA URBANA,76,397,CENTRO EDUCA MAIS PROF MARIA PINHO,TOTAL VOTOS NOMINAIS - VEREADOR,260,361,,-2.5412279,-44.2067522,TSE - Votacao por secao 2024 MA e Eleitorado local votacao 2024
2024,1,Vereador,São Luís,COHATRAC - ZONA URBANA,76,398,CENTRO EDUCA MAIS PROF MARIA PINHO,TOTAL VOTOS NOMINAIS - VEREADOR,284,356,,-2.5412279,-44.2067522,TSE - Votacao por secao 2024 MA e Eleitorado local votacao 2024
2024,1,Vereador,São Luís,COHATRAC - ZONA URBANA,76,399,CENTRO EDUCA MAIS PROF MARIA PINHO,TOTAL VOTOS NOMINAIS - VEREADOR,285,359,,-2.5412279,-44.2067522,TSE - Votacao por secao 2024 MA e Eleitorado local votacao 2024
2024,1,Vereador,São Luís,COHATRAC - ZONA URBANA,76,400,CENTRO EDUCA MAIS PROF MARIA PINHO,TOTAL VOTOS NOMINAIS - VEREADOR,282,363,,-2.5412279,-44.2067522,TSE - Votacao por secao 2024 MA e Eleitorado local votacao 2024
2024,1,Vereador,São Luís,COHATRAC - ZONA URBANA,76,401,CENTRO EDUCA MAIS PROF MARIA PINHO,TOTAL VOTOS NOMINAIS - VEREADOR,272,358,,-2.5412279,-44.2067522,TSE - Votacao por secao 2024 MA e Eleitorado local votacao 2024
2024,1,Vereador,São Luís,COHATRAC - ZONA URBANA,76,402,CENTRO EDUCA MAIS PROF MARIA PINHO,TOTAL VOTOS NOMINAIS - VEREADOR,293,362,,-2.5412279,-44.2067522,TSE - Votacao por secao 2024 MA e Eleitorado local votacao 2024
2024,1,Vereador,São Luís,COHATRAC - ZONA URBANA,76,403,CENTRO EDUCA MAIS PROF MARIA PINHO,TOTAL VOTOS NOMINAIS - VEREADOR,283,359,,-2.5412279,-44.2067522,TSE - Votacao por secao 2024 MA e Eleitorado local votacao 2024
2024,1,Vereador,São Luís,COHATRAC - ZONA URBANA,76,404,CENTRO EDUCA MAIS PROF MARIA PINHO,TOTAL VOTOS NOMINAIS - VEREADOR,280,356,,-2.5412279,-44.2067522,TSE - Votacao por secao 2024 MA e Eleitorado local votacao 2024
2024,1,Vereador,São Luís,COHATRAC - ZONA URBANA,76,405,CENTRO EDUCA MAIS PROF MARIA PINHO,TOTAL VOTOS NOMINAIS - VEREADOR,286,359,,-2.5412279,-44.2067522,TSE - Votacao por secao 2024 MA e Eleitorado local votacao 2024
2024,1,Vereador,São Luís,COHATRAC - ZONA URBANA,76,406,CENTRO EDUCA MAIS PROF MARIA PINHO,TOTAL VOTOS NOMINAIS - VEREADOR,285,356,,-2.5412279,-44.2067522,TSE - Votacao por secao 2024 MA e Eleitorado local votacao 2024
2024,1,Vereador,São Luís,COHAB ANIL IV - ZONA URBANA,76,407,CENTRO EDUCA MAIS ALMIRANTE TAMANDARE,TOTAL VOTOS NOMINAIS - VEREADOR,247,334,,-2.5466386,-44.213553,TSE - Votacao por secao 2024 MA e Eleitorado local votacao 2024
2024,1,Vereador,São Luís,COHAB ANIL IV - ZONA URBANA,76,408,CENTRO EDUCA MAIS ALMIRANTE TAMANDARE,TOTAL VOTOS NOMINAIS - VEREADOR,265,337,,-2.5466386,-44.213553,TSE - Votacao por secao 2024 MA e Eleitorado local votacao 2024
2024,1,Vereador,São Luís,COHAB ANIL IV - ZONA URBANA,76,409,CENTRO EDUCA MAIS ALMIRANTE TAMANDARE,TOTAL VOTOS NOMINAIS - VEREADOR,261,335,,-2.5466386,-44.213553,TSE - Votacao por secao 2024 MA e Eleitorado local votacao 2024
2024,1,Vereador,São Luís,COHAB ANIL IV - ZONA URBANA,76,410,CENTRO EDUCA MAIS ALMIRANTE TAMANDARE,TOTAL VOTOS NOMINAIS - VEREADOR,264,338,,-2.5466386,-44.213553,TSE - Votacao por secao 2024 MA e Eleitorado local votacao 2024
2024,1,Vereador,São Luís,COHAB ANIL IV - ZONA URBANA,76,411,CENTRO EDUCA MAIS ALMIRANTE TAMANDARE,TOTAL VOTOS NOMINAIS - VEREADOR,253,330,,-2.5466386,-44.213553,TSE - Votacao por secao 2024 MA e Eleitorado local votacao 2024
2024,1,Vereador,São Luís,COHAB ANIL IV - ZONA URBANA,76,412,CENTRO EDUCA MAIS ALMIRANTE TAMANDARE,TOTAL VOTOS NOMINAIS - VEREADOR,245,338,,-2.5466386,-44.213553,TSE - Votacao por secao 2024 MA e Eleitorado local votacao 2024
2024,1,Vereador,São Luís,COHAB ANIL IV - ZONA URBANA,76,413,CENTRO EDUCA MAIS ALMIRANTE TAMANDARE,TOTAL VOTOS NOMINAIS - VEREADOR,260,339,,-2.5466386,-44.213553,TSE - Votacao por secao 2024 MA e Eleitorado local votacao 2024
2024,1,Vereador,São Luís,COHAB ANIL IV - ZONA URBANA,76,414,CENTRO EDUCA MAIS ALMIRANTE TAMANDARE,TOTAL VOTOS NOMINAIS - VEREADOR,248,333,,-2.5466386,-44.213553,TSE - Votacao por secao 2024 MA e Eleitorado local votacao 2024
2024,1,Vereador,São Luís,COHAB ANIL IV - ZONA URBANA,76,415,CENTRO EDUCA MAIS ALMIRANTE TAMANDARE,TOTAL VOTOS NOMINAIS - VEREADOR,244,341,,-2.5466386,-44.213553,TSE - Votacao por secao 2024 MA e Eleitorado local votacao 2024
2024,1,Vereador,São Luís,COHAB ANIL IV - ZONA URBANA,76,416,CENTRO EDUCA MAIS ALMIRANTE TAMANDARE,TOTAL VOTOS NOMINAIS - VEREADOR,258,334,,-2.5466386,-44.213553,TSE - Votacao por secao 2024 MA e Eleitorado local votacao 2024
2024,1,Vereador,São Luís,COHAB ANIL IV - ZONA URBANA,76,417,CENTRO EDUCA MAIS ALMIRANTE TAMANDARE,TOTAL VOTOS NOMINAIS - VEREADOR,248,332,,-2.5466386,-44.213553,TSE - Votacao por secao 2024 MA e Eleitorado local votacao 2024
2024,1,Vereador,São Luís,COHAB ANIL IV - ZONA URBANA,76,418,CENTRO EDUCA MAIS ALMIRANTE TAMANDARE,TOTAL VOTOS NOMINAIS - VEREADOR,252,330,,-2.5466386,-44.213553,TSE - Votacao por secao 2024 MA e Eleitorado local votacao 2024
2024,1,Vereador,São Luís,COHAB ANIL IV - ZONA URBANA,76,419,CENTRO EDUCA MAIS ALMIRANTE TAMANDARE,TOTAL VOTOS NOMINAIS - VEREADOR,263,334,,-2.5466386,-44.213553,TSE - Votacao por secao 2024 MA e Eleitorado local votacao 2024
2024,1,Vereador,São Luís,COHAB ANIL IV - ZONA URBANA,76,420,CENTRO EDUCA MAIS ALMIRANTE TAMANDARE,TOTAL VOTOS NOMINAIS - VEREADOR,274,339,,-2.5466386,-44.213553,TSE - Votacao por secao 2024 MA e Eleitorado local votacao 2024
2024,1,Vereador,São Luís,COHAB ANIL IV - ZONA URBANA,76,421,CENTRO EDUCA MAIS ALMIRANTE TAMANDARE,TOTAL VOTOS NOMINAIS - VEREADOR,260,338,,-2.5466386,-44.213553,TSE - Votacao por secao 2024 MA e Eleitorado local votacao 2024
2024,1,Vereador,São Luís,COHAB ANIL IV - ZONA URBANA,76,422,CENTRO EDUCA MAIS ALMIRANTE TAMANDARE,TOTAL VOTOS NOMINAIS - VEREADOR,260,332,,-2.5466386,-44.213553,TSE - Votacao por secao 2024 MA e Eleitorado local votacao 2024
2024,1,Vereador,São Luís,COHAB ANIL IV - ZONA URBANA,76,423,CENTRO EDUCA MAIS ALMIRANTE TAMANDARE,TOTAL VOTOS NOMINAIS - VEREADOR,257,330,,-2.5466386,-44.213553,TSE - Votacao por secao 2024 MA e Eleitorado local votacao 2024
2024,1,Vereador,São Luís,COHAB ANIL IV - ZONA URBANA,76,424,CENTRO EDUCA MAIS ALMIRANTE TAMANDARE,TOTAL VOTOS NOMINAIS - VEREADOR,254,331,,-2.5466386,-44.213553,TSE - Votacao por secao 2024 MA e Eleitorado local votacao 2024
2024,1,Vereador,São Luís,COHAB ANIL IV - ZONA URBANA,76,425,CENTRO EDUCA MAIS ALMIRANTE TAMANDARE,TOTAL VOTOS NOMINAIS - VEREADOR,252,331,,-2.5466386,-44.213553,TSE - Votacao por secao 2024 MA e Eleitorado local votacao 2024
2024,1,Vereador,São Luís,COHAB ANIL IV - ZONA URBANA,76,426,CENTRO EDUCA MAIS ALMIRANTE TAMANDARE,TOTAL VOTOS NOMINAIS - VEREADOR,253,333,,-2.5466386,-44.213553,TSE - Votacao por secao 2024 MA e Eleitorado local votacao 2024
2024,1,Vereador,São Luís,COHAB ANIL IV - ZONA URBANA,76,427,CENTRO EDUCACIONAL CIDADE DE SAO LUIS,TOTAL VOTOS NOMINAIS - VEREADOR,242,333,,-2.5485458,-44.2153595,TSE - Votacao por secao 2024 MA e Eleitorado local votacao 2024
2024,1,Vereador,São Luís,COHAB ANIL IV - ZONA URBANA,76,428,CENTRO EDUCACIONAL CIDADE DE SAO LUIS,TOTAL VOTOS NOMINAIS - VEREADOR,255,343,,-2.5485458,-44.2153595,TSE - Votacao por secao 2024 MA e Eleitorado local votacao 2024
2024,1,Vereador,São Luís,COHAB ANIL IV - ZONA URBANA,76,429,CENTRO EDUCACIONAL CIDADE DE SAO LUIS,TOTAL VOTOS NOMINAIS - VEREADOR,251,336,,-2.5485458,-44.2153595,TSE - Votacao por secao 2024 MA e Eleitorado local votacao 2024
2024,1,Vereador,São Luís,COHAB ANIL IV - ZONA URBANA,76,430,CENTRO EDUCACIONAL CIDADE DE SAO LUIS,TOTAL VOTOS NOMINAIS - VEREADOR,245,335,,-2.5485458,-44.2153595,TSE - Votacao por secao 2024 MA e Eleitorado local votacao 2024
2024,1,Vereador,São Luís,COHAB ANIL IV - ZONA URBANA,76,431,CENTRO EDUCACIONAL CIDADE DE SAO LUIS,TOTAL VOTOS NOMINAIS - VEREADOR,256,335,,-2.5485458,-44.2153595,TSE - Votacao por secao 2024 MA e Eleitorado local votacao 2024
2024,1,Vereador,São Luís,COHAB ANIL IV - ZONA URBANA,76,432,CENTRO EDUCACIONAL CIDADE DE SAO LUIS,TOTAL VOTOS NOMINAIS - VEREADOR,260,333,,-2.5485458,-44.2153595,TSE - Votacao por secao 2024 MA e Eleitorado local votacao 2024
2024,1,Vereador,São Luís,COHAB ANIL IV - ZONA URBANA,76,433,CENTRO EDUCACIONAL CIDADE DE SAO LUIS,TOTAL VOTOS NOMINAIS - VEREADOR,258,335,,-2.5485458,-44.2153595,TSE - Votacao por secao 2024 MA e Eleitorado local votacao 2024
2024,1,Vereador,São Luís,COHAB ANIL IV - ZONA URBANA,76,434,CENTRO EDUCACIONAL CIDADE DE SAO LUIS,TOTAL VOTOS NOMINAIS - VEREADOR,252,338,,-2.5485458,-44.2153595,TSE - Votacao por secao 2024 MA e Eleitorado local votacao 2024
2024,1,Vereador,São Luís,COHAB ANIL IV - ZONA URBANA,76,435,CENTRO EDUCACIONAL CIDADE DE SAO LUIS,TOTAL VOTOS NOMINAIS - VEREADOR,257,339,,-2.5485458,-44.2153595,TSE - Votacao por secao 2024 MA e Eleitorado local votacao 2024
2024,1,Vereador,São Luís,COHAB ANIL IV - ZONA URBANA,76,436,CENTRO EDUCACIONAL CIDADE DE SAO LUIS,TOTAL VOTOS NOMINAIS - VEREADOR,254,333,,-2.5485458,-44.2153595,TSE - Votacao por secao 2024 MA e Eleitorado local votacao 2024
2024,1,Vereador,São Luís,COHAB ANIL IV - ZONA URBANA,76,437,CENTRO EDUCACIONAL CIDADE DE SAO LUIS,TOTAL VOTOS NOMINAIS - VEREADOR,260,335,,-2.5485458,-44.2153595,TSE - Votacao por secao 2024 MA e Eleitorado local votacao 2024
2024,1,Vereador,São Luís,COHAB ANIL IV - ZONA URBANA,76,438,CENTRO EDUCACIONAL CIDADE DE SAO LUIS,TOTAL VOTOS NOMINAIS - VEREADOR,255,335,,-2.5485458,-44.2153595,TSE - Votacao por secao 2024 MA e Eleitorado local votacao 2024
2024,1,Vereador,São Luís,COHAB ANIL IV - ZONA URBANA,76,439,CENTRO EDUCACIONAL CIDADE DE SAO LUIS,TOTAL VOTOS NOMINAIS - VEREADOR,255,335,,-2.5485458,-44.2153595,TSE - Votacao por secao 2024 MA e Eleitorado local votacao 2024
2024,1,Vereador,São Luís,COHAB ANIL IV - ZONA URBANA,76,440,CENTRO EDUCACIONAL CIDADE DE SAO LUIS,TOTAL VOTOS NOMINAIS - VEREADOR,251,330,,-2.5485458,-44.2153595,TSE - Votacao por secao 2024 MA e Eleitorado local votacao 2024
2024,1,Vereador,São Luís,COHAB ANIL IV - ZONA URBANA,76,441,CENTRO EDUCACIONAL CIDADE DE SAO LUIS,TOTAL VOTOS NOMINAIS - VEREADOR,251,332,,-2.5485458,-44.2153595,TSE - Votacao por secao 2024 MA e Eleitorado local votacao 2024
2024,1,Vereador,São Luís,COHAB ANIL IV - ZONA URBANA,76,442,CENTRO EDUCACIONAL CIDADE DE SAO LUIS,TOTAL VOTOS NOMINAIS - VEREADOR,247,333,,-2.5485458,-44.2153595,TSE - Votacao por secao 2024 MA e Eleitorado local votacao 2024
2024,1,Vereador,São Luís,COHAB ANIL IV - ZONA URBANA,76,443,CENTRO EDUCACIONAL CIDADE DE SAO LUIS,TOTAL VOTOS NOMINAIS - VEREADOR,255,329,,-2.5485458,-44.2153595,TSE - Votacao por secao 2024 MA e Eleitorado local votacao 2024
2024,1,Vereador,São Luís,COHAB ANIL IV - ZONA URBANA,76,444,CENTRO EDUCACIONAL CIDADE DE SAO LUIS,TOTAL VOTOS NOMINAIS - VEREADOR,258,341,,-2.5485458,-44.2153595,TSE - Votacao por secao 2024 MA e Eleitorado local votacao 2024
2024,1,Vereador,São Luís,TURU,76,445,CEM COELHO NETO,TOTAL VOTOS NOMINAIS - VEREADOR,227,327,,-2.5158197,-44.2217967,TSE - Votacao por secao 2024 MA e Eleitorado local votacao 2024
2024,1,Vereador,São Luís,TURU,76,446,CEM COELHO NETO,TOTAL VOTOS NOMINAIS - VEREADOR,234,321,,-2.5158197,-44.2217967,TSE - Votacao por secao 2024 MA e Eleitorado local votacao 2024
2024,1,Vereador,São Luís,TURU,76,447,CEM COELHO NETO,TOTAL VOTOS NOMINAIS - VEREADOR,254,337,,-2.5158197,-44.2217967,TSE - Votacao por secao 2024 MA e Eleitorado local votacao 2024
2024,1,Vereador,São Luís,TURU,76,448,CEM COELHO NETO,TOTAL VOTOS NOMINAIS - VEREADOR,245,326,,-2.5158197,-44.2217967,TSE - Votacao por secao 2024 MA e Eleitorado local votacao 2024
2024,1,Vereador,São Luís,TURU,76,449,CEM COELHO NETO,TOTAL VOTOS NOMINAIS - VEREADOR,242,326,,-2.5158197,-44.2217967,TSE - Votacao por secao 2024 MA e Eleitorado local votacao 2024
2024,1,Vereador,São Luís,TURU,76,450,CEM COELHO NETO,TOTAL VOTOS NOMINAIS - VEREADOR,263,338,,-2.5158197,-44.2217967,TSE - Votacao por secao 2024 MA e Eleitorado local votacao 2024
2024,1,Vereador,São Luís,TURU,76,451,CEM COELHO NETO,TOTAL VOTOS NOMINAIS - VEREADOR,252,330,,-2.5158197,-44.2217967,TSE - Votacao por secao 2024 MA e Eleitorado local votacao 2024
2024,1,Vereador,São Luís,TURU,76,452,CEM COELHO NETO,TOTAL VOTOS NOMINAIS - VEREADOR,239,314,,-2.5158197,-44.2217967,TSE - Votacao por secao 2024 MA e Eleitorado local votacao 2024
2024,1,Vereador,São Luís,TURU,76,453,CEM COELHO NETO,TOTAL VOTOS NOMINAIS - VEREADOR,214,324,,-2.5158197,-44.2217967,TSE - Votacao por secao 2024 MA e Eleitorado local votacao 2024
2024,1,Vereador,São Luís,TURU,76,454,CEM COELHO NETO,TOTAL VOTOS NOMINAIS - VEREADOR,216,336,,-2.5158197,-44.2217967,TSE - Votacao por secao 2024 MA e Eleitorado local votacao 2024
2024,1,Vereador,São Luís,TURU,76,455,CEM COELHO NETO,TOTAL VOTOS NOMINAIS - VEREADOR,232,329,,-2.5158197,-44.2217967,TSE - Votacao por secao 2024 MA e Eleitorado local votacao 2024
2024,1,Vereador,São Luís,TURU,76,456,CEM COELHO NETO,TOTAL VOTOS NOMINAIS - VEREADOR,221,313,,-2.5158197,-44.2217967,TSE - Votacao por secao 2024 MA e Eleitorado local votacao 2024
2024,1,Vereador,São Luís,COHATRAC III - ZONA URBANA,76,457,COMPLEXO EDUCACIONAL PROFESSOR BARJONAS LOBAO,TOTAL VOTOS NOMINAIS - VEREADOR,282,375,,-2.5364334,-44.1995667,TSE - Votacao por secao 2024 MA e Eleitorado local votacao 2024
2024,1,Vereador,São Luís,COHATRAC III - ZONA URBANA,76,458,COMPLEXO EDUCACIONAL PROFESSOR BARJONAS LOBAO,TOTAL VOTOS NOMINAIS - VEREADOR,293,374,,-2.5364334,-44.1995667,TSE - Votacao por secao 2024 MA e Eleitorado local votacao 2024
2024,1,Vereador,São Luís,COHATRAC III - ZONA URBANA,76,459,COMPLEXO EDUCACIONAL PROFESSOR BARJONAS LOBAO,TOTAL VOTOS NOMINAIS - VEREADOR,286,376,,-2.5364334,-44.1995667,TSE - Votacao por secao 2024 MA e Eleitorado local votacao 2024
2024,1,Vereador,São Luís,COHATRAC III - ZONA URBANA,76,460,COMPLEXO EDUCACIONAL PROFESSOR BARJONAS LOBAO,TOTAL VOTOS NOMINAIS - VEREADOR,259,370,,-2.5364334,-44.1995667,TSE - Votacao por secao 2024 MA e Eleitorado local votacao 2024
2024,1,Vereador,São Luís,COHATRAC III - ZONA URBANA,76,461,COMPLEXO EDUCACIONAL PROFESSOR BARJONAS LOBAO,TOTAL VOTOS NOMINAIS - VEREADOR,275,377,,-2.5364334,-44.1995667,TSE - Votacao por secao 2024 MA e Eleitorado local votacao 2024
2024,1,Vereador,São Luís,COHATRAC III - ZONA URBANA,76,462,COMPLEXO EDUCACIONAL PROFESSOR BARJONAS LOBAO,TOTAL VOTOS NOMINAIS - VEREADOR,293,378,,-2.5364334,-44.1995667,TSE - Votacao por secao 2024 MA e Eleitorado local votacao 2024
2024,1,Vereador,São Luís,COHATRAC III - ZONA URBANA,76,463,COMPLEXO EDUCACIONAL PROFESSOR BARJONAS LOBAO,TOTAL VOTOS NOMINAIS - VEREADOR,287,374,,-2.5364334,-44.1995667,TSE - Votacao por secao 2024 MA e Eleitorado local votacao 2024
2024,1,Vereador,São Luís,COHATRAC III - ZONA URBANA,76,464,COMPLEXO EDUCACIONAL PROFESSOR BARJONAS LOBAO,TOTAL VOTOS NOMINAIS - VEREADOR,233,375,,-2.5364334,-44.1995667,TSE - Votacao por secao 2024 MA e Eleitorado local votacao 2024
2024,1,Vereador,São Luís,COHATRAC III - ZONA URBANA,76,465,COMPLEXO EDUCACIONAL PROFESSOR BARJONAS LOBAO,TOTAL VOTOS NOMINAIS - VEREADOR,286,374,,-2.5364334,-44.1995667,TSE - Votacao por secao 2024 MA e Eleitorado local votacao 2024
2024,1,Vereador,São Luís,COHATRAC III - ZONA URBANA,76,466,COMPLEXO EDUCACIONAL PROFESSOR BARJONAS LOBAO,TOTAL VOTOS NOMINAIS - VEREADOR,297,372,,-2.5364334,-44.1995667,TSE - Votacao por secao 2024 MA e Eleitorado local votacao 2024
2024,1,Vereador,São Luís,COHATRAC III - ZONA URBANA,76,467,COMPLEXO EDUCACIONAL PROFESSOR BARJONAS LOBAO,TOTAL VOTOS NOMINAIS - VEREADOR,283,375,,-2.5364334,-44.1995667,TSE - Votacao por secao 2024 MA e Eleitorado local votacao 2024
2024,1,Vereador,São Luís,COHATRAC III - ZONA URBANA,76,468,COMPLEXO EDUCACIONAL PROFESSOR BARJONAS LOBAO,TOTAL VOTOS NOMINAIS - VEREADOR,289,373,,-2.5364334,-44.1995667,TSE - Votacao por secao 2024 MA e Eleitorado local votacao 2024
2024,1,Vereador,São Luís,COHATRAC III - ZONA URBANA,76,469,COMPLEXO EDUCACIONAL PROFESSOR BARJONAS LOBAO,TOTAL VOTOS NOMINAIS - VEREADOR,285,372,,-2.5364334,-44.1995667,TSE - Votacao por secao 2024 MA e Eleitorado local votacao 2024
2024,1,Vereador,São Luís,COHATRAC III - ZONA URBANA,76,470,COMPLEXO EDUCACIONAL PROFESSOR BARJONAS LOBAO,TOTAL VOTOS NOMINAIS - VEREADOR,293,377,,-2.5364334,-44.1995667,TSE - Votacao por secao 2024 MA e Eleitorado local votacao 2024
2024,1,Vereador,São Luís,COHATRAC III - ZONA URBANA,76,471,COMPLEXO EDUCACIONAL PROFESSOR BARJONAS LOBAO,TOTAL VOTOS NOMINAIS - VEREADOR,290,372,,-2.5364334,-44.1995667,TSE - Votacao por secao 2024 MA e Eleitorado local votacao 2024
2024,1,Vereador,São Luís,COHATRAC III - ZONA URBANA,76,472,COMPLEXO EDUCACIONAL PROFESSOR BARJONAS LOBAO,TOTAL VOTOS NOMINAIS - VEREADOR,271,374,,-2.5364334,-44.1995667,TSE - Votacao por secao 2024 MA e Eleitorado local votacao 2024
2024,1,Vereador,São Luís,COHATRAC III - ZONA URBANA,76,473,COMPLEXO EDUCACIONAL PROFESSOR BARJONAS LOBAO,TOTAL VOTOS NOMINAIS - VEREADOR,274,372,,-2.5364334,-44.1995667,TSE - Votacao por secao 2024 MA e Eleitorado local votacao 2024
2024,1,Vereador,São Luís,COHATRAC III - ZONA URBANA,76,474,COMPLEXO EDUCACIONAL PROFESSOR BARJONAS LOBAO,TOTAL VOTOS NOMINAIS - VEREADOR,284,374,,-2.5364334,-44.1995667,TSE - Votacao por secao 2024 MA e Eleitorado local votacao 2024
2024,1,Vereador,São Luís,COHATRAC III - ZONA URBANA,76,475,COMPLEXO EDUCACIONAL PROFESSOR BARJONAS LOBAO,TOTAL VOTOS NOMINAIS - VEREADOR,281,377,,-2.5364334,-44.1995667,TSE - Votacao por secao 2024 MA e Eleitorado local votacao 2024
2024,1,Vereador,São Luís,COHATRAC III - ZONA URBANA,76,476,COMPLEXO EDUCACIONAL PROFESSOR BARJONAS LOBAO,TOTAL VOTOS NOMINAIS - VEREADOR,270,372,,-2.5364334,-44.1995667,TSE - Votacao por secao 2024 MA e Eleitorado local votacao 2024
2024,1,Vereador,São Luís,COHAB ANIL I - ZONA URBANA,76,477,CENTRO EDUCA MAIS JULIO DE MESQUITA FILHO,TOTAL VOTOS NOMINAIS - VEREADOR,254,328,,-2.5359974,-44.2211593,TSE - Votacao por secao 2024 MA e Eleitorado local votacao 2024
2024,1,Vereador,São Luís,COHAB ANIL I - ZONA URBANA,76,478,CENTRO EDUCA MAIS JULIO DE MESQUITA FILHO,TOTAL VOTOS NOMINAIS - VEREADOR,252,324,,-2.5359974,-44.2211593,TSE - Votacao por secao 2024 MA e Eleitorado local votacao 2024
2024,1,Vereador,São Luís,COHAB ANIL I - ZONA URBANA,76,479,CENTRO EDUCA MAIS JULIO DE MESQUITA FILHO,TOTAL VOTOS NOMINAIS - VEREADOR,252,324,,-2.5359974,-44.2211593,TSE - Votacao por secao 2024 MA e Eleitorado local votacao 2024
2024,1,Vereador,São Luís,COHAB ANIL I - ZONA URBANA,76,480,CENTRO EDUCA MAIS JULIO DE MESQUITA FILHO,TOTAL VOTOS NOMINAIS - VEREADOR,256,327,,-2.5359974,-44.2211593,TSE - Votacao por secao 2024 MA e Eleitorado local votacao 2024
2024,1,Vereador,São Luís,COHAB ANIL I - ZONA URBANA,76,481,CENTRO EDUCA MAIS JULIO DE MESQUITA FILHO,TOTAL VOTOS NOMINAIS - VEREADOR,228,326,,-2.5359974,-44.2211593,TSE - Votacao por secao 2024 MA e Eleitorado local votacao 2024
2024,1,Vereador,São Luís,COHAB ANIL I - ZONA URBANA,76,482,CENTRO EDUCA MAIS JULIO DE MESQUITA FILHO,TOTAL VOTOS NOMINAIS - VEREADOR,243,330,,-2.5359974,-44.2211593,TSE - Votacao por secao 2024 MA e Eleitorado local votacao 2024
2024,1,Vereador,São Luís,COHAB ANIL I - ZONA URBANA,76,483,CENTRO EDUCA MAIS JULIO DE MESQUITA FILHO,TOTAL VOTOS NOMINAIS - VEREADOR,238,326,,-2.5359974,-44.2211593,TSE - Votacao por secao 2024 MA e Eleitorado local votacao 2024
2024,1,Vereador,São Luís,DIVINEIA - ZONA URBANA,76,484,UEB PROFESSOR RONALD DA SILVA CARVALHO,TOTAL VOTOS NOMINAIS - VEREADOR,287,365,,-2.4990403,-44.2192461,TSE - Votacao por secao 2024 MA e Eleitorado local votacao 2024
2024,1,Vereador,São Luís,DIVINEIA - ZONA URBANA,76,485,UEB PROFESSOR RONALD DA SILVA CARVALHO,TOTAL VOTOS NOMINAIS - VEREADOR,301,370,,-2.4990403,-44.2192461,TSE - Votacao por secao 2024 MA e Eleitorado local votacao 2024
2024,1,Vereador,São Luís,DIVINEIA - ZONA URBANA,76,486,UEB PROFESSOR RONALD DA SILVA CARVALHO,TOTAL VOTOS NOMINAIS - VEREADOR,299,370,,-2.4990403,-44.2192461,TSE - Votacao por secao 2024 MA e Eleitorado local votacao 2024
2024,1,Vereador,São Luís,DIVINEIA - ZONA URBANA,76,487,UEB PROFESSOR RONALD DA SILVA CARVALHO,TOTAL VOTOS NOMINAIS - VEREADOR,302,365,,-2.4990403,-44.2192461,TSE - Votacao por secao 2024 MA e Eleitorado local votacao 2024
2024,1,Vereador,São Luís,DIVINEIA - ZONA URBANA,76,488,UEB PROFESSOR RONALD DA SILVA CARVALHO,TOTAL VOTOS NOMINAIS - VEREADOR,289,358,,-2.4990403,-44.2192461,TSE - Votacao por secao 2024 MA e Eleitorado local votacao 2024
2024,1,Vereador,São Luís,DIVINEIA - ZONA URBANA,76,489,UEB PROFESSOR RONALD DA SILVA CARVALHO,TOTAL VOTOS NOMINAIS - VEREADOR,278,370,,-2.4990403,-44.2192461,TSE - Votacao por secao 2024 MA e Eleitorado local votacao 2024
2024,1,Vereador,São Luís,DIVINEIA - ZONA URBANA,76,490,UEB PROFESSOR RONALD DA SILVA CARVALHO,TOTAL VOTOS NOMINAIS - VEREADOR,272,358,,-2.4990403,-44.2192461,TSE - Votacao por secao 2024 MA e Eleitorado local votacao 2024
2024,1,Vereador,São Luís,DIVINEIA - ZONA URBANA,76,491,UEB PROFESSOR RONALD DA SILVA CARVALHO,TOTAL VOTOS NOMINAIS - VEREADOR,292,376,,-2.4990403,-44.2192461,TSE - Votacao por secao 2024 MA e Eleitorado local votacao 2024
2024,1,Vereador,São Luís,DIVINEIA - ZONA URBANA,76,492,UEB PROFESSOR RONALD DA SILVA CARVALHO,TOTAL VOTOS NOMINAIS - VEREADOR,273,373,,-2.4990403,-44.2192461,TSE - Votacao por secao 2024 MA e Eleitorado local votacao 2024
2024,1,Vereador,São Luís,COHATRAC II - ZONA URBANA,76,493,COLEGIO BOM PASTOR,TOTAL VOTOS NOMINAIS - VEREADOR,254,337,,-2.5371363,-44.2057252,TSE - Votacao por secao 2024 MA e Eleitorado local votacao 2024
2024,1,Vereador,São Luís,COHATRAC II - ZONA URBANA,76,494,COLEGIO BOM PASTOR,TOTAL VOTOS NOMINAIS - VEREADOR,266,353,,-2.5371363,-44.2057252,TSE - Votacao por secao 2024 MA e Eleitorado local votacao 2024
2024,1,Vereador,São Luís,COHATRAC II - ZONA URBANA,76,495,COLEGIO BOM PASTOR,TOTAL VOTOS NOMINAIS - VEREADOR,282,361,,-2.5371363,-44.2057252,TSE - Votacao por secao 2024 MA e Eleitorado local votacao 2024
2024,1,Vereador,São Luís,COHATRAC II - ZONA URBANA,76,496,COLEGIO BOM PASTOR,TOTAL VOTOS NOMINAIS - VEREADOR,256,336,,-2.5371363,-44.2057252,TSE - Votacao por secao 2024 MA e Eleitorado local votacao 2024
2024,1,Vereador,São Luís,COHATRAC II - ZONA URBANA,76,497,COLEGIO BOM PASTOR,TOTAL VOTOS NOMINAIS - VEREADOR,253,349,,-2.5371363,-44.2057252,TSE - Votacao por secao 2024 MA e Eleitorado local votacao 2024
2024,1,Vereador,São Luís,FORQUILHA - ZONA URBANA,76,498,CE ESTADO DO MATO GROSSO,TOTAL VOTOS NOMINAIS - VEREADOR,278,358,,-2.5528882,-44.2152527,TSE - Votacao por secao 2024 MA e Eleitorado local votacao 2024
2024,1,Vereador,São Luís,FORQUILHA - ZONA URBANA,76,499,CE ESTADO DO MATO GROSSO,TOTAL VOTOS NOMINAIS - VEREADOR,285,354,,-2.5528882,-44.2152527,TSE - Votacao por secao 2024 MA e Eleitorado local votacao 2024
2024,1,Vereador,São Luís,FORQUILHA - ZONA URBANA,76,500,CE ESTADO DO MATO GROSSO,TOTAL VOTOS NOMINAIS - VEREADOR,273,360,,-2.5528882,-44.2152527,TSE - Votacao por secao 2024 MA e Eleitorado local votacao 2024
2024,1,Vereador,São Luís,FORQUILHA - ZONA URBANA,76,501,CE ESTADO DO MATO GROSSO,TOTAL VOTOS NOMINAIS - VEREADOR,265,353,,-2.5528882,-44.2152527,TSE - Votacao por secao 2024 MA e Eleitorado local votacao 2024
2024,1,Vereador,São Luís,FORQUILHA - ZONA URBANA,76,502,CE ESTADO DO MATO GROSSO,TOTAL VOTOS NOMINAIS - VEREADOR,285,360,,-2.5528882,-44.2152527,TSE - Votacao por secao 2024 MA e Eleitorado local votacao 2024
2024,1,Vereador,São Luís,FORQUILHA - ZONA URBANA,76,503,CE ESTADO DO MATO GROSSO,TOTAL VOTOS NOMINAIS - VEREADOR,288,355,,-2.5528882,-44.2152527,TSE - Votacao por secao 2024 MA e Eleitorado local votacao 2024
2024,1,Vereador,São Luís,FORQUILHA - ZONA URBANA,76,504,CE ESTADO DO MATO GROSSO,TOTAL VOTOS NOMINAIS - VEREADOR,282,357,,-2.5528882,-44.2152527,TSE - Votacao por secao 2024 MA e Eleitorado local votacao 2024
2024,1,Vereador,São Luís,FORQUILHA - ZONA URBANA,76,505,CE ESTADO DO MATO GROSSO,TOTAL VOTOS NOMINAIS - VEREADOR,277,355,,-2.5528882,-44.2152527,TSE - Votacao por secao 2024 MA e Eleitorado local votacao 2024
2024,1,Vereador,São Luís,VILA LUIZAO - ZONA URBANA,76,506,UNIDADE ESCOLAR GOVERNADOR LEONEL BRIZOLA,TOTAL VOTOS NOMINAIS - VEREADOR,275,350,,-2.4952399,-44.2098591,TSE - Votacao por secao 2024 MA e Eleitorado local votacao 2024
2024,1,Vereador,São Luís,VILA LUIZAO - ZONA URBANA,76,507,UNIDADE ESCOLAR GOVERNADOR LEONEL BRIZOLA,TOTAL VOTOS NOMINAIS - VEREADOR,288,356,,-2.4952399,-44.2098591,TSE - Votacao por secao 2024 MA e Eleitorado local votacao 2024
2024,1,Vereador,São Luís,VILA LUIZAO - ZONA URBANA,76,508,UNIDADE ESCOLAR GOVERNADOR LEONEL BRIZOLA,TOTAL VOTOS NOMINAIS - VEREADOR,259,351,,-2.4952399,-44.2098591,TSE - Votacao por secao 2024 MA e Eleitorado local votacao 2024
2024,1,Vereador,São Luís,VILA LUIZAO - ZONA URBANA,76,509,UNIDADE ESCOLAR GOVERNADOR LEONEL BRIZOLA,TOTAL VOTOS NOMINAIS - VEREADOR,261,357,,-2.4952399,-44.2098591,TSE - Votacao por secao 2024 MA e Eleitorado local votacao 2024
2024,1,Vereador,São Luís,VILA LUIZAO - ZONA URBANA,76,510,UNIDADE ESCOLAR GOVERNADOR LEONEL BRIZOLA,TOTAL VOTOS NOMINAIS - VEREADOR,272,353,,-2.4952399,-44.2098591,TSE - Votacao por secao 2024 MA e Eleitorado local votacao 2024
2024,1,Vereador,São Luís,VILA LUIZAO - ZONA URBANA,76,511,UNIDADE ESCOLAR GOVERNADOR LEONEL BRIZOLA,TOTAL VOTOS NOMINAIS - VEREADOR,274,362,,-2.4952399,-44.2098591,TSE - Votacao por secao 2024 MA e Eleitorado local votacao 2024
2024,1,Vereador,São Luís,VILA LUIZAO - ZONA URBANA,76,512,UNIDADE ESCOLAR GOVERNADOR LEONEL BRIZOLA,TOTAL VOTOS NOMINAIS - VEREADOR,279,363,,-2.4952399,-44.2098591,TSE - Votacao por secao 2024 MA e Eleitorado local votacao 2024
2024,1,Vereador,São Luís,VILA LUIZAO - ZONA URBANA,76,513,UNIDADE ESCOLAR GOVERNADOR LEONEL BRIZOLA,TOTAL VOTOS NOMINAIS - VEREADOR,274,358,,-2.4952399,-44.2098591,TSE - Votacao por secao 2024 MA e Eleitorado local votacao 2024
2024,1,Vereador,São Luís,SOL E MAR - ZONA URBANA,76,514,UE EMESIO DARIO DE ARAUJO,TOTAL VOTOS NOMINAIS - VEREADOR,300,380,,-2.4883039,-44.2160889,TSE - Votacao por secao 2024 MA e Eleitorado local votacao 2024
2024,1,Vereador,São Luís,SOL E MAR - ZONA URBANA,76,515,UE EMESIO DARIO DE ARAUJO,TOTAL VOTOS NOMINAIS - VEREADOR,287,382,,-2.4883039,-44.2160889,TSE - Votacao por secao 2024 MA e Eleitorado local votacao 2024
2024,1,Vereador,São Luís,SOL E MAR - ZONA URBANA,76,516,UE EMESIO DARIO DE ARAUJO,TOTAL VOTOS NOMINAIS - VEREADOR,281,380,,-2.4883039,-44.2160889,TSE - Votacao por secao 2024 MA e Eleitorado local votacao 2024
2024,1,Vereador,São Luís,SOL E MAR - ZONA URBANA,76,517,UE EMESIO DARIO DE ARAUJO,TOTAL VOTOS NOMINAIS - VEREADOR,303,384,,-2.4883039,-44.2160889,TSE - Votacao por secao 2024 MA e Eleitorado local votacao 2024
2024,1,Vereador,São Luís,SOL E MAR - ZONA URBANA,76,518,UE EMESIO DARIO DE ARAUJO,TOTAL VOTOS NOMINAIS - VEREADOR,301,378,,-2.4883039,-44.2160889,TSE - Votacao por secao 2024 MA e Eleitorado local votacao 2024
2024,1,Vereador,São Luís,SOL E MAR - ZONA URBANA,76,519,UE EMESIO DARIO DE ARAUJO,TOTAL VOTOS NOMINAIS - VEREADOR,306,381,,-2.4883039,-44.2160889,TSE - Votacao por secao 2024 MA e Eleitorado local votacao 2024
2024,1,Vereador,São Luís,SOL E MAR - ZONA URBANA,76,520,UE EMESIO DARIO DE ARAUJO,TOTAL VOTOS NOMINAIS - VEREADOR,293,375,,-2.4883039,-44.2160889,TSE - Votacao por secao 2024 MA e Eleitorado local votacao 2024
2024,1,Vereador,São Luís,HABITACIONAL TURU - ZONA URBANA,76,521,CE PROFA ESTEFANIA ROSA SILVA (ANTIGO ROSEANA SARNEY),TOTAL VOTOS NOMINAIS - VEREADOR,237,321,,-2.5006379,-44.2232864,TSE - Votacao por secao 2024 MA e Eleitorado local votacao 2024
2024,1,Vereador,São Luís,HABITACIONAL TURU - ZONA URBANA,76,522,CE PROFA ESTEFANIA ROSA SILVA (ANTIGO ROSEANA SARNEY),TOTAL VOTOS NOMINAIS - VEREADOR,236,308,,-2.5006379,-44.2232864,TSE - Votacao por secao 2024 MA e Eleitorado local votacao 2024
2024,1,Vereador,São Luís,HABITACIONAL TURU - ZONA URBANA,76,523,CE PROFA ESTEFANIA ROSA SILVA (ANTIGO ROSEANA SARNEY),TOTAL VOTOS NOMINAIS - VEREADOR,248,314,,-2.5006379,-44.2232864,TSE - Votacao por secao 2024 MA e Eleitorado local votacao 2024
2024,1,Vereador,São Luís,HABITACIONAL TURU - ZONA URBANA,76,524,CE PROFA ESTEFANIA ROSA SILVA (ANTIGO ROSEANA SARNEY),TOTAL VOTOS NOMINAIS - VEREADOR,237,311,,-2.5006379,-44.2232864,TSE - Votacao por secao 2024 MA e Eleitorado local votacao 2024
2024,1,Vereador,São Luís,HABITACIONAL TURU - ZONA URBANA,76,525,CE PROFA ESTEFANIA ROSA SILVA (ANTIGO ROSEANA SARNEY),TOTAL VOTOS NOMINAIS - VEREADOR,227,311,,-2.5006379,-44.2232864,TSE - Votacao por secao 2024 MA e Eleitorado local votacao 2024
2024,1,Vereador,São Luís,HABITACIONAL TURU - ZONA URBANA,76,526,CE PROFA ESTEFANIA ROSA SILVA (ANTIGO ROSEANA SARNEY),TOTAL VOTOS NOMINAIS - VEREADOR,226,312,,-2.5006379,-44.2232864,TSE - Votacao por secao 2024 MA e Eleitorado local votacao 2024
2024,1,Vereador,São Luís,COHATRAC - ZONA URBANA,76,527,UNIDADE INTEGRADA PADRE NEWTON PEREIRA,TOTAL VOTOS NOMINAIS - VEREADOR,225,322,,-2.5388831,-44.2029034,TSE - Votacao por secao 2024 MA e Eleitorado local votacao 2024
2024,1,Vereador,São Luís,COHATRAC - ZONA URBANA,76,528,UNIDADE INTEGRADA PADRE NEWTON PEREIRA,TOTAL VOTOS NOMINAIS - VEREADOR,253,325,,-2.5388831,-44.2029034,TSE - Votacao por secao 2024 MA e Eleitorado local votacao 2024
2024,1,Vereador,São Luís,COHATRAC - ZONA URBANA,76,529,UNIDADE INTEGRADA PADRE NEWTON PEREIRA,TOTAL VOTOS NOMINAIS - VEREADOR,275,337,,-2.5388831,-44.2029034,TSE - Votacao por secao 2024 MA e Eleitorado local votacao 2024
2024,1,Vereador,São Luís,COHATRAC - ZONA URBANA,76,530,UNIDADE INTEGRADA PADRE NEWTON PEREIRA,TOTAL VOTOS NOMINAIS - VEREADOR,242,333,,-2.5388831,-44.2029034,TSE - Votacao por secao 2024 MA e Eleitorado local votacao 2024
2024,1,Vereador,São Luís,COHATRAC - ZONA URBANA,76,531,UNIDADE INTEGRADA PADRE NEWTON PEREIRA,TOTAL VOTOS NOMINAIS - VEREADOR,240,333,,-2.5388831,-44.2029034,TSE - Votacao por secao 2024 MA e Eleitorado local votacao 2024
2024,1,Vereador,São Luís,COHATRAC - ZONA URBANA,76,532,UNIDADE INTEGRADA PADRE NEWTON PEREIRA,TOTAL VOTOS NOMINAIS - VEREADOR,233,322,,-2.5388831,-44.2029034,TSE - Votacao por secao 2024 MA e Eleitorado local votacao 2024
2024,1,Vereador,São Luís,COHATRAC - ZONA URBANA,76,533,UNIDADE INTEGRADA PADRE NEWTON PEREIRA,TOTAL VOTOS NOMINAIS - VEREADOR,260,328,,-2.5388831,-44.2029034,TSE - Votacao por secao 2024 MA e Eleitorado local votacao 2024
2024,1,Vereador,São Luís,COHATRAC - ZONA URBANA,76,534,UNIDADE INTEGRADA PADRE NEWTON PEREIRA,TOTAL VOTOS NOMINAIS - VEREADOR,264,333,,-2.5388831,-44.2029034,TSE - Votacao por secao 2024 MA e Eleitorado local votacao 2024
2024,1,Vereador,São Luís,COHATRAC - ZONA URBANA,76,535,UNIDADE INTEGRADA PADRE NEWTON PEREIRA,TOTAL VOTOS NOMINAIS - VEREADOR,252,325,,-2.5388831,-44.2029034,TSE - Votacao por secao 2024 MA e Eleitorado local votacao 2024
2024,1,Vereador,São Luís,COHATRAC I - ZONA URBANA,76,536,UEB. PRIMAVERA  ANEXO I PADRE NEWTON,TOTAL VOTOS NOMINAIS - VEREADOR,259,318,,-2.5389401,-44.2031663,TSE - Votacao por secao 2024 MA e Eleitorado local votacao 2024
2024,1,Vereador,São Luís,COHATRAC I - ZONA URBANA,76,537,UEB. PRIMAVERA  ANEXO I PADRE NEWTON,TOTAL VOTOS NOMINAIS - VEREADOR,261,339,,-2.5389401,-44.2031663,TSE - Votacao por secao 2024 MA e Eleitorado local votacao 2024
2024,1,Vereador,São Luís,COHATRAC I - ZONA URBANA,76,538,UEB. PRIMAVERA  ANEXO I PADRE NEWTON,TOTAL VOTOS NOMINAIS - VEREADOR,258,330,,-2.5389401,-44.2031663,TSE - Votacao por secao 2024 MA e Eleitorado local votacao 2024
2024,1,Vereador,São Luís,HABITACIONAL TURU - ZONA URBANA,76,539,CE JOAO PAULO II,TOTAL VOTOS NOMINAIS - VEREADOR,309,392,,-2.5014534,-44.224079,TSE - Votacao por secao 2024 MA e Eleitorado local votacao 2024
2024,1,Vereador,São Luís,HABITACIONAL TURU - ZONA URBANA,76,540,CE JOAO PAULO II,TOTAL VOTOS NOMINAIS - VEREADOR,289,394,,-2.5014534,-44.224079,TSE - Votacao por secao 2024 MA e Eleitorado local votacao 2024
2024,1,Vereador,São Luís,HABITACIONAL TURU - ZONA URBANA,76,541,CE JOAO PAULO II,TOTAL VOTOS NOMINAIS - VEREADOR,288,385,,-2.5014534,-44.224079,TSE - Votacao por secao 2024 MA e Eleitorado local votacao 2024
2024,1,Vereador,São Luís,HABITACIONAL TURU - ZONA URBANA,76,542,CE JOAO PAULO II,TOTAL VOTOS NOMINAIS - VEREADOR,299,389,,-2.5014534,-44.224079,TSE - Votacao por secao 2024 MA e Eleitorado local votacao 2024
2024,1,Vereador,São Luís,HABITACIONAL TURU - ZONA URBANA,76,543,CE JOAO PAULO II,TOTAL VOTOS NOMINAIS - VEREADOR,304,391,,-2.5014534,-44.224079,TSE - Votacao por secao 2024 MA e Eleitorado local votacao 2024
2024,1,Vereador,São Luís,HABITACIONAL TURU - ZONA URBANA,76,544,CE JOAO PAULO II,TOTAL VOTOS NOMINAIS - VEREADOR,291,389,,-2.5014534,-44.224079,TSE - Votacao por secao 2024 MA e Eleitorado local votacao 2024
2024,1,Vereador,São Luís,HABITACIONAL TURU - ZONA URBANA,76,545,CE JOAO PAULO II,TOTAL VOTOS NOMINAIS - VEREADOR,296,390,,-2.5014534,-44.224079,TSE - Votacao por secao 2024 MA e Eleitorado local votacao 2024
2024,1,Vereador,São Luís,HABITACIONAL TURU - ZONA URBANA,76,546,CE JOAO PAULO II,TOTAL VOTOS NOMINAIS - VEREADOR,306,390,,-2.5014534,-44.224079,TSE - Votacao por secao 2024 MA e Eleitorado local votacao 2024
2024,1,Vereador,São Luís,HABITACIONAL TURU - ZONA URBANA,76,547,CE JOAO PAULO II,TOTAL VOTOS NOMINAIS - VEREADOR,297,390,,-2.5014534,-44.224079,TSE - Votacao por secao 2024 MA e Eleitorado local votacao 2024
2024,1,Vereador,São Luís,HABITACIONAL TURU - ZONA URBANA,76,548,CE JOAO PAULO II,TOTAL VOTOS NOMINAIS - VEREADOR,309,389,,-2.5014534,-44.224079,TSE - Votacao por secao 2024 MA e Eleitorado local votacao 2024
2024,1,Vereador,São Luís,HABITACIONAL TURU - ZONA URBANA,76,549,CE JOAO PAULO II,TOTAL VOTOS NOMINAIS - VEREADOR,319,392,,-2.5014534,-44.224079,TSE - Votacao por secao 2024 MA e Eleitorado local votacao 2024
2024,1,Vereador,São Luís,HABITACIONAL TURU - ZONA URBANA,76,550,CE JOAO PAULO II,TOTAL VOTOS NOMINAIS - VEREADOR,317,390,,-2.5014534,-44.224079,TSE - Votacao por secao 2024 MA e Eleitorado local votacao 2024
2024,1,Vereador,São Luís,HABITACIONAL TURU - ZONA URBANA,76,551,CE JOAO PAULO II,TOTAL VOTOS NOMINAIS - VEREADOR,307,392,,-2.5014534,-44.224079,TSE - Votacao por secao 2024 MA e Eleitorado local votacao 2024
2024,1,Vereador,São Luís,HABITACIONAL TURU - ZONA URBANA,76,552,CE JOAO PAULO II,TOTAL VOTOS NOMINAIS - VEREADOR,305,392,,-2.5014534,-44.224079,TSE - Votacao por secao 2024 MA e Eleitorado local votacao 2024
2024,1,Vereador,São Luís,TURU,76,553,UNICEUMA - TURU(ANTIGA PITAGORAS - BLOCO A),TOTAL VOTOS NOMINAIS - VEREADOR,267,365,,-2.529747,-44.2258968,TSE - Votacao por secao 2024 MA e Eleitorado local votacao 2024
2024,1,Vereador,São Luís,TURU,76,554,UNICEUMA - TURU(ANTIGA PITAGORAS - BLOCO A),TOTAL VOTOS NOMINAIS - VEREADOR,271,365,,-2.529747,-44.2258968,TSE - Votacao por secao 2024 MA e Eleitorado local votacao 2024
2024,1,Vereador,São Luís,TURU,76,555,UNICEUMA - TURU(ANTIGA PITAGORAS - BLOCO A),TOTAL VOTOS NOMINAIS - VEREADOR,276,363,,-2.529747,-44.2258968,TSE - Votacao por secao 2024 MA e Eleitorado local votacao 2024
2024,1,Vereador,São Luís,TURU,76,556,UNICEUMA - TURU(ANTIGA PITAGORAS - BLOCO A),TOTAL VOTOS NOMINAIS - VEREADOR,276,360,,-2.529747,-44.2258968,TSE - Votacao por secao 2024 MA e Eleitorado local votacao 2024
2024,1,Vereador,São Luís,VILA LUIZAO - ZONA URBANA,76,557,UNIAO MORADORES VILA LUIZAO (ANEXO BRIZOLINHA),TOTAL VOTOS NOMINAIS - VEREADOR,229,292,,-2.4908233,-44.2132075,TSE - Votacao por secao 2024 MA e Eleitorado local votacao 2024
2024,1,Vereador,São Luís,VILA LUIZAO - ZONA URBANA,76,558,UNIAO MORADORES VILA LUIZAO (ANEXO BRIZOLINHA),TOTAL VOTOS NOMINAIS - VEREADOR,242,306,,-2.4908233,-44.2132075,TSE - Votacao por secao 2024 MA e Eleitorado local votacao 2024
2024,1,Vereador,São Luís,VILA LUIZAO - ZONA URBANA,76,559,UNIAO MORADORES VILA LUIZAO (ANEXO BRIZOLINHA),TOTAL VOTOS NOMINAIS - VEREADOR,240,324,,-2.4908233,-44.2132075,TSE - Votacao por secao 2024 MA e Eleitorado local votacao 2024
2024,1,Vereador,São Luís,VILA LUIZAO - ZONA URBANA,76,560,UNIAO MORADORES VILA LUIZAO (ANEXO BRIZOLINHA),TOTAL VOTOS NOMINAIS - VEREADOR,249,306,,-2.4908233,-44.2132075,TSE - Votacao por secao 2024 MA e Eleitorado local votacao 2024
2024,1,Vereador,São Luís,VILA LUIZAO - ZONA URBANA,76,561,UNIAO MORADORES VILA LUIZAO (ANEXO BRIZOLINHA),TOTAL VOTOS NOMINAIS - VEREADOR,239,301,,-2.4908233,-44.2132075,TSE - Votacao por secao 2024 MA e Eleitorado local votacao 2024
2024,1,Vereador,São Luís,DIVINEIA - ZONA URBANA,76,562,COLEGIO EFRAIM,TOTAL VOTOS NOMINAIS - VEREADOR,273,328,,-2.4906644,-44.2170036,TSE - Votacao por secao 2024 MA e Eleitorado local votacao 2024
2024,1,Vereador,São Luís,DIVINEIA - ZONA URBANA,76,563,COLEGIO EFRAIM,TOTAL VOTOS NOMINAIS - VEREADOR,251,320,,-2.4906644,-44.2170036,TSE - Votacao por secao 2024 MA e Eleitorado local votacao 2024
2024,1,Vereador,São Luís,DIVINEIA - ZONA URBANA,76,564,COLEGIO EFRAIM,TOTAL VOTOS NOMINAIS - VEREADOR,256,322,,-2.4906644,-44.2170036,TSE - Votacao por secao 2024 MA e Eleitorado local votacao 2024
2024,1,Vereador,São Luís,DIVINEIA - ZONA URBANA,76,565,COLEGIO EFRAIM,TOTAL VOTOS NOMINAIS - VEREADOR,279,328,,-2.4906644,-44.2170036,TSE - Votacao por secao 2024 MA e Eleitorado local votacao 2024
2024,1,Vereador,São Luís,DIVINEIA - ZONA URBANA,76,566,COLEGIO EFRAIM,TOTAL VOTOS NOMINAIS - VEREADOR,264,335,,-2.4906644,-44.2170036,TSE - Votacao por secao 2024 MA e Eleitorado local votacao 2024
2024,1,Vereador,São Luís,DIVINEIA - ZONA URBANA,76,567,COLEGIO EFRAIM,TOTAL VOTOS NOMINAIS - VEREADOR,247,329,,-2.4906644,-44.2170036,TSE - Votacao por secao 2024 MA e Eleitorado local votacao 2024
2024,1,Vereador,São Luís,DIVINEIA - ZONA URBANA,76,568,COLEGIO EFRAIM,TOTAL VOTOS NOMINAIS - VEREADOR,251,324,,-2.4906644,-44.2170036,TSE - Votacao por secao 2024 MA e Eleitorado local votacao 2024
2024,1,Vereador,São Luís,DIVINEIA - ZONA URBANA,76,569,COLEGIO EFRAIM,TOTAL VOTOS NOMINAIS - VEREADOR,259,335,,-2.4906644,-44.2170036,TSE - Votacao por secao 2024 MA e Eleitorado local votacao 2024
2024,1,Vereador,São Luís,DIVINEIA - ZONA URBANA,76,570,COLEGIO EFRAIM,TOTAL VOTOS NOMINAIS - VEREADOR,257,339,,-2.4906644,-44.2170036,TSE - Votacao por secao 2024 MA e Eleitorado local votacao 2024
2024,1,Vereador,São Luís,DIVINEIA - ZONA URBANA,76,571,COLEGIO EFRAIM,TOTAL VOTOS NOMINAIS - VEREADOR,254,322,,-2.4906644,-44.2170036,TSE - Votacao por secao 2024 MA e Eleitorado local votacao 2024
2024,1,Vereador,São Luís,DIVINEIA - ZONA URBANA,76,572,COLEGIO EFRAIM,TOTAL VOTOS NOMINAIS - VEREADOR,257,317,,-2.4906644,-44.2170036,TSE - Votacao por secao 2024 MA e Eleitorado local votacao 2024
2024,1,Vereador,São Luís,COHAB ANIL IV - ZONA URBANA,76,573,CENTRO DE ENSINO DOUTOR GERALDO MELO,TOTAL VOTOS NOMINAIS - VEREADOR,229,323,,-2.5395252,-44.2157676,TSE - Votacao por secao 2024 MA e Eleitorado local votacao 2024
2024,1,Vereador,São Luís,COHAB ANIL IV - ZONA URBANA,76,574,CENTRO DE ENSINO DOUTOR GERALDO MELO,TOTAL VOTOS NOMINAIS - VEREADOR,257,325,,-2.5395252,-44.2157676,TSE - Votacao por secao 2024 MA e Eleitorado local votacao 2024
2024,1,Vereador,São Luís,COHAB ANIL IV - ZONA URBANA,76,575,CENTRO DE ENSINO DOUTOR GERALDO MELO,TOTAL VOTOS NOMINAIS - VEREADOR,245,323,,-2.5395252,-44.2157676,TSE - Votacao por secao 2024 MA e Eleitorado local votacao 2024
2024,1,Vereador,São Luís,COHAB ANIL IV - ZONA URBANA,76,576,CENTRO DE ENSINO DOUTOR GERALDO MELO,TOTAL VOTOS NOMINAIS - VEREADOR,232,321,,-2.5395252,-44.2157676,TSE - Votacao por secao 2024 MA e Eleitorado local votacao 2024
2024,1,Vereador,São Luís,COHAB ANIL IV - ZONA URBANA,76,577,CENTRO DE ENSINO DOUTOR GERALDO MELO,TOTAL VOTOS NOMINAIS - VEREADOR,246,320,,-2.5395252,-44.2157676,TSE - Votacao por secao 2024 MA e Eleitorado local votacao 2024
2024,1,Vereador,São Luís,COHAB ANIL IV - ZONA URBANA,76,578,CENTRO DE ENSINO DOUTOR GERALDO MELO,TOTAL VOTOS NOMINAIS - VEREADOR,242,323,,-2.5395252,-44.2157676,TSE - Votacao por secao 2024 MA e Eleitorado local votacao 2024
2024,1,Vereador,São Luís,COHAB ANIL IV - ZONA URBANA,76,579,CENTRO DE ENSINO DOUTOR GERALDO MELO,TOTAL VOTOS NOMINAIS - VEREADOR,250,319,,-2.5395252,-44.2157676,TSE - Votacao por secao 2024 MA e Eleitorado local votacao 2024
2024,1,Vereador,São Luís,COHAB ANIL IV - ZONA URBANA,76,580,CENTRO DE ENSINO DOUTOR GERALDO MELO,TOTAL VOTOS NOMINAIS - VEREADOR,246,319,,-2.5395252,-44.2157676,TSE - Votacao por secao 2024 MA e Eleitorado local votacao 2024
2024,1,Vereador,São Luís,COHAB ANIL IV - ZONA URBANA,76,581,CENTRO DE ENSINO DOUTOR GERALDO MELO,TOTAL VOTOS NOMINAIS - VEREADOR,246,321,,-2.5395252,-44.2157676,TSE - Votacao por secao 2024 MA e Eleitorado local votacao 2024
2024,1,Vereador,São Luís,COHAB ANIL IV - ZONA URBANA,76,582,CENTRO DE ENSINO DOUTOR GERALDO MELO,TOTAL VOTOS NOMINAIS - VEREADOR,238,322,,-2.5395252,-44.2157676,TSE - Votacao por secao 2024 MA e Eleitorado local votacao 2024
2024,1,Vereador,São Luís,COHAB ANIL IV - ZONA URBANA,76,583,CENTRO DE ENSINO DOUTOR GERALDO MELO,TOTAL VOTOS NOMINAIS - VEREADOR,250,323,,-2.5395252,-44.2157676,TSE - Votacao por secao 2024 MA e Eleitorado local votacao 2024
2024,1,Vereador,São Luís,COHAB ANIL IV - ZONA URBANA,76,584,CENTRO DE ENSINO DOUTOR GERALDO MELO,TOTAL VOTOS NOMINAIS - VEREADOR,242,319,,-2.5395252,-44.2157676,TSE - Votacao por secao 2024 MA e Eleitorado local votacao 2024
2024,1,Vereador,São Luís,RES PRIMAVERA(COHATRAC)-ZONA URBANA,76,585,UEB PRIMAVERA INFANTIL,TOTAL VOTOS NOMINAIS - VEREADOR,236,309,,-2.5388621,-44.198974,TSE - Votacao por secao 2024 MA e Eleitorado local votacao 2024
2024,1,Vereador,São Luís,RES PRIMAVERA(COHATRAC)-ZONA URBANA,76,586,UEB PRIMAVERA INFANTIL,TOTAL VOTOS NOMINAIS - VEREADOR,236,309,,-2.5388621,-44.198974,TSE - Votacao por secao 2024 MA e Eleitorado local votacao 2024
2024,1,Vereador,São Luís,RES PRIMAVERA(COHATRAC)-ZONA URBANA,76,587,UEB PRIMAVERA INFANTIL,TOTAL VOTOS NOMINAIS - VEREADOR,229,308,,-2.5388621,-44.198974,TSE - Votacao por secao 2024 MA e Eleitorado local votacao 2024
2024,1,Vereador,São Luís,RES PRIMAVERA(COHATRAC)-ZONA URBANA,76,588,UEB PRIMAVERA INFANTIL,TOTAL VOTOS NOMINAIS - VEREADOR,229,305,,-2.5388621,-44.198974,TSE - Votacao por secao 2024 MA e Eleitorado local votacao 2024
2024,1,Vereador,São Luís,RES PRIMAVERA(COHATRAC)-ZONA URBANA,76,589,UEB PRIMAVERA INFANTIL,TOTAL VOTOS NOMINAIS - VEREADOR,218,304,,-2.5388621,-44.198974,TSE - Votacao por secao 2024 MA e Eleitorado local votacao 2024
2024,1,Vereador,São Luís,TURU-LADO super. MATEUS,76,590,UNIDADE ESCOLAR SAO JOSE,TOTAL VOTOS NOMINAIS - VEREADOR,248,338,,-2.5047131,-44.2071403,TSE - Votacao por secao 2024 MA e Eleitorado local votacao 2024
2024,1,Vereador,São Luís,TURU-LADO super. MATEUS,76,591,UNIDADE ESCOLAR SAO JOSE,TOTAL VOTOS NOMINAIS - VEREADOR,246,339,,-2.5047131,-44.2071403,TSE - Votacao por secao 2024 MA e Eleitorado local votacao 2024
2024,1,Vereador,São Luís,TURU-LADO super. MATEUS,76,592,UNIDADE ESCOLAR SAO JOSE,TOTAL VOTOS NOMINAIS - VEREADOR,233,335,,-2.5047131,-44.2071403,TSE - Votacao por secao 2024 MA e Eleitorado local votacao 2024
2024,1,Vereador,São Luís,TURU-LADO super. MATEUS,76,593,UNIDADE ESCOLAR SAO JOSE,TOTAL VOTOS NOMINAIS - VEREADOR,254,335,,-2.5047131,-44.2071403,TSE - Votacao por secao 2024 MA e Eleitorado local votacao 2024
2024,1,Vereador,São Luís,TURU-LADO super. MATEUS,76,594,UNIDADE ESCOLAR SAO JOSE,TOTAL VOTOS NOMINAIS - VEREADOR,266,337,,-2.5047131,-44.2071403,TSE - Votacao por secao 2024 MA e Eleitorado local votacao 2024
2024,1,Vereador,São Luís,HABITACIONAL TURU - ZONA URBANA,76,595,CENTRO DE ENSINO MEDIO PAULO FREIRE,TOTAL VOTOS NOMINAIS - VEREADOR,240,345,,-2.5019957,-44.2234349,TSE - Votacao por secao 2024 MA e Eleitorado local votacao 2024
2024,1,Vereador,São Luís,CALHAU - Z URBANA,76,596,GOLDEN SHOPPING CALHAU,TOTAL VOTOS NOMINAIS - VEREADOR,272,386,,-2.4921111,-44.2634941,TSE - Votacao por secao 2024 MA e Eleitorado local votacao 2024
2024,1,Vereador,São Luís,TURU,76,597,UNICEUMA - TURU(ANTIGA PITAGORAS - BLOCO A),TOTAL VOTOS NOMINAIS - VEREADOR,230,359,,-2.529747,-44.2258968,TSE - Votacao por secao 2024 MA e Eleitorado local votacao 2024
2024,1,Vereador,São Luís,VILA LUIZAO - ZONA URBANA,76,598,UNIDADE ESCOLAR GOVERNADOR LEONEL BRIZOLA,TOTAL VOTOS NOMINAIS - VEREADOR,273,352,,-2.4952399,-44.2098591,TSE - Votacao por secao 2024 MA e Eleitorado local votacao 2024
2024,1,Vereador,São Luís,TURU,76,599,FACULDADE ANHANGUERA - TURU(ANTIGA PITAGORAS - BLOCO B),TOTAL VOTOS NOMINAIS - VEREADOR,185,280,,-2.5309132,-44.2261463,TSE - Votacao por secao 2024 MA e Eleitorado local votacao 2024
2024,1,Vereador,São Luís,PLANALTO VINHAIS - ZONA URBANA,76,600,U.E.B. TOM E JERRY,TOTAL VOTOS NOMINAIS - VEREADOR,215,297,,-2.5049174,-44.2516889,TSE - Votacao por secao 2024 MA e Eleitorado local votacao 2024
2024,1,Vereador,São Luís,TURU,76,601,UNICEUMA - TURU(ANTIGA PITAGORAS - BLOCO A),TOTAL VOTOS NOMINAIS - VEREADOR,233,360,,-2.529747,-44.2258968,TSE - Votacao por secao 2024 MA e Eleitorado local votacao 2024
2024,1,Vereador,São Luís,TURU,76,602,FACULDADE ANHANGUERA - TURU(ANTIGA PITAGORAS - BLOCO B),TOTAL VOTOS NOMINAIS - VEREADOR,184,279,,-2.5309132,-44.2261463,TSE - Votacao por secao 2024 MA e Eleitorado local votacao 2024
2024,1,Vereador,São Luís,COHATRAC IV - ZONA URBANA,76,603,SHOPPING PASSEIO,TOTAL VOTOS NOMINAIS - VEREADOR,268,356,,-2.5348434,-44.1995891,TSE - Votacao por secao 2024 MA e Eleitorado local votacao 2024
2024,1,Vereador,São Luís,CALHAU - Z URBANA,76,605,GOLDEN SHOPPING CALHAU,TOTAL VOTOS NOMINAIS - VEREADOR,268,384,,-2.4921111,-44.2634941,TSE - Votacao por secao 2024 MA e Eleitorado local votacao 2024
2024,1,Vereador,São Luís,HABITACIONAL TURU - ZONA URBANA,76,606,CENTRO DE ENSINO MEDIO PAULO FREIRE,TOTAL VOTOS NOMINAIS - VEREADOR,235,359,,-2.5019957,-44.2234349,TSE - Votacao por secao 2024 MA e Eleitorado local votacao 2024
2024,1,Vereador,São Luís,TURU,76,607,UNICEUMA - TURU(ANTIGA PITAGORAS - BLOCO A),TOTAL VOTOS NOMINAIS - VEREADOR,238,360,,-2.529747,-44.2258968,TSE - Votacao por secao 2024 MA e Eleitorado local votacao 2024
2024,1,Vereador,São Luís,CALHAU - Z URBANA,76,609,GOLDEN SHOPPING CALHAU,TOTAL VOTOS NOMINAIS - VEREADOR,270,381,,-2.4921111,-44.2634941,TSE - Votacao por secao 2024 MA e Eleitorado local votacao 2024
2024,1,Vereador,São Luís,COHATRAC IV - ZONA URBANA,76,610,SHOPPING PASSEIO,TOTAL VOTOS NOMINAIS - VEREADOR,243,344,,-2.5348434,-44.1995891,TSE - Votacao por secao 2024 MA e Eleitorado local votacao 2024
2024,1,Vereador,São Luís,TURU,76,611,FACULDADE ANHANGUERA - TURU(ANTIGA PITAGORAS - BLOCO B),TOTAL VOTOS NOMINAIS - VEREADOR,170,274,,-2.5309132,-44.2261463,TSE - Votacao por secao 2024 MA e Eleitorado local votacao 2024
2024,1,Vereador,São Luís,TURU,76,612,UNICEUMA - TURU(ANTIGA PITAGORAS - BLOCO A),TOTAL VOTOS NOMINAIS - VEREADOR,246,365,,-2.529747,-44.2258968,TSE - Votacao por secao 2024 MA e Eleitorado local votacao 2024
2024,1,Vereador,São Luís,RES PRIMAVERA(COHATRAC)-ZONA URBANA,76,614,UEB PRIMAVERA INFANTIL,TOTAL VOTOS NOMINAIS - VEREADOR,217,306,,-2.5388621,-44.198974,TSE - Votacao por secao 2024 MA e Eleitorado local votacao 2024
2024,1,Vereador,São Luís,DIVINEIA - ZONA URBANA,76,615,U.E.B. PROF. JOÃO DE SOUZA GUIMARAES,TOTAL VOTOS NOMINAIS - VEREADOR,272,391,,-2.4915529,-44.2175414,TSE - Votacao por secao 2024 MA e Eleitorado local votacao 2024
2024,1,Vereador,São Luís,TURU,76,616,UNICEUMA - TURU(ANTIGA PITAGORAS - BLOCO A),TOTAL VOTOS NOMINAIS - VEREADOR,224,366,,-2.529747,-44.2258968,TSE - Votacao por secao 2024 MA e Eleitorado local votacao 2024
2024,1,Vereador,São Luís,TURU,76,617,FACULDADE ANHANGUERA - TURU(ANTIGA PITAGORAS - BLOCO B),TOTAL VOTOS NOMINAIS - VEREADOR,201,321,,-2.5309132,-44.2261463,TSE - Votacao por secao 2024 MA e Eleitorado local votacao 2024
2024,1,Vereador,São Luís,OLHO D'AGUA - ZONA URBANA,76,618,COLEGIO LITERATO,TOTAL VOTOS NOMINAIS - VEREADOR,220,347,,-2.5004187,-44.2334842,TSE - Votacao por secao 2024 MA e Eleitorado local votacao 2024
2024,1,Vereador,São Luís,COHAB ANIL IV - ZONA URBANA,76,619,CENTRO EDUCACIONAL CIDADE DE SAO LUIS,TOTAL VOTOS NOMINAIS - VEREADOR,244,333,,-2.5485458,-44.2153595,TSE - Votacao por secao 2024 MA e Eleitorado local votacao 2024
2024,1,Vereador,São Luís,COHAB ANIL I - ZONA URBANA,76,620,ESCOLA EDUCANDO II,TOTAL VOTOS NOMINAIS - VEREADOR,262,342,,-2.5481887,-44.2139264,TSE - Votacao por secao 2024 MA e Eleitorado local votacao 2024
2024,1,Vereador,São Luís,DIVINEIA - ZONA URBANA,76,621,ESCOLA COMUNITARIA CAIANE MATEUS,TOTAL VOTOS NOMINAIS - VEREADOR,244,329,,-2.4913692,-44.2233696,TSE - Votacao por secao 2024 MA e Eleitorado local votacao 2024
2024,1,Vereador,São Luís,PARQUE AURORA (ENTRE COHAB E COHATRAC),76,622,COLEGIO CENAZA,TOTAL VOTOS NOMINAIS - VEREADOR,270,374,,-2.5433111,-44.2090658,TSE - Votacao por secao 2024 MA e Eleitorado local votacao 2024
2024,1,Vereador,São Luís,COHAB ANIL I - ZONA URBANA,76,623,CENTRO EDUCA MAIS JULIO DE MESQUITA FILHO,TOTAL VOTOS NOMINAIS - VEREADOR,251,327,,-2.5359974,-44.2211593,TSE - Votacao por secao 2024 MA e Eleitorado local votacao 2024
2024,1,Vereador,São Luís,TURU,76,625,UNICEUMA - TURU(ANTIGA PITAGORAS - BLOCO A),TOTAL VOTOS NOMINAIS - VEREADOR,234,359,,-2.529747,-44.2258968,TSE - Votacao por secao 2024 MA e Eleitorado local votacao 2024
2024,1,Vereador,São Luís,DIVINEIA - ZONA URBANA,76,626,UEB PROFESSOR RONALD DA SILVA CARVALHO,TOTAL VOTOS NOMINAIS - VEREADOR,285,365,,-2.4990403,-44.2192461,TSE - Votacao por secao 2024 MA e Eleitorado local votacao 2024
2024,1,Vereador,São Luís,DIVINEIA - ZONA URBANA,76,627,U.E.B. PROF. JOÃO DE SOUZA GUIMARAES,TOTAL VOTOS NOMINAIS - VEREADOR,295,388,,-2.4915529,-44.2175414,TSE - Votacao por secao 2024 MA e Eleitorado local votacao 2024
2024,1,Vereador,São Luís,TURU,76,628,UNICEUMA - TURU(ANTIGA PITAGORAS - BLOCO A),TOTAL VOTOS NOMINAIS - VEREADOR,247,366,,-2.529747,-44.2258968,TSE - Votacao por secao 2024 MA e Eleitorado local votacao 2024
2024,1,Vereador,São Luís,TURU,76,629,FACULDADE ANHANGUERA - TURU(ANTIGA PITAGORAS - BLOCO B),TOTAL VOTOS NOMINAIS - VEREADOR,184,284,,-2.5309132,-44.2261463,TSE - Votacao por secao 2024 MA e Eleitorado local votacao 2024
2024,1,Vereador,São Luís,TURU,76,630,FACULDADE EDUFOR - UNIDADE SÃO LUÍS,TOTAL VOTOS NOMINAIS - VEREADOR,275,378,,-2.5267081,-44.2268234,TSE - Votacao por secao 2024 MA e Eleitorado local votacao 2024
2024,1,Vereador,São Luís,OLHO D'AGUA - ZONA URBANA,76,631,COLEGIO LITERATO,TOTAL VOTOS NOMINAIS - VEREADOR,230,350,,-2.5004187,-44.2334842,TSE - Votacao por secao 2024 MA e Eleitorado local votacao 2024
2024,1,Vereador,São Luís,PARQUE AURORA (ENTRE COHAB E COHATRAC),76,632,COLEGIO CENAZA,TOTAL VOTOS NOMINAIS - VEREADOR,293,378,,-2.5433111,-44.2090658,TSE - Votacao por secao 2024 MA e Eleitorado local votacao 2024
2024,1,Vereador,São Luís,PLANALTO VINHAIS - ZONA URBANA,76,633,U.E.B. TOM E JERRY,TOTAL VOTOS NOMINAIS - VEREADOR,205,297,,-2.5049174,-44.2516889,TSE - Votacao por secao 2024 MA e Eleitorado local votacao 2024
2024,1,Vereador,São Luís,TURU,76,634,UNICEUMA - TURU(ANTIGA PITAGORAS - BLOCO A),TOTAL VOTOS NOMINAIS - VEREADOR,248,363,,-2.529747,-44.2258968,TSE - Votacao por secao 2024 MA e Eleitorado local votacao 2024
2024,1,Vereador,São Luís,DIVINEIA - ZONA URBANA,76,636,ESCOLA COMUNITARIA CAIANE MATEUS,TOTAL VOTOS NOMINAIS - VEREADOR,250,313,,-2.4913692,-44.2233696,TSE - Votacao por secao 2024 MA e Eleitorado local votacao 2024
2024,1,Vereador,São Luís,PARQUE AURORA (ENTRE COHAB E COHATRAC),76,637,COLEGIO CENAZA,TOTAL VOTOS NOMINAIS - VEREADOR,270,371,,-2.5433111,-44.2090658,TSE - Votacao por secao 2024 MA e Eleitorado local votacao 2024
2024,1,Vereador,São Luís,TURU,76,638,FACULDADE EDUFOR - UNIDADE SÃO LUÍS,TOTAL VOTOS NOMINAIS - VEREADOR,271,388,,-2.5267081,-44.2268234,TSE - Votacao por secao 2024 MA e Eleitorado local votacao 2024
2024,1,Vereador,São Luís,TURU,76,639,UNICEUMA - TURU(ANTIGA PITAGORAS - BLOCO A),TOTAL VOTOS NOMINAIS - VEREADOR,255,363,,-2.529747,-44.2258968,TSE - Votacao por secao 2024 MA e Eleitorado local votacao 2024
2024,1,Vereador,São Luís,PARQUE AURORA (ENTRE COHAB E COHATRAC),76,640,COLEGIO CENAZA,TOTAL VOTOS NOMINAIS - VEREADOR,287,369,,-2.5433111,-44.2090658,TSE - Votacao por secao 2024 MA e Eleitorado local votacao 2024
2024,1,Vereador,São Luís,COHAMA,76,641,COLÉGIO BATISTA - UNIDADE COHAMA,TOTAL VOTOS NOMINAIS - VEREADOR,282,375,,-2.511848,-44.2442003,TSE - Votacao por secao 2024 MA e Eleitorado local votacao 2024
2024,1,Vereador,São Luís,CALHAU - Z URBANA,76,642,GOLDEN SHOPPING CALHAU,TOTAL VOTOS NOMINAIS - VEREADOR,281,380,,-2.4921111,-44.2634941,TSE - Votacao por secao 2024 MA e Eleitorado local votacao 2024
2024,1,Vereador,São Luís,TURU,76,643,FACULDADE EDUFOR - UNIDADE SÃO LUÍS,TOTAL VOTOS NOMINAIS - VEREADOR,298,384,,-2.5267081,-44.2268234,TSE - Votacao por secao 2024 MA e Eleitorado local votacao 2024
2024,1,Vereador,São Luís,TURU,76,644,UNICEUMA - TURU(ANTIGA PITAGORAS - BLOCO A),TOTAL VOTOS NOMINAIS - VEREADOR,253,360,,-2.529747,-44.2258968,TSE - Votacao por secao 2024 MA e Eleitorado local votacao 2024
2024,1,Vereador,São Luís,COHAMA,76,645,COLÉGIO BATISTA - UNIDADE COHAMA,TOTAL VOTOS NOMINAIS - VEREADOR,263,365,,-2.511848,-44.2442003,TSE - Votacao por secao 2024 MA e Eleitorado local votacao 2024
2024,1,Vereador,São Luís,PLANALTO VINHAIS - ZONA URBANA,76,646,U.E.B. TOM E JERRY,TOTAL VOTOS NOMINAIS - VEREADOR,261,355,,-2.5049174,-44.2516889,TSE - Votacao por secao 2024 MA e Eleitorado local votacao 2024
2024,1,Vereador,São Luís,VILA LUIZAO - ZONA URBANA,76,647,UNIDADE ESCOLAR GOVERNADOR LEONEL BRIZOLA,TOTAL VOTOS NOMINAIS - VEREADOR,279,354,,-2.4952399,-44.2098591,TSE - Votacao por secao 2024 MA e Eleitorado local votacao 2024
2024,1,Vereador,São Luís,TURU,76,648,FACULDADE EDUFOR - UNIDADE SÃO LUÍS,TOTAL VOTOS NOMINAIS - VEREADOR,289,390,,-2.5267081,-44.2268234,TSE - Votacao por secao 2024 MA e Eleitorado local votacao 2024
2024,1,Vereador,São Luís,COHAMA,76,649,COLÉGIO BATISTA - UNIDADE COHAMA,TOTAL VOTOS NOMINAIS - VEREADOR,267,364,,-2.511848,-44.2442003,TSE - Votacao por secao 2024 MA e Eleitorado local votacao 2024
2024,1,Vereador,São Luís,COHAMA,76,650,COLÉGIO BATISTA - UNIDADE COHAMA,TOTAL VOTOS NOMINAIS - VEREADOR,243,356,,-2.511848,-44.2442003,TSE - Votacao por secao 2024 MA e Eleitorado local votacao 2024
2024,1,Vereador,São Luís,TURU,76,651,FACULDADE EDUFOR - UNIDADE SÃO LUÍS,TOTAL VOTOS NOMINAIS - VEREADOR,284,384,,-2.5267081,-44.2268234,TSE - Votacao por secao 2024 MA e Eleitorado local votacao 2024
2024,1,Vereador,São Luís,PARQUE AURORA (ENTRE COHAB E COHATRAC),76,652,COLEGIO CENAZA,TOTAL VOTOS NOMINAIS - VEREADOR,282,371,,-2.5433111,-44.2090658,TSE - Votacao por secao 2024 MA e Eleitorado local votacao 2024
2024,1,Vereador,São Luís,COHAMA,76,653,COLÉGIO BATISTA - UNIDADE COHAMA,TOTAL VOTOS NOMINAIS - VEREADOR,248,367,,-2.511848,-44.2442003,TSE - Votacao por secao 2024 MA e Eleitorado local votacao 2024
2024,1,Vereador,São Luís,DIVINEIA - ZONA URBANA,76,655,ESCOLA COMUNITARIA CAIANE MATEUS,TOTAL VOTOS NOMINAIS - VEREADOR,240,312,,-2.4913692,-44.2233696,TSE - Votacao por secao 2024 MA e Eleitorado local votacao 2024
2024,1,Vereador,São Luís,TURU,76,656,FACULDADE EDUFOR - UNIDADE SÃO LUÍS,TOTAL VOTOS NOMINAIS - VEREADOR,298,378,,-2.5267081,-44.2268234,TSE - Votacao por secao 2024 MA e Eleitorado local votacao 2024
2024,1,Vereador,São Luís,COHAMA,76,657,COLÉGIO BATISTA - UNIDADE COHAMA,TOTAL VOTOS NOMINAIS - VEREADOR,227,354,,-2.511848,-44.2442003,TSE - Votacao por secao 2024 MA e Eleitorado local votacao 2024
2024,1,Vereador,São Luís,PLANALTO VINHAIS - ZONA URBANA,76,658,U.E.B. TOM E JERRY,TOTAL VOTOS NOMINAIS - VEREADOR,215,299,,-2.5049174,-44.2516889,TSE - Votacao por secao 2024 MA e Eleitorado local votacao 2024
2024,1,Vereador,São Luís,TURU,76,659,FACULDADE EDUFOR - UNIDADE SÃO LUÍS,TOTAL VOTOS NOMINAIS - VEREADOR,263,390,,-2.5267081,-44.2268234,TSE - Votacao por secao 2024 MA e Eleitorado local votacao 2024
2024,1,Vereador,São Luís,CALHAU - Z URBANA,76,660,COLEGIO BATISTA - UNIDADE CALHAU,TOTAL VOTOS NOMINAIS - VEREADOR,199,287,,-2.4925549,-44.2870739,TSE - Votacao por secao 2024 MA e Eleitorado local votacao 2024
2024,1,Vereador,São Luís,CALHAU - Z URBANA,76,661,GOLDEN SHOPPING CALHAU,TOTAL VOTOS NOMINAIS - VEREADOR,243,249,,-2.4921111,-44.2634941,TSE - Votacao por secao 2024 MA e Eleitorado local votacao 2024
2024,1,Vereador,São Luís,SANTA BARBARA-ZONA URBANA,89,1,CE CRUZEIRO DE SANTA BARBARA,TOTAL VOTOS NOMINAIS - VEREADOR,247,325,,-2.5951197,-44.2124359,TSE - Votacao por secao 2024 MA e Eleitorado local votacao 2024
2024,1,Vereador,São Luís,SANTA BARBARA-ZONA URBANA,89,2,CE CRUZEIRO DE SANTA BARBARA,TOTAL VOTOS NOMINAIS - VEREADOR,353,315,,-2.5951197,-44.2124359,TSE - Votacao por secao 2024 MA e Eleitorado local votacao 2024
2024,1,Vereador,São Luís,SANTA BARBARA-ZONA URBANA,89,3,CE CRUZEIRO DE SANTA BARBARA,TOTAL VOTOS NOMINAIS - VEREADOR,258,322,,-2.5951197,-44.2124359,TSE - Votacao por secao 2024 MA e Eleitorado local votacao 2024
2024,1,Vereador,São Luís,SANTA BARBARA-ZONA URBANA,89,4,CE SANTA BARBARA,TOTAL VOTOS NOMINAIS - VEREADOR,247,347,,-2.6133246,-44.2165163,TSE - Votacao por secao 2024 MA e Eleitorado local votacao 2024
2024,1,Vereador,São Luís,SANTA BARBARA-ZONA URBANA,89,5,CE SANTA BARBARA,TOTAL VOTOS NOMINAIS - VEREADOR,276,347,,-2.6133246,-44.2165163,TSE - Votacao por secao 2024 MA e Eleitorado local votacao 2024
2024,1,Vereador,São Luís,SANTA BARBARA-ZONA URBANA,89,6,CE SANTA BARBARA,TOTAL VOTOS NOMINAIS - VEREADOR,257,345,,-2.6133246,-44.2165163,TSE - Votacao por secao 2024 MA e Eleitorado local votacao 2024
2024,1,Vereador,São Luís,CIDADE OPERARIA-ZONA URBANA,89,52,CE JOSE JUSTINO PEREIRA,TOTAL VOTOS NOMINAIS - VEREADOR,306,365,,-2.5740563,-44.1961025,TSE - Votacao por secao 2024 MA e Eleitorado local votacao 2024
2024,1,Vereador,São Luís,CIDADE OPERARIA-ZONA URBANA,89,53,CE JOSE JUSTINO PEREIRA,TOTAL VOTOS NOMINAIS - VEREADOR,298,363,,-2.5740563,-44.1961025,TSE - Votacao por secao 2024 MA e Eleitorado local votacao 2024
2024,1,Vereador,São Luís,CIDADE OPERARIA-ZONA URBANA,89,54,CE JOSE JUSTINO PEREIRA,TOTAL VOTOS NOMINAIS - VEREADOR,277,359,,-2.5740563,-44.1961025,TSE - Votacao por secao 2024 MA e Eleitorado local votacao 2024
2024,1,Vereador,São Luís,CIDADE OPERARIA-ZONA URBANA,89,55,CE JOSE JUSTINO PEREIRA,TOTAL VOTOS NOMINAIS - VEREADOR,270,363,,-2.5740563,-44.1961025,TSE - Votacao por secao 2024 MA e Eleitorado local votacao 2024
2024,1,Vereador,São Luís,CIDADE OPERARIA-ZONA URBANA,89,56,CE JOSE JUSTINO PEREIRA,TOTAL VOTOS NOMINAIS - VEREADOR,284,360,,-2.5740563,-44.1961025,TSE - Votacao por secao 2024 MA e Eleitorado local votacao 2024
2024,1,Vereador,São Luís,CIDADE OPERARIA-ZONA URBANA,89,57,UEMA - UNIVERSIDADE ESTADUAL DO MARANHAO,TOTAL VOTOS NOMINAIS - VEREADOR,290,352,,-2.5747781,-44.2103547,TSE - Votacao por secao 2024 MA e Eleitorado local votacao 2024
2024,1,Vereador,São Luís,CIDADE OPERARIA-ZONA URBANA,89,58,UEMA - UNIVERSIDADE ESTADUAL DO MARANHAO,TOTAL VOTOS NOMINAIS - VEREADOR,287,354,,-2.5747781,-44.2103547,TSE - Votacao por secao 2024 MA e Eleitorado local votacao 2024
2024,1,Vereador,São Luís,CIDADE OPERARIA-ZONA URBANA,89,59,UEMA - UNIVERSIDADE ESTADUAL DO MARANHAO,TOTAL VOTOS NOMINAIS - VEREADOR,268,349,,-2.5747781,-44.2103547,TSE - Votacao por secao 2024 MA e Eleitorado local votacao 2024
2024,1,Vereador,São Luís,CIDADE OPERARIA-ZONA URBANA,89,60,UEMA - UNIVERSIDADE ESTADUAL DO MARANHAO,TOTAL VOTOS NOMINAIS - VEREADOR,290,352,,-2.5747781,-44.2103547,TSE - Votacao por secao 2024 MA e Eleitorado local votacao 2024
2024,1,Vereador,São Luís,CIDADE OPERARIA-ZONA URBANA,89,61,UEMA - UNIVERSIDADE ESTADUAL DO MARANHAO,TOTAL VOTOS NOMINAIS - VEREADOR,279,354,,-2.5747781,-44.2103547,TSE - Votacao por secao 2024 MA e Eleitorado local votacao 2024
2024,1,Vereador,São Luís,CIDADE OPERARIA-ZONA URBANA,89,62,CE PROF. JOAO MARTINS,TOTAL VOTOS NOMINAIS - VEREADOR,235,296,,-2.5740673,-44.1955631,TSE - Votacao por secao 2024 MA e Eleitorado local votacao 2024
2024,1,Vereador,São Luís,CIDADE OPERARIA-ZONA URBANA,89,63,CE PROF. JOAO MARTINS,TOTAL VOTOS NOMINAIS - VEREADOR,244,296,,-2.5740673,-44.1955631,TSE - Votacao por secao 2024 MA e Eleitorado local votacao 2024
2024,1,Vereador,São Luís,CIDADE OPERARIA-ZONA URBANA,89,64,CE PROF. JOAO MARTINS,TOTAL VOTOS NOMINAIS - VEREADOR,241,296,,-2.5740673,-44.1955631,TSE - Votacao por secao 2024 MA e Eleitorado local votacao 2024
2024,1,Vereador,São Luís,CIDADE OPERARIA-ZONA URBANA,89,65,CE PROF. JOAO MARTINS,TOTAL VOTOS NOMINAIS - VEREADOR,233,295,,-2.5740673,-44.1955631,TSE - Votacao por secao 2024 MA e Eleitorado local votacao 2024
2024,1,Vereador,São Luís,CIDADE OPERARIA-ZONA URBANA,89,66,CE PROF. JOAO MARTINS,TOTAL VOTOS NOMINAIS - VEREADOR,223,297,,-2.5740673,-44.1955631,TSE - Votacao por secao 2024 MA e Eleitorado local votacao 2024
2024,1,Vereador,São Luís,CIDADE OPERARIA-ZONA URBANA,89,67,UEMA - UNIVERSIDADE ESTADUAL DO MARANHAO,TOTAL VOTOS NOMINAIS - VEREADOR,288,351,,-2.5747781,-44.2103547,TSE - Votacao por secao 2024 MA e Eleitorado local votacao 2024
2024,1,Vereador,São Luís,CIDADE OPERARIA-ZONA URBANA,89,68,UEMA - UNIVERSIDADE ESTADUAL DO MARANHAO,TOTAL VOTOS NOMINAIS - VEREADOR,281,347,,-2.5747781,-44.2103547,TSE - Votacao por secao 2024 MA e Eleitorado local votacao 2024
2024,1,Vereador,São Luís,CIDADE OPERARIA-ZONA URBANA,89,69,UEMA - UNIVERSIDADE ESTADUAL DO MARANHAO,TOTAL VOTOS NOMINAIS - VEREADOR,271,350,,-2.5747781,-44.2103547,TSE - Votacao por secao 2024 MA e Eleitorado local votacao 2024
2024,1,Vereador,São Luís,CIDADE OPERARIA-ZONA URBANA,89,70,UEMA - UNIVERSIDADE ESTADUAL DO MARANHAO,TOTAL VOTOS NOMINAIS - VEREADOR,268,352,,-2.5747781,-44.2103547,TSE - Votacao por secao 2024 MA e Eleitorado local votacao 2024
2024,1,Vereador,São Luís,CIDADE OPERARIA-ZONA URBANA,89,71,UEMA - UNIVERSIDADE ESTADUAL DO MARANHAO,TOTAL VOTOS NOMINAIS - VEREADOR,265,351,,-2.5747781,-44.2103547,TSE - Votacao por secao 2024 MA e Eleitorado local votacao 2024
2024,1,Vereador,São Luís,TAJACOABA-ZONA RURAL,89,79,UEB TEIXEIRA MOTA,TOTAL VOTOS NOMINAIS - VEREADOR,272,326,,-2.6332846,-44.2172959,TSE - Votacao por secao 2024 MA e Eleitorado local votacao 2024
2024,1,Vereador,São Luís,JARDIM AMERICA-ZONA URBANA,89,84,CE PEDRO ALVARES CABRAL,TOTAL VOTOS NOMINAIS - VEREADOR,307,379,,-2.5843084,-44.1976889,TSE - Votacao por secao 2024 MA e Eleitorado local votacao 2024
2024,1,Vereador,São Luís,JARDIM AMERICA-ZONA URBANA,89,85,CE PEDRO ALVARES CABRAL,TOTAL VOTOS NOMINAIS - VEREADOR,308,381,,-2.5843084,-44.1976889,TSE - Votacao por secao 2024 MA e Eleitorado local votacao 2024
2024,1,Vereador,São Luís,TAJIPURU-ZONA RURAL,89,86,UEB HONORIO ODORICO FERREIRA,TOTAL VOTOS NOMINAIS - VEREADOR,269,338,,-2.6489595,-44.1788824,TSE - Votacao por secao 2024 MA e Eleitorado local votacao 2024
2024,1,Vereador,São Luís,CIDADE OPERARIA-ZONA URBANA,89,87,UEMA - UNIVERSIDADE ESTADUAL DO MARANHAO,TOTAL VOTOS NOMINAIS - VEREADOR,263,352,,-2.5747781,-44.2103547,TSE - Votacao por secao 2024 MA e Eleitorado local votacao 2024
2024,1,Vereador,São Luís,JARDIM AMERICA-ZONA URBANA,89,89,CE PEDRO ALVARES CABRAL,TOTAL VOTOS NOMINAIS - VEREADOR,317,379,,-2.5843084,-44.1976889,TSE - Votacao por secao 2024 MA e Eleitorado local votacao 2024
2024,1,Vereador,São Luís,CIDADE OPERARIA-ZONA URBANA,89,90,CENTRO SOCIAL E COMUNITARIO VOVO ANALIA,TOTAL VOTOS NOMINAIS - VEREADOR,249,316,,-2.5749237,-44.1904784,TSE - Votacao por secao 2024 MA e Eleitorado local votacao 2024
2024,1,Vereador,São Luís,JARDIM AMERICA-ZONA URBANA,89,94,CE PEDRO ALVARES CABRAL,TOTAL VOTOS NOMINAIS - VEREADOR,320,378,,-2.5843084,-44.1976889,TSE - Votacao por secao 2024 MA e Eleitorado local votacao 2024
2024,1,Vereador,São Luís,JARDIM AMERICA-ZONA URBANA,89,95,CE PEDRO ALVARES CABRAL,TOTAL VOTOS NOMINAIS - VEREADOR,318,378,,-2.5843084,-44.1976889,TSE - Votacao por secao 2024 MA e Eleitorado local votacao 2024
2024,1,Vereador,São Luís,JARDIM AMERICA-ZONA URBANA,89,96,CE PEDRO ALVARES CABRAL,TOTAL VOTOS NOMINAIS - VEREADOR,327,379,,-2.5843084,-44.1976889,TSE - Votacao por secao 2024 MA e Eleitorado local votacao 2024
2024,1,Vereador,São Luís,JARDIM AMERICA-ZONA URBANA,89,97,CE PEDRO ALVARES CABRAL,TOTAL VOTOS NOMINAIS - VEREADOR,313,375,,-2.5843084,-44.1976889,TSE - Votacao por secao 2024 MA e Eleitorado local votacao 2024
2024,1,Vereador,São Luís,JARDIM AMERICA-ZONA URBANA,89,98,CE PEDRO ALVARES CABRAL,TOTAL VOTOS NOMINAIS - VEREADOR,294,375,,-2.5843084,-44.1976889,TSE - Votacao por secao 2024 MA e Eleitorado local votacao 2024
2024,1,Vereador,São Luís,JARDIM AMERICA-ZONA URBANA,89,100,CE PEDRO ALVARES CABRAL,TOTAL VOTOS NOMINAIS - VEREADOR,321,378,,-2.5843084,-44.1976889,TSE - Votacao por secao 2024 MA e Eleitorado local votacao 2024
2024,1,Vereador,São Luís,CIDADE OPERARIA-ZONA URBANA,89,103,UEMA - UNIVERSIDADE ESTADUAL DO MARANHAO,TOTAL VOTOS NOMINAIS - VEREADOR,277,352,,-2.5747781,-44.2103547,TSE - Votacao por secao 2024 MA e Eleitorado local votacao 2024
2024,1,Vereador,São Luís,JARDIM AMERICA-ZONA URBANA,89,107,CE PEDRO ALVARES CABRAL,TOTAL VOTOS NOMINAIS - VEREADOR,308,379,,-2.5843084,-44.1976889,TSE - Votacao por secao 2024 MA e Eleitorado local votacao 2024
2024,1,Vereador,São Luís,SANTA BARBARA-ZONA URBANA,89,108,CE CRUZEIRO DE SANTA BARBARA,TOTAL VOTOS NOMINAIS - VEREADOR,257,321,,-2.5951197,-44.2124359,TSE - Votacao por secao 2024 MA e Eleitorado local votacao 2024
2024,1,Vereador,São Luís,CIDADE OPERARIA-ZONA URBANA,89,109,CE PROF. IGNÁCIO RANGEL,TOTAL VOTOS NOMINAIS - VEREADOR,335,341,,-2.5651519,-44.2019197,TSE - Votacao por secao 2024 MA e Eleitorado local votacao 2024
2024,1,Vereador,São Luís,JARDIM AMERICA-ZONA URBANA,89,110,CE PEDRO ALVARES CABRAL,TOTAL VOTOS NOMINAIS - VEREADOR,295,380,,-2.5843084,-44.1976889,TSE - Votacao por secao 2024 MA e Eleitorado local votacao 2024
2024,1,Vereador,São Luís,CIDADE OPERARIA-ZONA URBANA,89,111,CENTRO SOCIAL E COMUNITARIO VOVO ANALIA,TOTAL VOTOS NOMINAIS - VEREADOR,245,316,,-2.5749237,-44.1904784,TSE - Votacao por secao 2024 MA e Eleitorado local votacao 2024
2024,1,Vereador,São Luís,CIDADE OPERARIA-ZONA URBANA,89,113,UEMA - UNIVERSIDADE ESTADUAL DO MARANHAO,TOTAL VOTOS NOMINAIS - VEREADOR,279,346,,-2.5747781,-44.2103547,TSE - Votacao por secao 2024 MA e Eleitorado local votacao 2024
2024,1,Vereador,São Luís,VILA MAGRIL-ZONA RURAL,89,115,UEB GALILEU CLEMENTINO RAMOS SANTOS,TOTAL VOTOS NOMINAIS - VEREADOR,295,393,,-2.6026962,-44.2034778,TSE - Votacao por secao 2024 MA e Eleitorado local votacao 2024
2024,1,Vereador,São Luís,JARDIM AMERICA-ZONA URBANA,89,116,CEI BARJONAS LOBÃO,TOTAL VOTOS NOMINAIS - VEREADOR,269,360,,-2.586801,-44.2004464,TSE - Votacao por secao 2024 MA e Eleitorado local votacao 2024
2024,1,Vereador,São Luís,CIDADE OPERARIA-ZONA URBANA,89,120,CE PROF. IGNÁCIO RANGEL,TOTAL VOTOS NOMINAIS - VEREADOR,277,356,,-2.5651519,-44.2019197,TSE - Votacao por secao 2024 MA e Eleitorado local votacao 2024
2024,1,Vereador,São Luís,VILA MAGRIL-ZONA RURAL,89,121,UEB GALILEU CLEMENTINO RAMOS SANTOS,TOTAL VOTOS NOMINAIS - VEREADOR,306,388,,-2.6026962,-44.2034778,TSE - Votacao por secao 2024 MA e Eleitorado local votacao 2024
2024,1,Vereador,São Luís,JARDIM AMERICA-ZONA URBANA,89,122,CEI BARJONAS LOBÃO,TOTAL VOTOS NOMINAIS - VEREADOR,281,355,,-2.586801,-44.2004464,TSE - Votacao por secao 2024 MA e Eleitorado local votacao 2024
2024,1,Vereador,São Luís,CIDADE OPERARIA-ZONA URBANA,89,123,UEB PROFESSOR NASCIMENTO DE MORAES,TOTAL VOTOS NOMINAIS - VEREADOR,261,319,,-2.5814235,-44.1981845,TSE - Votacao por secao 2024 MA e Eleitorado local votacao 2024
2024,1,Vereador,São Luís,CIDADE OPERARIA-ZONA URBANA,89,124,CE MARIA JOSÉ ARAGÃO,TOTAL VOTOS NOMINAIS - VEREADOR,327,411,,-2.5831071,-44.199833,TSE - Votacao por secao 2024 MA e Eleitorado local votacao 2024
2024,1,Vereador,São Luís,CIDADE OPERARIA-ZONA URBANA,89,126,UEB PROFESSOR NASCIMENTO DE MORAES,TOTAL VOTOS NOMINAIS - VEREADOR,261,317,,-2.5814235,-44.1981845,TSE - Votacao por secao 2024 MA e Eleitorado local votacao 2024
2024,1,Vereador,São Luís,CIDADE OPERARIA-ZONA URBANA,89,130,CENTRO SOCIAL E COMUNITARIO VOVO ANALIA,TOTAL VOTOS NOMINAIS - VEREADOR,258,315,,-2.5749237,-44.1904784,TSE - Votacao por secao 2024 MA e Eleitorado local votacao 2024
2024,1,Vereador,São Luís,CIDADE OPERARIA-ZONA URBANA,89,131,CENTRO SOCIAL E COMUNITARIO VOVO ANALIA,TOTAL VOTOS NOMINAIS - VEREADOR,254,314,,-2.5749237,-44.1904784,TSE - Votacao por secao 2024 MA e Eleitorado local votacao 2024
2024,1,Vereador,São Luís,CIDADE OPERARIA-ZONA URBANA,89,133,CE PROF. IGNÁCIO RANGEL,TOTAL VOTOS NOMINAIS - VEREADOR,268,346,,-2.5651519,-44.2019197,TSE - Votacao por secao 2024 MA e Eleitorado local votacao 2024
2024,1,Vereador,São Luís,CIDADE OPERARIA-ZONA URBANA,89,135,CE MARIA JOSÉ ARAGÃO,TOTAL VOTOS NOMINAIS - VEREADOR,323,404,,-2.5831071,-44.199833,TSE - Votacao por secao 2024 MA e Eleitorado local votacao 2024
2024,1,Vereador,São Luís,CIDADE OPERARIA-ZONA URBANA,89,136,UEB PROFESSOR NASCIMENTO DE MORAES,TOTAL VOTOS NOMINAIS - VEREADOR,260,319,,-2.5814235,-44.1981845,TSE - Votacao por secao 2024 MA e Eleitorado local votacao 2024
2024,1,Vereador,São Luís,CIDADE OLIMPICA - ZONA URBANA,89,138,UEB CIDADE OLIMPICA (AZULÃO),TOTAL VOTOS NOMINAIS - VEREADOR,284,358,,-2.58557,-44.182854,TSE - Votacao por secao 2024 MA e Eleitorado local votacao 2024
2024,1,Vereador,São Luís,JARDIM AMERICA-ZONA URBANA,89,144,CEI BARJONAS LOBÃO,TOTAL VOTOS NOMINAIS - VEREADOR,267,353,,-2.586801,-44.2004464,TSE - Votacao por secao 2024 MA e Eleitorado local votacao 2024
2024,1,Vereador,São Luís,SANTA BARBARA-ZONA URBANA,89,145,CE SANTA BARBARA,TOTAL VOTOS NOMINAIS - VEREADOR,248,343,,-2.6133246,-44.2165163,TSE - Votacao por secao 2024 MA e Eleitorado local votacao 2024
2024,1,Vereador,São Luís,CIDADE OPERARIA-ZONA URBANA,89,155,CENTRO SOCIAL E COMUNITARIO VOVO ANALIA,TOTAL VOTOS NOMINAIS - VEREADOR,259,317,,-2.5749237,-44.1904784,TSE - Votacao por secao 2024 MA e Eleitorado local votacao 2024
2024,1,Vereador,São Luís,CIDADE OPERARIA-ZONA URBANA,89,156,CE PROF. IGNÁCIO RANGEL,TOTAL VOTOS NOMINAIS - VEREADOR,269,345,,-2.5651519,-44.2019197,TSE - Votacao por secao 2024 MA e Eleitorado local votacao 2024
2024,1,Vereador,São Luís,CIDADE OPERARIA-ZONA URBANA,89,160,CE MARIA JOSÉ ARAGÃO,TOTAL VOTOS NOMINAIS - VEREADOR,311,395,,-2.5831071,-44.199833,TSE - Votacao por secao 2024 MA e Eleitorado local votacao 2024
2024,1,Vereador,São Luís,CIDADE OPERARIA-ZONA URBANA,89,162,UEB PROFESSOR NASCIMENTO DE MORAES,TOTAL VOTOS NOMINAIS - VEREADOR,248,317,,-2.5814235,-44.1981845,TSE - Votacao por secao 2024 MA e Eleitorado local votacao 2024
2024,1,Vereador,São Luís,CIDADE OPERARIA-ZONA URBANA,89,163,UEB PROFESSOR NASCIMENTO DE MORAES,TOTAL VOTOS NOMINAIS - VEREADOR,255,323,,-2.5814235,-44.1981845,TSE - Votacao por secao 2024 MA e Eleitorado local votacao 2024
2024,1,Vereador,São Luís,CIDADE OLIMPICA - ZONA URBANA,89,165,UEB CIDADE OLIMPICA (AZULÃO),TOTAL VOTOS NOMINAIS - VEREADOR,286,354,,-2.58557,-44.182854,TSE - Votacao por secao 2024 MA e Eleitorado local votacao 2024
2024,1,Vereador,São Luís,CIDADE OLIMPICA - ZONA URBANA,89,166,UEB CIDADE OLIMPICA (AZULÃO),TOTAL VOTOS NOMINAIS - VEREADOR,290,360,,-2.58557,-44.182854,TSE - Votacao por secao 2024 MA e Eleitorado local votacao 2024
2024,1,Vereador,São Luís,CIDADE OLIMPICA - ZONA URBANA,89,167,UEB CIDADE OLIMPICA (AZULÃO),TOTAL VOTOS NOMINAIS - VEREADOR,285,354,,-2.58557,-44.182854,TSE - Votacao por secao 2024 MA e Eleitorado local votacao 2024
2024,1,Vereador,São Luís,CIDADE OPERARIA-ZONA URBANA,89,168,CE PROF. IGNÁCIO RANGEL,TOTAL VOTOS NOMINAIS - VEREADOR,281,352,,-2.5651519,-44.2019197,TSE - Votacao por secao 2024 MA e Eleitorado local votacao 2024
2024,1,Vereador,São Luís,CIDADE OPERARIA-ZONA URBANA,89,169,CE PROF. IGNÁCIO RANGEL,TOTAL VOTOS NOMINAIS - VEREADOR,261,178,,-2.5651519,-44.2019197,TSE - Votacao por secao 2024 MA e Eleitorado local votacao 2024
2024,1,Vereador,São Luís,CIDADE OPERARIA-ZONA URBANA,89,170,CE MARIA JOSÉ ARAGÃO,TOTAL VOTOS NOMINAIS - VEREADOR,333,400,,-2.5831071,-44.199833,TSE - Votacao por secao 2024 MA e Eleitorado local votacao 2024
2024,1,Vereador,São Luís,CIDADE OPERARIA-ZONA URBANA,89,171,CENTRO SOCIAL E COMUNITARIO VOVO ANALIA,TOTAL VOTOS NOMINAIS - VEREADOR,270,315,,-2.5749237,-44.1904784,TSE - Votacao por secao 2024 MA e Eleitorado local votacao 2024
2024,1,Vereador,São Luís,CIDADE OPERARIA-ZONA URBANA,89,175,CE MARIA JOSÉ ARAGÃO,TOTAL VOTOS NOMINAIS - VEREADOR,322,417,,-2.5831071,-44.199833,TSE - Votacao por secao 2024 MA e Eleitorado local votacao 2024
2024,1,Vereador,São Luís,CIDADE OLIMPICA - ZONA URBANA,89,176,UEB CIDADE OLIMPICA (AZULÃO),TOTAL VOTOS NOMINAIS - VEREADOR,285,355,,-2.58557,-44.182854,TSE - Votacao por secao 2024 MA e Eleitorado local votacao 2024
2024,1,Vereador,São Luís,CIDADE OLIMPICA - ZONA URBANA,89,177,ESCOLA EDUCANDO,TOTAL VOTOS NOMINAIS - VEREADOR,299,373,,-2.5996635,-44.1821492,TSE - Votacao por secao 2024 MA e Eleitorado local votacao 2024
2024,1,Vereador,São Luís,CIDADE OPERARIA-ZONA URBANA,89,179,CENTRO SOCIAL E COMUNITARIO VOVO ANALIA,TOTAL VOTOS NOMINAIS - VEREADOR,257,317,,-2.5749237,-44.1904784,TSE - Votacao por secao 2024 MA e Eleitorado local votacao 2024
2024,1,Vereador,São Luís,CIDADE OPERARIA-ZONA URBANA,89,180,CE CIDADE OPERARIA II - CEM II,TOTAL VOTOS NOMINAIS - VEREADOR,268,345,,-2.5685326,-44.2056372,TSE - Votacao por secao 2024 MA e Eleitorado local votacao 2024
2024,1,Vereador,São Luís,SANTA CLARA-ZONA URBANA,89,182,UEB SANTA CLARA,TOTAL VOTOS NOMINAIS - VEREADOR,313,391,,-2.5983884,-44.1989189,TSE - Votacao por secao 2024 MA e Eleitorado local votacao 2024
2024,1,Vereador,São Luís,CIDADE OPERARIA-ZONA URBANA,89,184,CE CIDADE OPERARIA I - CEM I,TOTAL VOTOS NOMINAIS - VEREADOR,292,384,,-2.5758879,-44.1984463,TSE - Votacao por secao 2024 MA e Eleitorado local votacao 2024
2024,1,Vereador,São Luís,CIDADE OLIMPICA - ZONA URBANA,89,186,ESCOLA EDUCANDO,TOTAL VOTOS NOMINAIS - VEREADOR,285,367,,-2.5996635,-44.1821492,TSE - Votacao por secao 2024 MA e Eleitorado local votacao 2024
2024,1,Vereador,São Luís,TAJIPURU-ZONA RURAL,89,187,UEB HONORIO ODORICO FERREIRA,TOTAL VOTOS NOMINAIS - VEREADOR,262,335,,-2.6489595,-44.1788824,TSE - Votacao por secao 2024 MA e Eleitorado local votacao 2024
2024,1,Vereador,São Luís,CIDADE OPERARIA-ZONA URBANA,89,190,CE CIDADE OPERARIA I - CEM I,TOTAL VOTOS NOMINAIS - VEREADOR,297,385,,-2.5758879,-44.1984463,TSE - Votacao por secao 2024 MA e Eleitorado local votacao 2024
2024,1,Vereador,São Luís,CIDADE OPERARIA-ZONA URBANA,89,192,CE MARIA JOSÉ ARAGÃO,TOTAL VOTOS NOMINAIS - VEREADOR,276,335,,-2.5831071,-44.199833,TSE - Votacao por secao 2024 MA e Eleitorado local votacao 2024
2024,1,Vereador,São Luís,CIDADE OPERARIA-ZONA URBANA,89,193,CE CIDADE OPERARIA I - CEM I,TOTAL VOTOS NOMINAIS - VEREADOR,313,391,,-2.5758879,-44.1984463,TSE - Votacao por secao 2024 MA e Eleitorado local votacao 2024
2024,1,Vereador,São Luís,SANTA BARBARA-ZONA URBANA,89,194,UEB EVANDRO BESSA,TOTAL VOTOS NOMINAIS - VEREADOR,307,390,,-2.6035479,-44.2116794,TSE - Votacao por secao 2024 MA e Eleitorado local votacao 2024
2024,1,Vereador,São Luís,CIDADE OPERARIA-ZONA URBANA,89,195,CE CIDADE OPERARIA II - CEM II,TOTAL VOTOS NOMINAIS - VEREADOR,270,348,,-2.5685326,-44.2056372,TSE - Votacao por secao 2024 MA e Eleitorado local votacao 2024
2024,1,Vereador,São Luís,CIDADE OPERARIA-ZONA URBANA,89,197,CE CIDADE OPERARIA I - CEM I,TOTAL VOTOS NOMINAIS - VEREADOR,293,382,,-2.5758879,-44.1984463,TSE - Votacao por secao 2024 MA e Eleitorado local votacao 2024
2024,1,Vereador,São Luís,SANTA CLARA-ZONA URBANA,89,199,UEB SANTA CLARA,TOTAL VOTOS NOMINAIS - VEREADOR,324,392,,-2.5983884,-44.1989189,TSE - Votacao por secao 2024 MA e Eleitorado local votacao 2024
2024,1,Vereador,São Luís,CIDADE OPERARIA-ZONA URBANA,89,201,CE CIDADE OPERARIA I - CEM I,TOTAL VOTOS NOMINAIS - VEREADOR,300,390,,-2.5758879,-44.1984463,TSE - Votacao por secao 2024 MA e Eleitorado local votacao 2024
2024,1,Vereador,São Luís,CIDADE OLIMPICA - ZONA URBANA,89,204,ESCOLA EDUCANDO,TOTAL VOTOS NOMINAIS - VEREADOR,272,371,,-2.5996635,-44.1821492,TSE - Votacao por secao 2024 MA e Eleitorado local votacao 2024
2024,1,Vereador,São Luís,CIDADE OPERARIA-ZONA URBANA,89,205,CE CIDADE OPERARIA I - CEM I,TOTAL VOTOS NOMINAIS - VEREADOR,301,384,,-2.5758879,-44.1984463,TSE - Votacao por secao 2024 MA e Eleitorado local votacao 2024
2024,1,Vereador,São Luís,CIDADE OPERARIA-ZONA URBANA,89,206,CE CIDADE OPERARIA II - CEM II,TOTAL VOTOS NOMINAIS - VEREADOR,261,346,,-2.5685326,-44.2056372,TSE - Votacao por secao 2024 MA e Eleitorado local votacao 2024
2024,1,Vereador,São Luís,CIDADE OPERARIA-ZONA URBANA,89,207,CE MARIA JOSÉ ARAGÃO,TOTAL VOTOS NOMINAIS - VEREADOR,281,336,,-2.5831071,-44.199833,TSE - Votacao por secao 2024 MA e Eleitorado local votacao 2024
2024,1,Vereador,São Luís,CIDADE OPERARIA-ZONA URBANA,89,208,CE CIDADE OPERARIA I - CEM I,TOTAL VOTOS NOMINAIS - VEREADOR,296,385,,-2.5758879,-44.1984463,TSE - Votacao por secao 2024 MA e Eleitorado local votacao 2024
2024,1,Vereador,São Luís,CIDADE OPERARIA-ZONA URBANA,89,212,CENTRO SOCIAL E COMUNITARIO VOVO ANALIA,TOTAL VOTOS NOMINAIS - VEREADOR,256,315,,-2.5749237,-44.1904784,TSE - Votacao por secao 2024 MA e Eleitorado local votacao 2024
2024,1,Vereador,São Luís,CIDADE OLIMPICA - ZONA URBANA,89,213,ESCOLA EDUCANDO,TOTAL VOTOS NOMINAIS - VEREADOR,282,370,,-2.5996635,-44.1821492,TSE - Votacao por secao 2024 MA e Eleitorado local votacao 2024
2024,1,Vereador,São Luís,VILA MAGRIL-ZONA RURAL,89,214,UEB GALILEU CLEMENTINO RAMOS SANTOS,TOTAL VOTOS NOMINAIS - VEREADOR,310,391,,-2.6026962,-44.2034778,TSE - Votacao por secao 2024 MA e Eleitorado local votacao 2024
2024,1,Vereador,São Luís,CIDADE OPERARIA-ZONA URBANA,89,215,UEMA - UNIVERSIDADE ESTADUAL DO MARANHAO,TOTAL VOTOS NOMINAIS - VEREADOR,257,350,,-2.5747781,-44.2103547,TSE - Votacao por secao 2024 MA e Eleitorado local votacao 2024
2024,1,Vereador,São Luís,SANTA CLARA-ZONA URBANA,89,218,UEB SANTA CLARA,TOTAL VOTOS NOMINAIS - VEREADOR,302,383,,-2.5983884,-44.1989189,TSE - Votacao por secao 2024 MA e Eleitorado local votacao 2024
2024,1,Vereador,São Luís,CIDADE OPERARIA-ZONA URBANA,89,220,CE CIDADE OPERARIA II - CEM II,TOTAL VOTOS NOMINAIS - VEREADOR,275,348,,-2.5685326,-44.2056372,TSE - Votacao por secao 2024 MA e Eleitorado local votacao 2024
2024,1,Vereador,São Luís,CIDADE OPERARIA-ZONA URBANA,89,221,UEMA - UNIVERSIDADE ESTADUAL DO MARANHAO,TOTAL VOTOS NOMINAIS - VEREADOR,265,349,,-2.5747781,-44.2103547,TSE - Votacao por secao 2024 MA e Eleitorado local votacao 2024
2024,1,Vereador,São Luís,CIDADE OPERARIA-ZONA URBANA,89,222,CE MARIA JOSÉ ARAGÃO,TOTAL VOTOS NOMINAIS - VEREADOR,285,337,,-2.5831071,-44.199833,TSE - Votacao por secao 2024 MA e Eleitorado local votacao 2024
2024,1,Vereador,São Luís,CIDADE OLIMPICA - ZONA URBANA,89,223,ESCOLA EDUCANDO,TOTAL VOTOS NOMINAIS - VEREADOR,304,373,,-2.5996635,-44.1821492,TSE - Votacao por secao 2024 MA e Eleitorado local votacao 2024
2024,1,Vereador,São Luís,SANTA BARBARA-ZONA URBANA,89,226,UEB EVANDRO BESSA,TOTAL VOTOS NOMINAIS - VEREADOR,325,382,,-2.6035479,-44.2116794,TSE - Votacao por secao 2024 MA e Eleitorado local votacao 2024
2024,1,Vereador,São Luís,CIDADE OPERARIA-ZONA URBANA,89,227,UEMA - UNIVERSIDADE ESTADUAL DO MARANHAO,TOTAL VOTOS NOMINAIS - VEREADOR,267,350,,-2.5747781,-44.2103547,TSE - Votacao por secao 2024 MA e Eleitorado local votacao 2024
2024,1,Vereador,São Luís,CIDADE OPERARIA-ZONA URBANA,89,229,UEMA - UNIVERSIDADE ESTADUAL DO MARANHAO,TOTAL VOTOS NOMINAIS - VEREADOR,266,351,,-2.5747781,-44.2103547,TSE - Votacao por secao 2024 MA e Eleitorado local votacao 2024
2024,1,Vereador,São Luís,CIDADE OPERARIA-ZONA URBANA,89,231,CE CIDADE OPERARIA II - CEM II,TOTAL VOTOS NOMINAIS - VEREADOR,259,340,,-2.5685326,-44.2056372,TSE - Votacao por secao 2024 MA e Eleitorado local votacao 2024
2024,1,Vereador,São Luís,CIDADE OLIMPICA - ZONA URBANA,89,232,UEB JOSE RIBAMAR BOGEIA,TOTAL VOTOS NOMINAIS - VEREADOR,310,391,,-2.6013193,-44.1829895,TSE - Votacao por secao 2024 MA e Eleitorado local votacao 2024
2024,1,Vereador,São Luís,CIDADE OPERARIA-ZONA URBANA,89,233,UEMA - UNIVERSIDADE ESTADUAL DO MARANHAO,TOTAL VOTOS NOMINAIS - VEREADOR,271,352,,-2.5747781,-44.2103547,TSE - Votacao por secao 2024 MA e Eleitorado local votacao 2024
2024,1,Vereador,São Luís,SANTA CLARA-ZONA URBANA,89,234,UEB SANTA CLARA,TOTAL VOTOS NOMINAIS - VEREADOR,306,385,,-2.5983884,-44.1989189,TSE - Votacao por secao 2024 MA e Eleitorado local votacao 2024
2024,1,Vereador,São Luís,CIDADE OPERARIA-ZONA URBANA,89,236,UEB PROFESSOR MATA ROMA,TOTAL VOTOS NOMINAIS - VEREADOR,262,333,,-2.581793,-44.1986789,TSE - Votacao por secao 2024 MA e Eleitorado local votacao 2024
2024,1,Vereador,São Luís,CIDADE OPERARIA-ZONA URBANA,89,238,CE CIDADE OPERARIA II - CEM II,TOTAL VOTOS NOMINAIS - VEREADOR,270,345,,-2.5685326,-44.2056372,TSE - Votacao por secao 2024 MA e Eleitorado local votacao 2024
2024,1,Vereador,São Luís,CIDADE OPERARIA-ZONA URBANA,89,239,CE CIDADE OPERARIA II - CEM II,TOTAL VOTOS NOMINAIS - VEREADOR,278,346,,-2.5685326,-44.2056372,TSE - Votacao por secao 2024 MA e Eleitorado local votacao 2024
2024,1,Vereador,São Luís,CIDADE OLIMPICA - ZONA URBANA,89,240,UEB JOSE RIBAMAR BOGEIA,TOTAL VOTOS NOMINAIS - VEREADOR,314,383,,-2.6013193,-44.1829895,TSE - Votacao por secao 2024 MA e Eleitorado local votacao 2024
2024,1,Vereador,São Luís,CIDADE OPERARIA-ZONA URBANA,89,243,UEB PROFESSOR MATA ROMA,TOTAL VOTOS NOMINAIS - VEREADOR,267,326,,-2.581793,-44.1986789,TSE - Votacao por secao 2024 MA e Eleitorado local votacao 2024
2024,1,Vereador,São Luís,CIDADE OPERARIA-ZONA URBANA,89,245,UEMA - UNIVERSIDADE ESTADUAL DO MARANHAO,TOTAL VOTOS NOMINAIS - VEREADOR,262,349,,-2.5747781,-44.2103547,TSE - Votacao por secao 2024 MA e Eleitorado local votacao 2024
2024,1,Vereador,São Luís,CIDADE OPERARIA-ZONA URBANA,89,246,CE CIDADE OPERARIA II - CEM II,TOTAL VOTOS NOMINAIS - VEREADOR,279,350,,-2.5685326,-44.2056372,TSE - Votacao por secao 2024 MA e Eleitorado local votacao 2024
2024,1,Vereador,São Luís,TAJACOABA-ZONA RURAL,89,247,UEB TEIXEIRA MOTA,TOTAL VOTOS NOMINAIS - VEREADOR,252,325,,-2.6332846,-44.2172959,TSE - Votacao por secao 2024 MA e Eleitorado local votacao 2024
2024,1,Vereador,São Luís,CIDADE OLIMPICA - ZONA URBANA,89,248,UEB JOSE RIBAMAR BOGEIA,TOTAL VOTOS NOMINAIS - VEREADOR,321,391,,-2.6013193,-44.1829895,TSE - Votacao por secao 2024 MA e Eleitorado local votacao 2024
2024,1,Vereador,São Luís,CIDADE OPERARIA-ZONA URBANA,89,249,UEB PROFESSOR MATA ROMA,TOTAL VOTOS NOMINAIS - VEREADOR,259,333,,-2.581793,-44.1986789,TSE - Votacao por secao 2024 MA e Eleitorado local votacao 2024
2024,1,Vereador,São Luís,CIDADE OLIMPICA - ZONA URBANA,89,250,UEB JOSE RIBAMAR BOGEIA,TOTAL VOTOS NOMINAIS - VEREADOR,314,390,,-2.6013193,-44.1829895,TSE - Votacao por secao 2024 MA e Eleitorado local votacao 2024
2024,1,Vereador,São Luís,CIDADE OLIMPICA - ZONA URBANA,89,251,UEB JOSE RIBAMAR BOGEIA,TOTAL VOTOS NOMINAIS - VEREADOR,309,384,,-2.6013193,-44.1829895,TSE - Votacao por secao 2024 MA e Eleitorado local votacao 2024
2024,1,Vereador,São Luís,CIDADE OPERARIA-ZONA URBANA,89,252,CE CIDADE OPERARIA II - CEM II,TOTAL VOTOS NOMINAIS - VEREADOR,274,345,,-2.5685326,-44.2056372,TSE - Votacao por secao 2024 MA e Eleitorado local votacao 2024
2024,1,Vereador,São Luís,CIDADE OLIMPICA - ZONA URBANA,89,253,UEB JOSE RIBAMAR BOGEIA,TOTAL VOTOS NOMINAIS - VEREADOR,298,385,,-2.6013193,-44.1829895,TSE - Votacao por secao 2024 MA e Eleitorado local votacao 2024
2024,1,Vereador,São Luís,CIDADE OPERARIA-ZONA URBANA,89,254,CE CIDADE OPERARIA I - CEM I,TOTAL VOTOS NOMINAIS - VEREADOR,261,376,,-2.5758879,-44.1984463,TSE - Votacao por secao 2024 MA e Eleitorado local votacao 2024
2024,1,Vereador,São Luís,CIDADE OLIMPICA - ZONA URBANA,89,256,UEB CIDADE OLIMPICA (AZULÃO),TOTAL VOTOS NOMINAIS - VEREADOR,269,356,,-2.58557,-44.182854,TSE - Votacao por secao 2024 MA e Eleitorado local votacao 2024
2024,1,Vereador,São Luís,CIDADE OPERARIA-ZONA URBANA,89,258,CE CIDADE OPERARIA I - CEM I,TOTAL VOTOS NOMINAIS - VEREADOR,292,384,,-2.5758879,-44.1984463,TSE - Votacao por secao 2024 MA e Eleitorado local votacao 2024
2024,1,Vereador,São Luís,SANTA BARBARA-ZONA URBANA,89,260,UEB EVANDRO BESSA,TOTAL VOTOS NOMINAIS - VEREADOR,294,378,,-2.6035479,-44.2116794,TSE - Votacao por secao 2024 MA e Eleitorado local votacao 2024
2024,1,Vereador,São Luís,CIDADE OPERARIA-ZONA URBANA,89,261,UEB PROFESSOR MATA ROMA,TOTAL VOTOS NOMINAIS - VEREADOR,270,337,,-2.581793,-44.1986789,TSE - Votacao por secao 2024 MA e Eleitorado local votacao 2024
2024,1,Vereador,São Luís,SANTA CLARA-ZONA URBANA,89,262,UEB SANTA CLARA,TOTAL VOTOS NOMINAIS - VEREADOR,301,388,,-2.5983884,-44.1989189,TSE - Votacao por secao 2024 MA e Eleitorado local votacao 2024
2024,1,Vereador,São Luís,CIDADE OPERARIA-ZONA URBANA,89,263,CE CIDADE OPERARIA I - CEM I,TOTAL VOTOS NOMINAIS - VEREADOR,280,382,,-2.5758879,-44.1984463,TSE - Votacao por secao 2024 MA e Eleitorado local votacao 2024
2024,1,Vereador,São Luís,VILA JANAINA-ZONA URBANA,89,264,UEB ROSENO DE JESUS MENDES,TOTAL VOTOS NOMINAIS - VEREADOR,291,385,,-2.5929408,-44.1900872,TSE - Votacao por secao 2024 MA e Eleitorado local votacao 2024
2024,1,Vereador,São Luís,CIDADE OLIMPICA - ZONA URBANA,89,265,UEB JOSE RIBAMAR BOGEIA,TOTAL VOTOS NOMINAIS - VEREADOR,313,386,,-2.6013193,-44.1829895,TSE - Votacao por secao 2024 MA e Eleitorado local votacao 2024
2024,1,Vereador,São Luís,CIDADE OLIMPICA - ZONA URBANA,89,267,UEB CIDADE OLIMPICA (AZULÃO),TOTAL VOTOS NOMINAIS - VEREADOR,271,355,,-2.58557,-44.182854,TSE - Votacao por secao 2024 MA e Eleitorado local votacao 2024
2024,1,Vereador,São Luís,CIDADE OPERARIA-ZONA URBANA,89,269,CE CIDADE OPERARIA I - CEM I,TOTAL VOTOS NOMINAIS - VEREADOR,310,388,,-2.5758879,-44.1984463,TSE - Votacao por secao 2024 MA e Eleitorado local votacao 2024
2024,1,Vereador,São Luís,CIDADE OPERARIA-ZONA URBANA,89,271,CE CIDADE OPERARIA II - CEM II,TOTAL VOTOS NOMINAIS - VEREADOR,278,344,,-2.5685326,-44.2056372,TSE - Votacao por secao 2024 MA e Eleitorado local votacao 2024
2024,1,Vereador,São Luís,CIDADE OPERARIA-ZONA URBANA,89,272,CE CIDADE OPERARIA I - CEM I,TOTAL VOTOS NOMINAIS - VEREADOR,313,383,,-2.5758879,-44.1984463,TSE - Votacao por secao 2024 MA e Eleitorado local votacao 2024
2024,1,Vereador,São Luís,CIDADE OPERARIA-ZONA URBANA,89,273,CE JOSE JUSTINO PEREIRA,TOTAL VOTOS NOMINAIS - VEREADOR,268,355,,-2.5740563,-44.1961025,TSE - Votacao por secao 2024 MA e Eleitorado local votacao 2024
2024,1,Vereador,São Luís,CIDADE OPERARIA-ZONA URBANA,89,274,UEB PROFESSOR NASCIMENTO DE MORAES,TOTAL VOTOS NOMINAIS - VEREADOR,257,320,,-2.5814235,-44.1981845,TSE - Votacao por secao 2024 MA e Eleitorado local votacao 2024
2024,1,Vereador,São Luís,CIDADE OLIMPICA - ZONA URBANA,89,275,UEB JOSE RIBAMAR BOGEIA,TOTAL VOTOS NOMINAIS - VEREADOR,298,385,,-2.6013193,-44.1829895,TSE - Votacao por secao 2024 MA e Eleitorado local votacao 2024
2024,1,Vereador,São Luís,TAJIPURU-ZONA RURAL,89,277,UEB PROTEÇÃO DE JESUS,TOTAL VOTOS NOMINAIS - VEREADOR,282,329,,-2.6720755,-44.1848648,TSE - Votacao por secao 2024 MA e Eleitorado local votacao 2024
2024,1,Vereador,São Luís,SANTA CLARA-ZONA URBANA,89,279,UEB SANTA CLARA,TOTAL VOTOS NOMINAIS - VEREADOR,317,387,,-2.5983884,-44.1989189,TSE - Votacao por secao 2024 MA e Eleitorado local votacao 2024
2024,1,Vereador,São Luís,CIDADE OLIMPICA - ZONA URBANA,89,281,UEB CIDADE OLIMPICA (AZULÃO),TOTAL VOTOS NOMINAIS - VEREADOR,268,361,,-2.58557,-44.182854,TSE - Votacao por secao 2024 MA e Eleitorado local votacao 2024
2024,1,Vereador,São Luís,CIDADE OPERARIA-ZONA URBANA,89,282,CE CIDADE OPERARIA II - CEM II,TOTAL VOTOS NOMINAIS - VEREADOR,261,351,,-2.5685326,-44.2056372,TSE - Votacao por secao 2024 MA e Eleitorado local votacao 2024
2024,1,Vereador,São Luís,CIDADE OLIMPICA - ZONA URBANA,89,284,UEB CIDADE OLIMPICA (AZULÃO),TOTAL VOTOS NOMINAIS - VEREADOR,289,353,,-2.58557,-44.182854,TSE - Votacao por secao 2024 MA e Eleitorado local votacao 2024
2024,1,Vereador,São Luís,CIDADE OPERARIA-ZONA URBANA,89,286,CE JOSE JUSTINO PEREIRA,TOTAL VOTOS NOMINAIS - VEREADOR,279,357,,-2.5740563,-44.1961025,TSE - Votacao por secao 2024 MA e Eleitorado local votacao 2024
2024,1,Vereador,São Luís,VILA JANAINA-ZONA URBANA,89,288,UEB ROSENO DE JESUS MENDES,TOTAL VOTOS NOMINAIS - VEREADOR,311,385,,-2.5929408,-44.1900872,TSE - Votacao por secao 2024 MA e Eleitorado local votacao 2024
2024,1,Vereador,São Luís,CIDADE OLIMPICA - ZONA URBANA,89,289,UEB JOSE RIBAMAR BOGEIA,TOTAL VOTOS NOMINAIS - VEREADOR,299,394,,-2.6013193,-44.1829895,TSE - Votacao por secao 2024 MA e Eleitorado local votacao 2024
2024,1,Vereador,São Luís,CIDADE OPERARIA-ZONA URBANA,89,290,UEB PROFESSOR NASCIMENTO DE MORAES,TOTAL VOTOS NOMINAIS - VEREADOR,253,320,,-2.5814235,-44.1981845,TSE - Votacao por secao 2024 MA e Eleitorado local votacao 2024
2024,1,Vereador,São Luís,SANTA BARBARA-ZONA URBANA,89,291,UEB EVANDRO BESSA,TOTAL VOTOS NOMINAIS - VEREADOR,311,388,,-2.6035479,-44.2116794,TSE - Votacao por secao 2024 MA e Eleitorado local votacao 2024
2024,1,Vereador,São Luís,CIDADE OPERARIA-ZONA URBANA,89,293,UEB PROFESSOR MATA ROMA,TOTAL VOTOS NOMINAIS - VEREADOR,259,332,,-2.581793,-44.1986789,TSE - Votacao por secao 2024 MA e Eleitorado local votacao 2024
2024,1,Vereador,São Luís,CIDADE OPERARIA-ZONA URBANA,89,296,CE JOSE JUSTINO PEREIRA,TOTAL VOTOS NOMINAIS - VEREADOR,278,361,,-2.5740563,-44.1961025,TSE - Votacao por secao 2024 MA e Eleitorado local votacao 2024
2024,1,Vereador,São Luís,CIDADE OPERARIA-ZONA URBANA,89,297,CE CIDADE OPERARIA II - CEM II,TOTAL VOTOS NOMINAIS - VEREADOR,279,350,,-2.5685326,-44.2056372,TSE - Votacao por secao 2024 MA e Eleitorado local votacao 2024
2024,1,Vereador,São Luís,SANTA CLARA-ZONA URBANA,89,298,UEB SANTA CLARA,TOTAL VOTOS NOMINAIS - VEREADOR,317,385,,-2.5983884,-44.1989189,TSE - Votacao por secao 2024 MA e Eleitorado local votacao 2024
2024,1,Vereador,São Luís,CIDADE OLIMPICA - ZONA URBANA,89,302,UEB CIDADE OLIMPICA (AZULÃO),TOTAL VOTOS NOMINAIS - VEREADOR,284,357,,-2.58557,-44.182854,TSE - Votacao por secao 2024 MA e Eleitorado local votacao 2024
2024,1,Vereador,São Luís,VILA JANAINA-ZONA URBANA,89,303,UEB ROSENO DE JESUS MENDES,TOTAL VOTOS NOMINAIS - VEREADOR,324,384,,-2.5929408,-44.1900872,TSE - Votacao por secao 2024 MA e Eleitorado local votacao 2024
2024,1,Vereador,São Luís,VILA JANAINA-ZONA URBANA,89,305,UEB ROSENO DE JESUS MENDES,TOTAL VOTOS NOMINAIS - VEREADOR,292,376,,-2.5929408,-44.1900872,TSE - Votacao por secao 2024 MA e Eleitorado local votacao 2024
2024,1,Vereador,São Luís,VILA JANAINA-ZONA URBANA,89,306,UEB ROSENO DE JESUS MENDES,TOTAL VOTOS NOMINAIS - VEREADOR,303,382,,-2.5929408,-44.1900872,TSE - Votacao por secao 2024 MA e Eleitorado local votacao 2024
2024,1,Vereador,São Luís,CIDADE OPERARIA-ZONA URBANA,89,307,UEB PROFESSOR MATA ROMA,TOTAL VOTOS NOMINAIS - VEREADOR,267,336,,-2.581793,-44.1986789,TSE - Votacao por secao 2024 MA e Eleitorado local votacao 2024
2024,1,Vereador,São Luís,CIDADE OPERARIA-ZONA URBANA,89,308,CE PROF. JOAO MARTINS,TOTAL VOTOS NOMINAIS - VEREADOR,225,296,,-2.5740673,-44.1955631,TSE - Votacao por secao 2024 MA e Eleitorado local votacao 2024
2024,1,Vereador,São Luís,CIDADE OPERARIA-ZONA URBANA,89,310,UEMA - UNIVERSIDADE ESTADUAL DO MARANHAO,TOTAL VOTOS NOMINAIS - VEREADOR,275,352,,-2.5747781,-44.2103547,TSE - Votacao por secao 2024 MA e Eleitorado local votacao 2024
2024,1,Vereador,São Luís,VILA JANAINA-ZONA URBANA,89,313,UEB ROSENO DE JESUS MENDES,TOTAL VOTOS NOMINAIS - VEREADOR,305,377,,-2.5929408,-44.1900872,TSE - Votacao por secao 2024 MA e Eleitorado local votacao 2024
2024,1,Vereador,São Luís,CIDADE OPERARIA-ZONA URBANA,89,314,UEMA - UNIVERSIDADE ESTADUAL DO MARANHAO,TOTAL VOTOS NOMINAIS - VEREADOR,251,351,,-2.5747781,-44.2103547,TSE - Votacao por secao 2024 MA e Eleitorado local votacao 2024
2024,1,Vereador,São Luís,CIDADE OPERARIA-ZONA URBANA,89,315,UEB PROFESSOR MATA ROMA,TOTAL VOTOS NOMINAIS - VEREADOR,262,337,,-2.581793,-44.1986789,TSE - Votacao por secao 2024 MA e Eleitorado local votacao 2024
2024,1,Vereador,São Luís,CIDADE OLIMPICA - ZONA URBANA,89,317,UEB CIDADE OLIMPICA (AZULÃO),TOTAL VOTOS NOMINAIS - VEREADOR,280,359,,-2.58557,-44.182854,TSE - Votacao por secao 2024 MA e Eleitorado local votacao 2024
2024,1,Vereador,São Luís,SANTA CLARA-ZONA URBANA,89,320,UEB SANTA CLARA,TOTAL VOTOS NOMINAIS - VEREADOR,289,381,,-2.5983884,-44.1989189,TSE - Votacao por secao 2024 MA e Eleitorado local votacao 2024
2024,1,Vereador,São Luís,SANTA BARBARA-ZONA URBANA,89,321,CE CRUZEIRO DE SANTA BARBARA,TOTAL VOTOS NOMINAIS - VEREADOR,245,316,,-2.5951197,-44.2124359,TSE - Votacao por secao 2024 MA e Eleitorado local votacao 2024
2024,1,Vereador,São Luís,CIDADE OPERARIA-ZONA URBANA,89,322,UEMA - UNIVERSIDADE ESTADUAL DO MARANHAO,TOTAL VOTOS NOMINAIS - VEREADOR,261,345,,-2.5747781,-44.2103547,TSE - Votacao por secao 2024 MA e Eleitorado local votacao 2024
2024,1,Vereador,São Luís,CIDADE OPERARIA-ZONA URBANA,89,324,CE PROF. JOAO MARTINS,TOTAL VOTOS NOMINAIS - VEREADOR,226,295,,-2.5740673,-44.1955631,TSE - Votacao por secao 2024 MA e Eleitorado local votacao 2024
2024,1,Vereador,São Luís,CIDADE OPERARIA-ZONA URBANA,89,325,UEB PROFESSOR MATA ROMA,TOTAL VOTOS NOMINAIS - VEREADOR,268,335,,-2.581793,-44.1986789,TSE - Votacao por secao 2024 MA e Eleitorado local votacao 2024
2024,1,Vereador,São Luís,VILA JANAINA-ZONA URBANA,89,326,UEB ROSENO DE JESUS MENDES,TOTAL VOTOS NOMINAIS - VEREADOR,312,383,,-2.5929408,-44.1900872,TSE - Votacao por secao 2024 MA e Eleitorado local votacao 2024
2024,1,Vereador,São Luís,CIDADE OPERARIA-ZONA URBANA,89,328,UEMA - UNIVERSIDADE ESTADUAL DO MARANHAO,TOTAL VOTOS NOMINAIS - VEREADOR,264,347,,-2.5747781,-44.2103547,TSE - Votacao por secao 2024 MA e Eleitorado local votacao 2024
2024,1,Vereador,São Luís,CIDADE OLIMPICA - ZONA URBANA,89,330,UEB CIDADE OLIMPICA (AZULÃO),TOTAL VOTOS NOMINAIS - VEREADOR,285,358,,-2.58557,-44.182854,TSE - Votacao por secao 2024 MA e Eleitorado local votacao 2024
2024,1,Vereador,São Luís,CIDADE OPERARIA-ZONA URBANA,89,333,UEB PROFESSOR MATA ROMA,TOTAL VOTOS NOMINAIS - VEREADOR,284,340,,-2.581793,-44.1986789,TSE - Votacao por secao 2024 MA e Eleitorado local votacao 2024
2024,1,Vereador,São Luís,CIDADE OPERARIA-ZONA URBANA,89,334,UEMA - UNIVERSIDADE ESTADUAL DO MARANHAO,TOTAL VOTOS NOMINAIS - VEREADOR,249,344,,-2.5747781,-44.2103547,TSE - Votacao por secao 2024 MA e Eleitorado local votacao 2024
2024,1,Vereador,São Luís,CIDADE OPERARIA-ZONA URBANA,89,335,UEMA - UNIVERSIDADE ESTADUAL DO MARANHAO,TOTAL VOTOS NOMINAIS - VEREADOR,272,349,,-2.5747781,-44.2103547,TSE - Votacao por secao 2024 MA e Eleitorado local votacao 2024
2024,1,Vereador,São Luís,VILA MAGRIL-ZONA RURAL,89,337,UEB GALILEU CLEMENTINO RAMOS SANTOS,TOTAL VOTOS NOMINAIS - VEREADOR,309,392,,-2.6026962,-44.2034778,TSE - Votacao por secao 2024 MA e Eleitorado local votacao 2024
2024,1,Vereador,São Luís,CIDADE OPERARIA-ZONA URBANA,89,338,UEMA - UNIVERSIDADE ESTADUAL DO MARANHAO,TOTAL VOTOS NOMINAIS - VEREADOR,253,351,,-2.5747781,-44.2103547,TSE - Votacao por secao 2024 MA e Eleitorado local votacao 2024
2024,1,Vereador,São Luís,CIDADE OPERARIA-ZONA URBANA,89,339,CENTRO EDUCA MAIS PAULO VI,TOTAL VOTOS NOMINAIS - VEREADOR,238,305,,-2.5747213,-44.206056,TSE - Votacao por secao 2024 MA e Eleitorado local votacao 2024
2024,1,Vereador,São Luís,CIDADE OPERARIA-ZONA URBANA,89,340,CE MENINO JESUS DE PRAGA,TOTAL VOTOS NOMINAIS - VEREADOR,289,367,,-2.5771416,-44.2049367,TSE - Votacao por secao 2024 MA e Eleitorado local votacao 2024
2024,1,Vereador,São Luís,CIDADE OPERARIA-ZONA URBANA,89,341,UEB TANCREDO NEVES,TOTAL VOTOS NOMINAIS - VEREADOR,255,353,,-2.5672127,-44.1994661,TSE - Votacao por secao 2024 MA e Eleitorado local votacao 2024
2024,1,Vereador,São Luís,CIDADE OPERARIA-ZONA URBANA,89,342,CE SANTA TERESA,TOTAL VOTOS NOMINAIS - VEREADOR,287,364,,-2.5779766,-44.2051089,TSE - Votacao por secao 2024 MA e Eleitorado local votacao 2024
2024,1,Vereador,São Luís,SANTA EFIGENIA-ZONA URBANA,89,343,UEB 1º DE MAIO,TOTAL VOTOS NOMINAIS - VEREADOR,310,381,,-2.5799726,-44.1890326,TSE - Votacao por secao 2024 MA e Eleitorado local votacao 2024
2024,1,Vereador,São Luís,CIDADE OPERARIA-ZONA URBANA,89,345,UEB PROFESSOR MATA ROMA,TOTAL VOTOS NOMINAIS - VEREADOR,265,336,,-2.581793,-44.1986789,TSE - Votacao por secao 2024 MA e Eleitorado local votacao 2024
2024,1,Vereador,São Luís,CIDADE OPERARIA-ZONA URBANA,89,346,UEB TANCREDO NEVES,TOTAL VOTOS NOMINAIS - VEREADOR,212,304,,-2.5672127,-44.1994661,TSE - Votacao por secao 2024 MA e Eleitorado local votacao 2024
2024,1,Vereador,São Luís,VILA JANAINA-ZONA URBANA,89,348,UEB ROSENO DE JESUS MENDES,TOTAL VOTOS NOMINAIS - VEREADOR,308,382,,-2.5929408,-44.1900872,TSE - Votacao por secao 2024 MA e Eleitorado local votacao 2024
2024,1,Vereador,São Luís,SANTA CLARA-ZONA URBANA,89,349,UEB SANTA CLARA,TOTAL VOTOS NOMINAIS - VEREADOR,309,386,,-2.5983884,-44.1989189,TSE - Votacao por secao 2024 MA e Eleitorado local votacao 2024
2024,1,Vereador,São Luís,CIDADE OPERARIA-ZONA URBANA,89,350,CE PROF. JOAO MARTINS,TOTAL VOTOS NOMINAIS - VEREADOR,254,303,,-2.5740673,-44.1955631,TSE - Votacao por secao 2024 MA e Eleitorado local votacao 2024
2024,1,Vereador,São Luís,CIDADE OPERARIA-ZONA URBANA,89,351,UEMA - UNIVERSIDADE ESTADUAL DO MARANHAO,TOTAL VOTOS NOMINAIS - VEREADOR,255,350,,-2.5747781,-44.2103547,TSE - Votacao por secao 2024 MA e Eleitorado local votacao 2024
2024,1,Vereador,São Luís,CIDADE OPERARIA-ZONA URBANA,89,354,CENTRO EDUCA MAIS PAULO VI,TOTAL VOTOS NOMINAIS - VEREADOR,251,304,,-2.5747213,-44.206056,TSE - Votacao por secao 2024 MA e Eleitorado local votacao 2024
2024,1,Vereador,São Luís,VILA JANAINA-ZONA URBANA,89,355,UEB ROSENO DE JESUS MENDES,TOTAL VOTOS NOMINAIS - VEREADOR,305,387,,-2.5929408,-44.1900872,TSE - Votacao por secao 2024 MA e Eleitorado local votacao 2024
2024,1,Vereador,São Luís,VILA JANAINA-ZONA URBANA,89,356,UEB ROSENO DE JESUS MENDES,TOTAL VOTOS NOMINAIS - VEREADOR,311,380,,-2.5929408,-44.1900872,TSE - Votacao por secao 2024 MA e Eleitorado local votacao 2024
2024,1,Vereador,São Luís,SANTA BARBARA-ZONA URBANA,89,358,CE CRUZEIRO DE SANTA BARBARA,TOTAL VOTOS NOMINAIS - VEREADOR,260,320,,-2.5951197,-44.2124359,TSE - Votacao por secao 2024 MA e Eleitorado local votacao 2024
2024,1,Vereador,São Luís,CIDADE OPERARIA-ZONA URBANA,89,359,UEMA - UNIVERSIDADE ESTADUAL DO MARANHAO,TOTAL VOTOS NOMINAIS - VEREADOR,250,347,,-2.5747781,-44.2103547,TSE - Votacao por secao 2024 MA e Eleitorado local votacao 2024
2024,1,Vereador,São Luís,SANTA EFIGENIA-ZONA URBANA,89,360,UEB 1º DE MAIO,TOTAL VOTOS NOMINAIS - VEREADOR,309,382,,-2.5799726,-44.1890326,TSE - Votacao por secao 2024 MA e Eleitorado local votacao 2024
2024,1,Vereador,São Luís,SANTA CLARA-ZONA URBANA,89,361,UEB SANTA CLARA,TOTAL VOTOS NOMINAIS - VEREADOR,300,386,,-2.5983884,-44.1989189,TSE - Votacao por secao 2024 MA e Eleitorado local votacao 2024
2024,1,Vereador,São Luís,CIDADE OPERARIA-ZONA URBANA,89,362,CENTRO EDUCA MAIS PAULO VI,TOTAL VOTOS NOMINAIS - VEREADOR,228,302,,-2.5747213,-44.206056,TSE - Votacao por secao 2024 MA e Eleitorado local votacao 2024
2024,1,Vereador,São Luís,CIDADE OLIMPICA - ZONA URBANA,89,363,ESCOLA ALEGRIA DO SABER,TOTAL VOTOS NOMINAIS - VEREADOR,230,299,,-2.5864671,-44.1810071,TSE - Votacao por secao 2024 MA e Eleitorado local votacao 2024
2024,1,Vereador,São Luís,CIDADE OPERARIA-ZONA URBANA,89,364,UEB TANCREDO NEVES,TOTAL VOTOS NOMINAIS - VEREADOR,266,356,,-2.5672127,-44.1994661,TSE - Votacao por secao 2024 MA e Eleitorado local votacao 2024
2024,1,Vereador,São Luís,CIDADE OPERARIA-ZONA URBANA,89,365,CE MENINO JESUS DE PRAGA,TOTAL VOTOS NOMINAIS - VEREADOR,281,361,,-2.5771416,-44.2049367,TSE - Votacao por secao 2024 MA e Eleitorado local votacao 2024
2024,1,Vereador,São Luís,CIDADE OLIMPICA - ZONA URBANA,89,367,ESCOLA ALEGRIA DO SABER,TOTAL VOTOS NOMINAIS - VEREADOR,233,295,,-2.5864671,-44.1810071,TSE - Votacao por secao 2024 MA e Eleitorado local votacao 2024
2024,1,Vereador,São Luís,SANTA EFIGENIA-ZONA URBANA,89,368,UEB 1º DE MAIO,TOTAL VOTOS NOMINAIS - VEREADOR,305,375,,-2.5799726,-44.1890326,TSE - Votacao por secao 2024 MA e Eleitorado local votacao 2024
2024,1,Vereador,São Luís,CIDADE OPERARIA-ZONA URBANA,89,369,UEMA - UNIVERSIDADE ESTADUAL DO MARANHAO,TOTAL VOTOS NOMINAIS - VEREADOR,268,350,,-2.5747781,-44.2103547,TSE - Votacao por secao 2024 MA e Eleitorado local votacao 2024
2024,1,Vereador,São Luís,CIDADE OPERARIA-ZONA URBANA,89,370,CENTRO EDUCA MAIS PAULO VI,TOTAL VOTOS NOMINAIS - VEREADOR,254,304,,-2.5747213,-44.206056,TSE - Votacao por secao 2024 MA e Eleitorado local votacao 2024
2024,1,Vereador,São Luís,CIDADE OLIMPICA - ZONA URBANA,89,371,ESCOLA ALEGRIA DO SABER,TOTAL VOTOS NOMINAIS - VEREADOR,225,294,,-2.5864671,-44.1810071,TSE - Votacao por secao 2024 MA e Eleitorado local votacao 2024
2024,1,Vereador,São Luís,SANTA BARBARA-ZONA URBANA,89,372,CE CRUZEIRO DE SANTA BARBARA,TOTAL VOTOS NOMINAIS - VEREADOR,249,321,,-2.5951197,-44.2124359,TSE - Votacao por secao 2024 MA e Eleitorado local votacao 2024
2024,1,Vereador,São Luís,CIDADE OPERARIA-ZONA URBANA,89,373,CENTRO EDUCA MAIS PAULO VI,TOTAL VOTOS NOMINAIS - VEREADOR,241,307,,-2.5747213,-44.206056,TSE - Votacao por secao 2024 MA e Eleitorado local votacao 2024
2024,1,Vereador,São Luís,CIDADE OPERARIA-ZONA URBANA,89,375,UEMA - UNIVERSIDADE ESTADUAL DO MARANHAO,TOTAL VOTOS NOMINAIS - VEREADOR,254,349,,-2.5747781,-44.2103547,TSE - Votacao por secao 2024 MA e Eleitorado local votacao 2024
2024,1,Vereador,São Luís,CIDADE OLIMPICA - ZONA URBANA,89,376,ESCOLA ALEGRIA DO SABER,TOTAL VOTOS NOMINAIS - VEREADOR,253,294,,-2.5864671,-44.1810071,TSE - Votacao por secao 2024 MA e Eleitorado local votacao 2024
2024,1,Vereador,São Luís,CIDADE OPERARIA-ZONA URBANA,89,377,UEB TANCREDO NEVES,TOTAL VOTOS NOMINAIS - VEREADOR,269,352,,-2.5672127,-44.1994661,TSE - Votacao por secao 2024 MA e Eleitorado local votacao 2024
2024,1,Vereador,São Luís,SANTA EFIGENIA-ZONA URBANA,89,378,UEB 1º DE MAIO,TOTAL VOTOS NOMINAIS - VEREADOR,285,374,,-2.5799726,-44.1890326,TSE - Votacao por secao 2024 MA e Eleitorado local votacao 2024
2024,1,Vereador,São Luís,CIDADE OPERARIA-ZONA URBANA,89,379,CENTRO EDUCA MAIS PAULO VI,TOTAL VOTOS NOMINAIS - VEREADOR,245,301,,-2.5747213,-44.206056,TSE - Votacao por secao 2024 MA e Eleitorado local votacao 2024
2024,1,Vereador,São Luís,CIDADE OPERARIA-ZONA URBANA,89,380,CE SANTA TERESA,TOTAL VOTOS NOMINAIS - VEREADOR,272,357,,-2.5779766,-44.2051089,TSE - Votacao por secao 2024 MA e Eleitorado local votacao 2024
2024,1,Vereador,São Luís,CIDADE OLIMPICA - ZONA URBANA,89,382,ESCOLA ALEGRIA DO SABER,TOTAL VOTOS NOMINAIS - VEREADOR,233,295,,-2.5864671,-44.1810071,TSE - Votacao por secao 2024 MA e Eleitorado local votacao 2024
2024,1,Vereador,São Luís,CIDADE OPERARIA-ZONA URBANA,89,385,CE MENINO JESUS DE PRAGA,TOTAL VOTOS NOMINAIS - VEREADOR,287,365,,-2.5771416,-44.2049367,TSE - Votacao por secao 2024 MA e Eleitorado local votacao 2024
2024,1,Vereador,São Luís,SANTA BARBARA-ZONA URBANA,89,386,CE CRUZEIRO DE SANTA BARBARA,TOTAL VOTOS NOMINAIS - VEREADOR,233,316,,-2.5951197,-44.2124359,TSE - Votacao por secao 2024 MA e Eleitorado local votacao 2024
2024,1,Vereador,São Luís,CIDADE OPERARIA-ZONA URBANA,89,387,CENTRO EDUCA MAIS PAULO VI,TOTAL VOTOS NOMINAIS - VEREADOR,226,295,,-2.5747213,-44.206056,TSE - Votacao por secao 2024 MA e Eleitorado local votacao 2024
2024,1,Vereador,São Luís,VILA MAGRIL-ZONA RURAL,89,388,UEB GALILEU CLEMENTINO RAMOS SANTOS,TOTAL VOTOS NOMINAIS - VEREADOR,299,394,,-2.6026962,-44.2034778,TSE - Votacao por secao 2024 MA e Eleitorado local votacao 2024
2024,1,Vereador,São Luís,SANTA EFIGENIA-ZONA URBANA,89,389,UEB 1º DE MAIO,TOTAL VOTOS NOMINAIS - VEREADOR,281,377,,-2.5799726,-44.1890326,TSE - Votacao por secao 2024 MA e Eleitorado local votacao 2024
2024,1,Vereador,São Luís,CIDADE OLIMPICA - ZONA URBANA,89,390,ESCOLA ALEGRIA DO SABER,TOTAL VOTOS NOMINAIS - VEREADOR,215,290,,-2.5864671,-44.1810071,TSE - Votacao por secao 2024 MA e Eleitorado local votacao 2024
2024,1,Vereador,São Luís,CIDADE OPERARIA-ZONA URBANA,89,391,CENTRO EDUCA MAIS PAULO VI,TOTAL VOTOS NOMINAIS - VEREADOR,233,300,,-2.5747213,-44.206056,TSE - Votacao por secao 2024 MA e Eleitorado local votacao 2024
2024,1,Vereador,São Luís,CIDADE OPERARIA-ZONA URBANA,89,392,UEB TANCREDO NEVES,TOTAL VOTOS NOMINAIS - VEREADOR,241,329,,-2.5672127,-44.1994661,TSE - Votacao por secao 2024 MA e Eleitorado local votacao 2024
2024,1,Vereador,São Luís,TAJIPURU-ZONA RURAL,89,393,UEB HONORIO ODORICO FERREIRA,TOTAL VOTOS NOMINAIS - VEREADOR,335,321,,-2.6489595,-44.1788824,TSE - Votacao por secao 2024 MA e Eleitorado local votacao 2024
2024,1,Vereador,São Luís,CIDADE OPERARIA-ZONA URBANA,89,395,CENTRO EDUCA MAIS PAULO VI,TOTAL VOTOS NOMINAIS - VEREADOR,231,301,,-2.5747213,-44.206056,TSE - Votacao por secao 2024 MA e Eleitorado local votacao 2024
2024,1,Vereador,São Luís,CIDADE OPERARIA-ZONA URBANA,89,396,CENTRO EDUCA MAIS PAULO VI,TOTAL VOTOS NOMINAIS - VEREADOR,225,304,,-2.5747213,-44.206056,TSE - Votacao por secao 2024 MA e Eleitorado local votacao 2024
2024,1,Vereador,São Luís,CIDADE OLIMPICA - ZONA URBANA,89,397,ESCOLA ALEGRIA DO SABER,TOTAL VOTOS NOMINAIS - VEREADOR,217,298,,-2.5864671,-44.1810071,TSE - Votacao por secao 2024 MA e Eleitorado local votacao 2024
2024,1,Vereador,São Luís,TAJIPURU-ZONA RURAL,89,398,UEB PROTEÇÃO DE JESUS,TOTAL VOTOS NOMINAIS - VEREADOR,377,320,,-2.6720755,-44.1848648,TSE - Votacao por secao 2024 MA e Eleitorado local votacao 2024
2024,1,Vereador,São Luís,CIDADE OPERARIA-ZONA URBANA,89,399,CENTRO EDUCA MAIS PAULO VI,TOTAL VOTOS NOMINAIS - VEREADOR,226,305,,-2.5747213,-44.206056,TSE - Votacao por secao 2024 MA e Eleitorado local votacao 2024
2024,1,Vereador,São Luís,CIDADE OPERARIA-ZONA URBANA,89,401,CE MENINO JESUS DE PRAGA,TOTAL VOTOS NOMINAIS - VEREADOR,269,367,,-2.5771416,-44.2049367,TSE - Votacao por secao 2024 MA e Eleitorado local votacao 2024
2024,1,Vereador,São Luís,CIDADE OPERARIA-ZONA URBANA,89,402,UEB TANCREDO NEVES,TOTAL VOTOS NOMINAIS - VEREADOR,257,333,,-2.5672127,-44.1994661,TSE - Votacao por secao 2024 MA e Eleitorado local votacao 2024
2024,1,Vereador,São Luís,CIDADE OPERARIA-ZONA URBANA,89,403,CENTRO EDUCA MAIS PAULO VI,TOTAL VOTOS NOMINAIS - VEREADOR,274,367,,-2.5747213,-44.206056,TSE - Votacao por secao 2024 MA e Eleitorado local votacao 2024
2024,1,Vereador,São Luís,CIDADE OLIMPICA - ZONA URBANA,89,404,CE PADRE JOSÉ BRÁULIO,TOTAL VOTOS NOMINAIS - VEREADOR,285,374,,-2.6025614,-44.1832205,TSE - Votacao por secao 2024 MA e Eleitorado local votacao 2024
2024,1,Vereador,São Luís,CIDADE OLIMPICA - ZONA URBANA,89,405,CE PADRE JOSÉ BRÁULIO,TOTAL VOTOS NOMINAIS - VEREADOR,263,373,,-2.6025614,-44.1832205,TSE - Votacao por secao 2024 MA e Eleitorado local votacao 2024
2024,1,Vereador,São Luís,CIDADE OPERARIA-ZONA URBANA,89,406,CE MENINO JESUS DE PRAGA,TOTAL VOTOS NOMINAIS - VEREADOR,256,365,,-2.5771416,-44.2049367,TSE - Votacao por secao 2024 MA e Eleitorado local votacao 2024
2024,1,Vereador,São Luís,CIDADE OLIMPICA - ZONA URBANA,89,407,CE PADRE JOSÉ BRÁULIO,TOTAL VOTOS NOMINAIS - VEREADOR,266,370,,-2.6025614,-44.1832205,TSE - Votacao por secao 2024 MA e Eleitorado local votacao 2024
2024,1,Vereador,São Luís,SAO BERNARDO-ZONA URBANA,89,408,UEB ANA LUCIA CHAVES FECURY,TOTAL VOTOS NOMINAIS - VEREADOR,306,388,,-2.5614703,-44.218827,TSE - Votacao por secao 2024 MA e Eleitorado local votacao 2024
2024,1,Vereador,São Luís,SAO BERNARDO-ZONA URBANA,89,409,UEB ANA LUCIA CHAVES FECURY,TOTAL VOTOS NOMINAIS - VEREADOR,284,388,,-2.5614703,-44.218827,TSE - Votacao por secao 2024 MA e Eleitorado local votacao 2024
2024,1,Vereador,São Luís,SAO BERNARDO-ZONA URBANA,89,410,UEB ANA LUCIA CHAVES FECURY,TOTAL VOTOS NOMINAIS - VEREADOR,298,386,,-2.5614703,-44.218827,TSE - Votacao por secao 2024 MA e Eleitorado local votacao 2024
2024,1,Vereador,São Luís,SAO BERNARDO-ZONA URBANA,89,411,UEB ANA LUCIA CHAVES FECURY,TOTAL VOTOS NOMINAIS - VEREADOR,296,393,,-2.5614703,-44.218827,TSE - Votacao por secao 2024 MA e Eleitorado local votacao 2024
2024,1,Vereador,São Luís,SAO BERNARDO-ZONA URBANA,89,412,UEB ANA LUCIA CHAVES FECURY,TOTAL VOTOS NOMINAIS - VEREADOR,293,387,,-2.5614703,-44.218827,TSE - Votacao por secao 2024 MA e Eleitorado local votacao 2024
2024,1,Vereador,São Luís,SAO BERNARDO-ZONA URBANA,89,413,UEB ANA LUCIA CHAVES FECURY,TOTAL VOTOS NOMINAIS - VEREADOR,295,384,,-2.5614703,-44.218827,TSE - Votacao por secao 2024 MA e Eleitorado local votacao 2024
2024,1,Vereador,São Luís,JARDIM SAO CRISTOVAO-ZONA URBANA,89,415,INSTITUTO EDUCACIONAL TIA CELINA,TOTAL VOTOS NOMINAIS - VEREADOR,366,239,,-2.5702147,-44.2175505,TSE - Votacao por secao 2024 MA e Eleitorado local votacao 2024
2024,1,Vereador,São Luís,JARDIM SAO CRISTOVAO-ZONA URBANA,89,418,INSTITUTO EDUCACIONAL TIA CELINA,TOTAL VOTOS NOMINAIS - VEREADOR,369,235,,-2.5702147,-44.2175505,TSE - Votacao por secao 2024 MA e Eleitorado local votacao 2024
2024,1,Vereador,São Luís,JARDIM SAO CRISTOVAO-ZONA URBANA,89,420,INSTITUTO EDUCACIONAL TIA CELINA,TOTAL VOTOS NOMINAIS - VEREADOR,349,235,,-2.5702147,-44.2175505,TSE - Votacao por secao 2024 MA e Eleitorado local votacao 2024
2024,1,Vereador,São Luís,JARDIM SAO CRISTOVAO-ZONA URBANA,89,421,INSTITUTO EDUCACIONAL TIA CELINA,TOTAL VOTOS NOMINAIS - VEREADOR,343,236,,-2.5702147,-44.2175505,TSE - Votacao por secao 2024 MA e Eleitorado local votacao 2024
2024,1,Vereador,São Luís,SAO RAIMUNDO-ZONA URBANA,89,422,UEB SAO RAIMUNDO,TOTAL VOTOS NOMINAIS - VEREADOR,299,385,,-2.5968901,-44.2293012,TSE - Votacao por secao 2024 MA e Eleitorado local votacao 2024
2024,1,Vereador,São Luís,SAO RAIMUNDO-ZONA URBANA,89,423,UEB SAO RAIMUNDO,TOTAL VOTOS NOMINAIS - VEREADOR,313,383,,-2.5968901,-44.2293012,TSE - Votacao por secao 2024 MA e Eleitorado local votacao 2024
2024,1,Vereador,São Luís,SAO RAIMUNDO-ZONA URBANA,89,424,UEB SAO RAIMUNDO,TOTAL VOTOS NOMINAIS - VEREADOR,296,385,,-2.5968901,-44.2293012,TSE - Votacao por secao 2024 MA e Eleitorado local votacao 2024
2024,1,Vereador,São Luís,SAO RAIMUNDO-ZONA URBANA,89,425,UEB SAO RAIMUNDO,TOTAL VOTOS NOMINAIS - VEREADOR,300,386,,-2.5968901,-44.2293012,TSE - Votacao por secao 2024 MA e Eleitorado local votacao 2024
2024,1,Vereador,São Luís,SAO RAIMUNDO-ZONA URBANA,89,426,UEB SAO RAIMUNDO,TOTAL VOTOS NOMINAIS - VEREADOR,307,381,,-2.5968901,-44.2293012,TSE - Votacao por secao 2024 MA e Eleitorado local votacao 2024
2024,1,Vereador,São Luís,SAO RAIMUNDO-ZONA URBANA,89,427,UEB SAO RAIMUNDO,TOTAL VOTOS NOMINAIS - VEREADOR,301,381,,-2.5968901,-44.2293012,TSE - Votacao por secao 2024 MA e Eleitorado local votacao 2024
2024,1,Vereador,São Luís,SAO RAIMUNDO-ZONA URBANA,89,428,UEB SAO RAIMUNDO,TOTAL VOTOS NOMINAIS - VEREADOR,298,388,,-2.5968901,-44.2293012,TSE - Votacao por secao 2024 MA e Eleitorado local votacao 2024
2024,1,Vereador,São Luís,SAO RAIMUNDO-ZONA URBANA,89,429,UEB SAO RAIMUNDO,TOTAL VOTOS NOMINAIS - VEREADOR,306,381,,-2.5968901,-44.2293012,TSE - Votacao por secao 2024 MA e Eleitorado local votacao 2024
2024,1,Vereador,São Luís,SAO RAIMUNDO-ZONA URBANA,89,430,UEB SAO RAIMUNDO,TOTAL VOTOS NOMINAIS - VEREADOR,303,384,,-2.5968901,-44.2293012,TSE - Votacao por secao 2024 MA e Eleitorado local votacao 2024
2024,1,Vereador,São Luís,SAO RAIMUNDO-ZONA URBANA,89,431,UEB SAO RAIMUNDO,TOTAL VOTOS NOMINAIS - VEREADOR,301,382,,-2.5968901,-44.2293012,TSE - Votacao por secao 2024 MA e Eleitorado local votacao 2024
2024,1,Vereador,São Luís,SAO RAIMUNDO-ZONA URBANA,89,432,UEB SAO RAIMUNDO,TOTAL VOTOS NOMINAIS - VEREADOR,300,388,,-2.5968901,-44.2293012,TSE - Votacao por secao 2024 MA e Eleitorado local votacao 2024
2024,1,Vereador,São Luís,SAO RAIMUNDO-ZONA URBANA,89,433,UEB SARAIVA FILHO,TOTAL VOTOS NOMINAIS - VEREADOR,283,382,,-2.6077925,-44.2207903,TSE - Votacao por secao 2024 MA e Eleitorado local votacao 2024
2024,1,Vereador,São Luís,SAO RAIMUNDO-ZONA URBANA,89,434,UEB SARAIVA FILHO,TOTAL VOTOS NOMINAIS - VEREADOR,305,383,,-2.6077925,-44.2207903,TSE - Votacao por secao 2024 MA e Eleitorado local votacao 2024
2024,1,Vereador,São Luís,SAO RAIMUNDO-ZONA URBANA,89,435,UEB SARAIVA FILHO,TOTAL VOTOS NOMINAIS - VEREADOR,313,386,,-2.6077925,-44.2207903,TSE - Votacao por secao 2024 MA e Eleitorado local votacao 2024
2024,1,Vereador,São Luís,SAO RAIMUNDO-ZONA URBANA,89,436,UEB SARAIVA FILHO,TOTAL VOTOS NOMINAIS - VEREADOR,312,385,,-2.6077925,-44.2207903,TSE - Votacao por secao 2024 MA e Eleitorado local votacao 2024
2024,1,Vereador,São Luís,SAO RAIMUNDO-ZONA URBANA,89,437,UEB SARAIVA FILHO,TOTAL VOTOS NOMINAIS - VEREADOR,279,382,,-2.6077925,-44.2207903,TSE - Votacao por secao 2024 MA e Eleitorado local votacao 2024
2024,1,Vereador,São Luís,TIBIRI-ZONA RURAL,89,438,CE JUVENCIO MATOS,TOTAL VOTOS NOMINAIS - VEREADOR,293,356,,-2.6139233,-44.2478616,TSE - Votacao por secao 2024 MA e Eleitorado local votacao 2024
2024,1,Vereador,São Luís,TIBIRI-ZONA RURAL,89,439,CE JUVENCIO MATOS,TOTAL VOTOS NOMINAIS - VEREADOR,285,358,,-2.6139233,-44.2478616,TSE - Votacao por secao 2024 MA e Eleitorado local votacao 2024
2024,1,Vereador,São Luís,TIBIRI-ZONA RURAL,89,440,CE JUVENCIO MATOS,TOTAL VOTOS NOMINAIS - VEREADOR,300,358,,-2.6139233,-44.2478616,TSE - Votacao por secao 2024 MA e Eleitorado local votacao 2024
2024,1,Vereador,São Luís,TIBIRI-ZONA RURAL,89,441,CE JUVENCIO MATOS,TOTAL VOTOS NOMINAIS - VEREADOR,291,356,,-2.6139233,-44.2478616,TSE - Votacao por secao 2024 MA e Eleitorado local votacao 2024
2024,1,Vereador,São Luís,TIBIRI-ZONA RURAL,89,442,CE JUVENCIO MATOS,TOTAL VOTOS NOMINAIS - VEREADOR,273,356,,-2.6139233,-44.2478616,TSE - Votacao por secao 2024 MA e Eleitorado local votacao 2024
2024,1,Vereador,São Luís,TIBIRI-ZONA RURAL,89,443,CE JUVENCIO MATOS,TOTAL VOTOS NOMINAIS - VEREADOR,271,355,,-2.6139233,-44.2478616,TSE - Votacao por secao 2024 MA e Eleitorado local votacao 2024
2024,1,Vereador,São Luís,TIBIRI-ZONA RURAL,89,444,CE JUVENCIO MATOS,TOTAL VOTOS NOMINAIS - VEREADOR,281,353,,-2.6139233,-44.2478616,TSE - Votacao por secao 2024 MA e Eleitorado local votacao 2024
2024,1,Vereador,São Luís,TIBIRI-ZONA RURAL,89,445,CE JUVENCIO MATOS,TOTAL VOTOS NOMINAIS - VEREADOR,285,353,,-2.6139233,-44.2478616,TSE - Votacao por secao 2024 MA e Eleitorado local votacao 2024
2024,1,Vereador,São Luís,TIBIRI-ZONA RURAL,89,446,UEB SALOMAO FIQUENE,TOTAL VOTOS NOMINAIS - VEREADOR,248,309,,-2.6134283,-44.2413208,TSE - Votacao por secao 2024 MA e Eleitorado local votacao 2024
2024,1,Vereador,São Luís,TIBIRI-ZONA RURAL,89,447,UEB SALOMAO FIQUENE,TOTAL VOTOS NOMINAIS - VEREADOR,237,309,,-2.6134283,-44.2413208,TSE - Votacao por secao 2024 MA e Eleitorado local votacao 2024
2024,1,Vereador,São Luís,TIBIRI-ZONA RURAL,89,448,UEB SALOMAO FIQUENE,TOTAL VOTOS NOMINAIS - VEREADOR,250,310,,-2.6134283,-44.2413208,TSE - Votacao por secao 2024 MA e Eleitorado local votacao 2024
2024,1,Vereador,São Luís,TIBIRI-ZONA RURAL,89,449,UEB SALOMAO FIQUENE,TOTAL VOTOS NOMINAIS - VEREADOR,253,307,,-2.6134283,-44.2413208,TSE - Votacao por secao 2024 MA e Eleitorado local votacao 2024
2024,1,Vereador,São Luís,TIBIRI-ZONA RURAL,89,450,UEB SALOMAO FIQUENE,TOTAL VOTOS NOMINAIS - VEREADOR,247,307,,-2.6134283,-44.2413208,TSE - Votacao por secao 2024 MA e Eleitorado local votacao 2024
2024,1,Vereador,São Luís,VILA CASCAVEL-ZONA URBANA,89,451,UEB DOM JOSE DELGADO,TOTAL VOTOS NOMINAIS - VEREADOR,296,383,,-2.5968992,-44.2211239,TSE - Votacao por secao 2024 MA e Eleitorado local votacao 2024
2024,1,Vereador,São Luís,VILA CASCAVEL-ZONA URBANA,89,452,UEB DOM JOSE DELGADO,TOTAL VOTOS NOMINAIS - VEREADOR,305,385,,-2.5968992,-44.2211239,TSE - Votacao por secao 2024 MA e Eleitorado local votacao 2024
2024,1,Vereador,São Luís,VILA CASCAVEL-ZONA URBANA,89,453,UEB DOM JOSE DELGADO,TOTAL VOTOS NOMINAIS - VEREADOR,304,390,,-2.5968992,-44.2211239,TSE - Votacao por secao 2024 MA e Eleitorado local votacao 2024
2024,1,Vereador,São Luís,VILA CASCAVEL-ZONA URBANA,89,454,UEB DOM JOSE DELGADO,TOTAL VOTOS NOMINAIS - VEREADOR,288,377,,-2.5968992,-44.2211239,TSE - Votacao por secao 2024 MA e Eleitorado local votacao 2024
2024,1,Vereador,São Luís,VILA CASCAVEL-ZONA URBANA,89,455,UEB DOM JOSE DELGADO,TOTAL VOTOS NOMINAIS - VEREADOR,303,383,,-2.5968992,-44.2211239,TSE - Votacao por secao 2024 MA e Eleitorado local votacao 2024
2024,1,Vereador,São Luís,VILA CASCAVEL-ZONA URBANA,89,456,UEB DOM JOSE DELGADO,TOTAL VOTOS NOMINAIS - VEREADOR,285,378,,-2.5968992,-44.2211239,TSE - Votacao por secao 2024 MA e Eleitorado local votacao 2024
2024,1,Vereador,São Luís,VILA CASCAVEL-ZONA URBANA,89,457,UEB DOM JOSE DELGADO,TOTAL VOTOS NOMINAIS - VEREADOR,302,382,,-2.5968992,-44.2211239,TSE - Votacao por secao 2024 MA e Eleitorado local votacao 2024
2024,1,Vereador,São Luís,VILA CASCAVEL-ZONA URBANA,89,458,UEB DOM JOSE DELGADO,TOTAL VOTOS NOMINAIS - VEREADOR,309,382,,-2.5968992,-44.2211239,TSE - Votacao por secao 2024 MA e Eleitorado local votacao 2024
2024,1,Vereador,São Luís,VILA CASCAVEL-ZONA URBANA,89,459,UEB DOM JOSE DELGADO,TOTAL VOTOS NOMINAIS - VEREADOR,306,385,,-2.5968992,-44.2211239,TSE - Votacao por secao 2024 MA e Eleitorado local votacao 2024
2024,1,Vereador,São Luís,VILA CASCAVEL-ZONA URBANA,89,460,UEB DOM JOSE DELGADO,TOTAL VOTOS NOMINAIS - VEREADOR,301,383,,-2.5968992,-44.2211239,TSE - Votacao por secao 2024 MA e Eleitorado local votacao 2024
2024,1,Vereador,São Luís,VILA CASCAVEL-ZONA URBANA,89,461,UEB DOM JOSE DELGADO,TOTAL VOTOS NOMINAIS - VEREADOR,295,382,,-2.5968992,-44.2211239,TSE - Votacao por secao 2024 MA e Eleitorado local votacao 2024
2024,1,Vereador,São Luís,VILA CASCAVEL-ZONA URBANA,89,462,UEB DOM JOSE DELGADO,TOTAL VOTOS NOMINAIS - VEREADOR,289,377,,-2.5968992,-44.2211239,TSE - Votacao por secao 2024 MA e Eleitorado local votacao 2024
2024,1,Vereador,São Luís,SAO BERNARDO-ZONA URBANA,89,463,UEB PROF. JOSÉ SILVA DA ROSA,TOTAL VOTOS NOMINAIS - VEREADOR,284,364,,-2.5613268,-44.2214075,TSE - Votacao por secao 2024 MA e Eleitorado local votacao 2024
2024,1,Vereador,São Luís,SAO BERNARDO-ZONA URBANA,89,464,UEB PROF. JOSÉ SILVA DA ROSA,TOTAL VOTOS NOMINAIS - VEREADOR,274,360,,-2.5613268,-44.2214075,TSE - Votacao por secao 2024 MA e Eleitorado local votacao 2024
2024,1,Vereador,São Luís,SAO BERNARDO-ZONA URBANA,89,465,UEB PROF. JOSÉ SILVA DA ROSA,TOTAL VOTOS NOMINAIS - VEREADOR,283,360,,-2.5613268,-44.2214075,TSE - Votacao por secao 2024 MA e Eleitorado local votacao 2024
2024,1,Vereador,São Luís,SAO BERNARDO-ZONA URBANA,89,466,UEB PROF. JOSÉ SILVA DA ROSA,TOTAL VOTOS NOMINAIS - VEREADOR,280,357,,-2.5613268,-44.2214075,TSE - Votacao por secao 2024 MA e Eleitorado local votacao 2024
2024,1,Vereador,São Luís,SAO BERNARDO-ZONA URBANA,89,467,UEB PROF. JOSÉ SILVA DA ROSA,TOTAL VOTOS NOMINAIS - VEREADOR,267,350,,-2.5613268,-44.2214075,TSE - Votacao por secao 2024 MA e Eleitorado local votacao 2024
2024,1,Vereador,São Luís,SAO BERNARDO-ZONA URBANA,89,468,UEB PROF. JOSÉ SILVA DA ROSA,TOTAL VOTOS NOMINAIS - VEREADOR,263,358,,-2.5613268,-44.2214075,TSE - Votacao por secao 2024 MA e Eleitorado local votacao 2024
2024,1,Vereador,São Luís,SAO BERNARDO-ZONA URBANA,89,469,UEB PROF. JOSÉ SILVA DA ROSA,TOTAL VOTOS NOMINAIS - VEREADOR,261,365,,-2.5613268,-44.2214075,TSE - Votacao por secao 2024 MA e Eleitorado local votacao 2024
2024,1,Vereador,São Luís,TIBIRI-ZONA RURAL,89,470,UEB FRANCISCO DE ASSIS SOUSA,TOTAL VOTOS NOMINAIS - VEREADOR,293,354,,-2.6191372,-44.242502,TSE - Votacao por secao 2024 MA e Eleitorado local votacao 2024
2024,1,Vereador,São Luís,TIBIRI-ZONA RURAL,89,471,UEB FRANCISCO DE ASSIS SOUSA,TOTAL VOTOS NOMINAIS - VEREADOR,302,358,,-2.6191372,-44.242502,TSE - Votacao por secao 2024 MA e Eleitorado local votacao 2024
2024,1,Vereador,São Luís,TIBIRI-ZONA RURAL,89,472,UEB FRANCISCO DE ASSIS SOUSA,TOTAL VOTOS NOMINAIS - VEREADOR,282,361,,-2.6191372,-44.242502,TSE - Votacao por secao 2024 MA e Eleitorado local votacao 2024
2024,1,Vereador,São Luís,TIBIRI-ZONA RURAL,89,473,UEB FRANCISCO DE ASSIS SOUSA,TOTAL VOTOS NOMINAIS - VEREADOR,267,358,,-2.6191372,-44.242502,TSE - Votacao por secao 2024 MA e Eleitorado local votacao 2024
2024,1,Vereador,São Luís,SAO BERNARDO-ZONA URBANA,89,474,NOSSA SENHORA APARECIDA - ANEXO II (UEB ANA LÚCIA),TOTAL VOTOS NOMINAIS - VEREADOR,264,330,,,,TSE - Votacao por secao 2024 MA e Eleitorado local votacao 2024
2024,1,Vereador,São Luís,SAO BERNARDO-ZONA URBANA,89,475,NOSSA SENHORA APARECIDA - ANEXO II (UEB ANA LÚCIA),TOTAL VOTOS NOMINAIS - VEREADOR,258,324,,,,TSE - Votacao por secao 2024 MA e Eleitorado local votacao 2024
2024,1,Vereador,São Luís,SAO BERNARDO-ZONA URBANA,89,476,NOSSA SENHORA APARECIDA - ANEXO II (UEB ANA LÚCIA),TOTAL VOTOS NOMINAIS - VEREADOR,267,331,,,,TSE - Votacao por secao 2024 MA e Eleitorado local votacao 2024
2024,1,Vereador,São Luís,SAO BERNARDO-ZONA URBANA,89,477,NOSSA SENHORA APARECIDA - ANEXO II (UEB ANA LÚCIA),TOTAL VOTOS NOMINAIS - VEREADOR,256,333,,,,TSE - Votacao por secao 2024 MA e Eleitorado local votacao 2024
2024,1,Vereador,São Luís,SAO BERNARDO-ZONA URBANA,89,478,NOSSA SENHORA APARECIDA - ANEXO II (UEB ANA LÚCIA),TOTAL VOTOS NOMINAIS - VEREADOR,248,329,,,,TSE - Votacao por secao 2024 MA e Eleitorado local votacao 2024
2024,1,Vereador,São Luís,SAO BERNARDO-ZONA URBANA,89,479,NOSSA SENHORA APARECIDA - ANEXO II (UEB ANA LÚCIA),TOTAL VOTOS NOMINAIS - VEREADOR,245,326,,,,TSE - Votacao por secao 2024 MA e Eleitorado local votacao 2024
2024,1,Vereador,São Luís,CIDADE OPERARIA-ZONA URBANA,89,480,CE MENINO JESUS DE PRAGA,TOTAL VOTOS NOMINAIS - VEREADOR,246,364,,-2.5771416,-44.2049367,TSE - Votacao por secao 2024 MA e Eleitorado local votacao 2024
2024,1,Vereador,São Luís,CIDADE OPERARIA-ZONA URBANA,89,481,UEB TANCREDO NEVES,TOTAL VOTOS NOMINAIS - VEREADOR,229,351,,-2.5672127,-44.1994661,TSE - Votacao por secao 2024 MA e Eleitorado local votacao 2024
2024,1,Vereador,São Luís,CIDADE OPERARIA-ZONA URBANA,89,482,CE SANTA TERESA,TOTAL VOTOS NOMINAIS - VEREADOR,283,367,,-2.5779766,-44.2051089,TSE - Votacao por secao 2024 MA e Eleitorado local votacao 2024
2024,1,Vereador,São Luís,CIDADE OLIMPICA - ZONA URBANA,89,483,CE PADRE JOSÉ BRÁULIO,TOTAL VOTOS NOMINAIS - VEREADOR,281,365,,-2.6025614,-44.1832205,TSE - Votacao por secao 2024 MA e Eleitorado local votacao 2024
2024,1,Vereador,São Luís,CIDADE OPERARIA-ZONA URBANA,89,484,CE MENINO JESUS DE PRAGA,TOTAL VOTOS NOMINAIS - VEREADOR,264,366,,-2.5771416,-44.2049367,TSE - Votacao por secao 2024 MA e Eleitorado local votacao 2024
2024,1,Vereador,São Luís,SAO RAIMUNDO-ZONA URBANA,89,485,UEB SAO RAIMUNDO,TOTAL VOTOS NOMINAIS - VEREADOR,297,381,,-2.5968901,-44.2293012,TSE - Votacao por secao 2024 MA e Eleitorado local votacao 2024
2024,1,Vereador,São Luís,CIDADE OLIMPICA - ZONA URBANA,89,486,CE PADRE JOSÉ BRÁULIO,TOTAL VOTOS NOMINAIS - VEREADOR,281,374,,-2.6025614,-44.1832205,TSE - Votacao por secao 2024 MA e Eleitorado local votacao 2024
2024,1,Vereador,São Luís,SAO BERNARDO-ZONA URBANA,89,487,UEB PROF. JOSÉ SILVA DA ROSA,TOTAL VOTOS NOMINAIS - VEREADOR,269,361,,-2.5613268,-44.2214075,TSE - Votacao por secao 2024 MA e Eleitorado local votacao 2024
2024,1,Vereador,São Luís,CIDADE OPERARIA-ZONA URBANA,89,488,CE MENINO JESUS DE PRAGA,TOTAL VOTOS NOMINAIS - VEREADOR,265,363,,-2.5771416,-44.2049367,TSE - Votacao por secao 2024 MA e Eleitorado local votacao 2024
2024,1,Vereador,São Luís,CIDADE OLIMPICA - ZONA URBANA,89,489,CE PADRE JOSÉ BRÁULIO,TOTAL VOTOS NOMINAIS - VEREADOR,295,366,,-2.6025614,-44.1832205,TSE - Votacao por secao 2024 MA e Eleitorado local votacao 2024
2024,1,Vereador,São Luís,SANTA EFIGENIA-ZONA URBANA,89,490,UEB 1º DE MAIO,TOTAL VOTOS NOMINAIS - VEREADOR,303,375,,-2.5799726,-44.1890326,TSE - Votacao por secao 2024 MA e Eleitorado local votacao 2024
2024,1,Vereador,São Luís,CIDADE OPERARIA-ZONA URBANA,89,491,UEB TANCREDO NEVES,TOTAL VOTOS NOMINAIS - VEREADOR,239,341,,-2.5672127,-44.1994661,TSE - Votacao por secao 2024 MA e Eleitorado local votacao 2024
2024,1,Vereador,São Luís,JARDIM AMERICA-ZONA URBANA,89,492,CEI BARJONAS LOBÃO,TOTAL VOTOS NOMINAIS - VEREADOR,256,353,,-2.586801,-44.2004464,TSE - Votacao por secao 2024 MA e Eleitorado local votacao 2024
2024,1,Vereador,São Luís,SAO RAIMUNDO-ZONA URBANA,89,493,UEB SAO RAIMUNDO,TOTAL VOTOS NOMINAIS - VEREADOR,288,383,,-2.5968901,-44.2293012,TSE - Votacao por secao 2024 MA e Eleitorado local votacao 2024
2024,1,Vereador,São Luís,CIDADE OLIMPICA - ZONA URBANA,89,494,CE PADRE JOSÉ BRÁULIO,TOTAL VOTOS NOMINAIS - VEREADOR,260,375,,-2.6025614,-44.1832205,TSE - Votacao por secao 2024 MA e Eleitorado local votacao 2024
2024,1,Vereador,São Luís,CIDADE OPERARIA-ZONA URBANA,89,495,CE MENINO JESUS DE PRAGA,TOTAL VOTOS NOMINAIS - VEREADOR,271,365,,-2.5771416,-44.2049367,TSE - Votacao por secao 2024 MA e Eleitorado local votacao 2024
2024,1,Vereador,São Luís,CIDADE OPERARIA-ZONA URBANA,89,496,CE SANTA TERESA,TOTAL VOTOS NOMINAIS - VEREADOR,269,339,,-2.5779766,-44.2051089,TSE - Votacao por secao 2024 MA e Eleitorado local votacao 2024
2024,1,Vereador,São Luís,VILA MAGRIL-ZONA RURAL,89,497,UEB GALILEU CLEMENTINO RAMOS SANTOS,TOTAL VOTOS NOMINAIS - VEREADOR,296,391,,-2.6026962,-44.2034778,TSE - Votacao por secao 2024 MA e Eleitorado local votacao 2024
2024,1,Vereador,São Luís,CIDADE OLIMPICA - ZONA URBANA,89,498,CE PADRE JOSÉ BRÁULIO,TOTAL VOTOS NOMINAIS - VEREADOR,252,372,,-2.6025614,-44.1832205,TSE - Votacao por secao 2024 MA e Eleitorado local votacao 2024
2024,1,Vereador,São Luís,JARDIM AMERICA-ZONA URBANA,89,499,CEI BARJONAS LOBÃO,TOTAL VOTOS NOMINAIS - VEREADOR,251,349,,-2.586801,-44.2004464,TSE - Votacao por secao 2024 MA e Eleitorado local votacao 2024
2024,1,Vereador,São Luís,CIDADE OPERARIA-ZONA URBANA,89,500,CE MENINO JESUS DE PRAGA,TOTAL VOTOS NOMINAIS - VEREADOR,265,364,,-2.5771416,-44.2049367,TSE - Votacao por secao 2024 MA e Eleitorado local votacao 2024
2024,1,Vereador,São Luís,CIDADE OLIMPICA - ZONA URBANA,89,501,CE PADRE JOSÉ BRÁULIO,TOTAL VOTOS NOMINAIS - VEREADOR,283,376,,-2.6025614,-44.1832205,TSE - Votacao por secao 2024 MA e Eleitorado local votacao 2024
2024,1,Vereador,São Luís,SAO RAIMUNDO-ZONA URBANA,89,502,UEB SAO RAIMUNDO,TOTAL VOTOS NOMINAIS - VEREADOR,286,380,,-2.5968901,-44.2293012,TSE - Votacao por secao 2024 MA e Eleitorado local votacao 2024
2024,1,Vereador,São Luís,CIDADE OLIMPICA - ZONA URBANA,89,503,CE PADRE JOSÉ BRÁULIO,TOTAL VOTOS NOMINAIS - VEREADOR,300,375,,-2.6025614,-44.1832205,TSE - Votacao por secao 2024 MA e Eleitorado local votacao 2024
2024,1,Vereador,São Luís,SAO BERNARDO-ZONA URBANA,89,504,UEB PROF. JOSÉ SILVA DA ROSA,TOTAL VOTOS NOMINAIS - VEREADOR,261,357,,-2.5613268,-44.2214075,TSE - Votacao por secao 2024 MA e Eleitorado local votacao 2024
2024,1,Vereador,São Luís,JARDIM AMERICA-ZONA URBANA,89,505,CEI BARJONAS LOBÃO,TOTAL VOTOS NOMINAIS - VEREADOR,253,358,,-2.586801,-44.2004464,TSE - Votacao por secao 2024 MA e Eleitorado local votacao 2024
2024,1,Vereador,São Luís,CIDADE OPERARIA-ZONA URBANA,89,506,UEB TANCREDO NEVES,TOTAL VOTOS NOMINAIS - VEREADOR,267,348,,-2.5672127,-44.1994661,TSE - Votacao por secao 2024 MA e Eleitorado local votacao 2024
2024,1,Vereador,São Luís,SANTA BARBARA-ZONA URBANA,89,507,CE SANTA BARBARA,TOTAL VOTOS NOMINAIS - VEREADOR,288,344,,-2.6133246,-44.2165163,TSE - Votacao por secao 2024 MA e Eleitorado local votacao 2024
2024,1,Vereador,São Luís,CIDADE OPERARIA-ZONA URBANA,89,508,CE SANTA TERESA,TOTAL VOTOS NOMINAIS - VEREADOR,235,280,,-2.5779766,-44.2051089,TSE - Votacao por secao 2024 MA e Eleitorado local votacao 2024
2024,1,Vereador,São Luís,VILA MAGRIL-ZONA RURAL,89,509,UEB GALILEU CLEMENTINO RAMOS SANTOS,TOTAL VOTOS NOMINAIS - VEREADOR,305,395,,-2.6026962,-44.2034778,TSE - Votacao por secao 2024 MA e Eleitorado local votacao 2024
2024,1,Vereador,São Luís,SAO BERNARDO-ZONA URBANA,89,510,UEB PROF. JOSÉ SILVA DA ROSA,TOTAL VOTOS NOMINAIS - VEREADOR,284,353,,-2.5613268,-44.2214075,TSE - Votacao por secao 2024 MA e Eleitorado local votacao 2024
2024,1,Vereador,São Luís,CIDADE OPERARIA-ZONA URBANA,89,511,UEB TANCREDO NEVES,TOTAL VOTOS NOMINAIS - VEREADOR,249,310,,-2.5672127,-44.1994661,TSE - Votacao por secao 2024 MA e Eleitorado local votacao 2024
2024,1,Vereador,São Luís,VILA CASCAVEL-ZONA URBANA,89,512,UEB DOM JOSE DELGADO,TOTAL VOTOS NOMINAIS - VEREADOR,292,383,,-2.5968992,-44.2211239,TSE - Votacao por secao 2024 MA e Eleitorado local votacao 2024
2024,1,Vereador,São Luís,CIDADE OLIMPICA - ZONA URBANA,89,516,ESCOLA COMUNITÁRIA NOSSA SENHORA DA CONCEIÇÃO,TOTAL VOTOS NOMINAIS - VEREADOR,359,399,,,,TSE - Votacao por secao 2024 MA e Eleitorado local votacao 2024
2024,1,Vereador,São Luís,CIDADE OLIMPICA - ZONA URBANA,89,520,ESCOLA COMUNITÁRIA NOSSA SENHORA DA CONCEIÇÃO,TOTAL VOTOS NOMINAIS - VEREADOR,287,325,,,,TSE - Votacao por secao 2024 MA e Eleitorado local votacao 2024
